This file contains any messages produced by compilers while
running configure, to aid debugging if configure makes a mistake.

It was created by compat_mlnx configure 2.3, which was
generated by GNU Autoconf 2.69.  Invocation command line was

  $ ./configure --with-linux-obj=/lib/modules/5.4.0-86-generic/build --with-linux=/lib/modules/5.4.0-86-generic/build --with-njobs=32

## --------- ##
## Platform. ##
## --------- ##

hostname = lingbo11-PR2715B
uname -m = x86_64
uname -r = 5.4.0-86-generic
uname -s = Linux
uname -v = #97-Ubuntu SMP Fri Sep 17 19:19:40 UTC 2021

/usr/bin/uname -p = x86_64
/bin/uname -X     = unknown

/bin/arch              = x86_64
/usr/bin/arch -k       = unknown
/usr/convex/getsysinfo = unknown
/usr/bin/hostinfo      = unknown
/bin/machine           = unknown
/usr/bin/oslevel       = unknown
/bin/universe          = unknown

PATH: /usr/local/sbin
PATH: /usr/local/bin
PATH: /usr/sbin
PATH: /usr/bin
PATH: /sbin
PATH: /bin
PATH: /snap/bin


## ----------- ##
## Core tests. ##
## ----------- ##

configure:2237: checking build system type
configure:2251: result: x86_64-pc-linux-gnu
configure:2271: checking host system type
configure:2284: result: x86_64-pc-linux-gnu
configure:2304: checking target system type
configure:2317: result: x86_64-pc-linux-gnu
configure:2361: checking for a BSD-compatible install
configure:2429: result: /usr/bin/install -c
configure:2440: checking whether build environment is sane
configure:2495: result: yes
configure:2644: checking for a thread-safe mkdir -p
configure:2683: result: /usr/bin/mkdir -p
configure:2690: checking for gawk
configure:2720: result: no
configure:2690: checking for mawk
configure:2706: found /usr/bin/mawk
configure:2717: result: mawk
configure:2728: checking whether make sets $(MAKE)
configure:2750: result: yes
configure:2779: checking whether make supports nested variables
configure:2796: result: yes
configure:2973: checking for gcc
configure:2989: found /usr/bin/gcc
configure:3000: result: gcc
configure:3229: checking for C compiler version
configure:3238: gcc --version >&5
gcc (Ubuntu 9.4.0-1ubuntu1~20.04.2) 9.4.0
Copyright (C) 2019 Free Software Foundation, Inc.
This is free software; see the source for copying conditions.  There is NO
warranty; not even for MERCHANTABILITY or FITNESS FOR A PARTICULAR PURPOSE.

configure:3249: $? = 0
configure:3238: gcc -v >&5
Using built-in specs.
COLLECT_GCC=gcc
COLLECT_LTO_WRAPPER=/usr/lib/gcc/x86_64-linux-gnu/9/lto-wrapper
OFFLOAD_TARGET_NAMES=nvptx-none:hsa
OFFLOAD_TARGET_DEFAULT=1
Target: x86_64-linux-gnu
Configured with: ../src/configure -v --with-pkgversion='Ubuntu 9.4.0-1ubuntu1~20.04.2' --with-bugurl=file:///usr/share/doc/gcc-9/README.Bugs --enable-languages=c,ada,c++,go,brig,d,fortran,objc,obj-c++,gm2 --prefix=/usr --with-gcc-major-version-only --program-suffix=-9 --program-prefix=x86_64-linux-gnu- --enable-shared --enable-linker-build-id --libexecdir=/usr/lib --without-included-gettext --enable-threads=posix --libdir=/usr/lib --enable-nls --enable-clocale=gnu --enable-libstdcxx-debug --enable-libstdcxx-time=yes --with-default-libstdcxx-abi=new --enable-gnu-unique-object --disable-vtable-verify --enable-plugin --enable-default-pie --with-system-zlib --with-target-system-zlib=auto --enable-objc-gc=auto --enable-multiarch --disable-werror --with-arch-32=i686 --with-abi=m64 --with-multilib-list=m32,m64,mx32 --enable-multilib --with-tune=generic --enable-offload-targets=nvptx-none=/build/gcc-9-9QDOt0/gcc-9-9.4.0/debian/tmp-nvptx/usr,hsa --without-cuda-driver --enable-checking=release --build=x86_64-linux-gnu --host=x86_64-linux-gnu --target=x86_64-linux-gnu
Thread model: posix
gcc version 9.4.0 (Ubuntu 9.4.0-1ubuntu1~20.04.2) 
configure:3249: $? = 0
configure:3238: gcc -V >&5
gcc: error: unrecognized command line option '-V'
gcc: fatal error: no input files
compilation terminated.
configure:3249: $? = 1
configure:3238: gcc -qversion >&5
gcc: error: unrecognized command line option '-qversion'; did you mean '--version'?
gcc: fatal error: no input files
compilation terminated.
configure:3249: $? = 1
configure:3269: checking whether the C compiler works
configure:3291: gcc    conftest.c  >&5
configure:3295: $? = 0
configure:3343: result: yes
configure:3346: checking for C compiler default output file name
configure:3348: result: a.out
configure:3354: checking for suffix of executables
configure:3361: gcc -o conftest    conftest.c  >&5
configure:3365: $? = 0
configure:3387: result: 
configure:3409: checking whether we are cross compiling
configure:3417: gcc -o conftest    conftest.c  >&5
configure:3421: $? = 0
configure:3428: ./conftest
configure:3432: $? = 0
configure:3420: result: no
configure:3425: checking for suffix of object files
configure:3447: gcc -c   conftest.c >&5
configure:3451: $? = 0
configure:3472: result: o
configure:3476: checking whether we are using the GNU C compiler
configure:3495: gcc -c   conftest.c >&5
configure:3495: $? = 0
configure:3504: result: yes
configure:3513: checking whether gcc accepts -g
configure:3533: gcc -c -g  conftest.c >&5
configure:3533: $? = 0
configure:3574: result: yes
configure:3591: checking for gcc option to accept ISO C89
configure:3654: gcc  -c -g -O2  conftest.c >&5
configure:3654: $? = 0
configure:3667: result: none needed
configure:3692: checking whether gcc understands -c and -o together
configure:3714: gcc -c conftest.c -o conftest2.o
configure:3717: $? = 0
configure:3714: gcc -c conftest.c -o conftest2.o
configure:3717: $? = 0
configure:3729: result: yes
configure:3757: checking for style of include used by make
configure:3785: result: GNU
configure:3811: checking dependency style of gcc
configure:3922: result: none
configure:3947: checking dependency style of gcc
configure:4056: result: none
configure:4121: checking for ar
configure:4137: found /usr/bin/ar
configure:4148: result: ar
configure:4179: checking how to run the C preprocessor
configure:4210: gcc -E  conftest.c
configure:4210: $? = 0
configure:4224: gcc -E  conftest.c
conftest.c:11:10: fatal error: ac_nonexistent.h: No such file or directory
   11 | #include <ac_nonexistent.h>
      |          ^~~~~~~~~~~~~~~~~~
compilation terminated.
configure:4224: $? = 1
configure: failed program was:
| /* confdefs.h */
| #define PACKAGE_NAME "compat_mlnx"
| #define PACKAGE_TARNAME "compat_mlnx"
| #define PACKAGE_VERSION "2.3"
| #define PACKAGE_STRING "compat_mlnx 2.3"
| #define PACKAGE_BUGREPORT "http://support.mellanox.com/SupportWeb/service_center/SelfService"
| #define PACKAGE_URL ""
| #define PACKAGE "compat_mlnx"
| #define VERSION "2.3"
| /* end confdefs.h.  */
| #include <ac_nonexistent.h>
configure:4249: result: gcc -E
configure:4269: gcc -E  conftest.c
configure:4269: $? = 0
configure:4283: gcc -E  conftest.c
conftest.c:11:10: fatal error: ac_nonexistent.h: No such file or directory
   11 | #include <ac_nonexistent.h>
      |          ^~~~~~~~~~~~~~~~~~
compilation terminated.
configure:4283: $? = 1
configure: failed program was:
| /* confdefs.h */
| #define PACKAGE_NAME "compat_mlnx"
| #define PACKAGE_TARNAME "compat_mlnx"
| #define PACKAGE_VERSION "2.3"
| #define PACKAGE_STRING "compat_mlnx 2.3"
| #define PACKAGE_BUGREPORT "http://support.mellanox.com/SupportWeb/service_center/SelfService"
| #define PACKAGE_URL ""
| #define PACKAGE "compat_mlnx"
| #define VERSION "2.3"
| /* end confdefs.h.  */
| #include <ac_nonexistent.h>
configure:4312: checking for grep that handles long lines and -e
configure:4370: result: /usr/bin/grep
configure:4375: checking for egrep
configure:4437: result: /usr/bin/grep -E
configure:4442: checking for ANSI C header files
configure:4462: gcc -c -g -O2  conftest.c >&5
configure:4462: $? = 0
configure:4535: gcc -o conftest -g -O2   conftest.c  >&5
configure:4535: $? = 0
configure:4535: ./conftest
configure:4535: $? = 0
configure:4546: result: yes
configure:4559: checking for sys/types.h
configure:4559: gcc -c -g -O2  conftest.c >&5
configure:4559: $? = 0
configure:4559: result: yes
configure:4559: checking for sys/stat.h
configure:4559: gcc -c -g -O2  conftest.c >&5
configure:4559: $? = 0
configure:4559: result: yes
configure:4559: checking for stdlib.h
configure:4559: gcc -c -g -O2  conftest.c >&5
configure:4559: $? = 0
configure:4559: result: yes
configure:4559: checking for string.h
configure:4559: gcc -c -g -O2  conftest.c >&5
configure:4559: $? = 0
configure:4559: result: yes
configure:4559: checking for memory.h
configure:4559: gcc -c -g -O2  conftest.c >&5
configure:4559: $? = 0
configure:4559: result: yes
configure:4559: checking for strings.h
configure:4559: gcc -c -g -O2  conftest.c >&5
configure:4559: $? = 0
configure:4559: result: yes
configure:4559: checking for inttypes.h
configure:4559: gcc -c -g -O2  conftest.c >&5
configure:4559: $? = 0
configure:4559: result: yes
configure:4559: checking for stdint.h
configure:4559: gcc -c -g -O2  conftest.c >&5
configure:4559: $? = 0
configure:4559: result: yes
configure:4559: checking for unistd.h
configure:4559: gcc -c -g -O2  conftest.c >&5
configure:4559: $? = 0
configure:4559: result: yes
configure:4614: checking for ranlib
configure:4630: found /usr/bin/ranlib
configure:4641: result: ranlib
configure:4706: checking for ld
configure:4722: found /usr/bin/ld
configure:4733: result: ld
configure:4798: checking for objdump
configure:4814: found /usr/bin/objdump
configure:4825: result: objdump
configure:4890: checking for strip
configure:4906: found /usr/bin/strip
configure:4917: result: strip
configure:4945: checking size of unsigned long long
configure:4950: gcc -o conftest -g -O2   conftest.c  >&5
configure:4950: $? = 0
configure:4950: ./conftest
configure:4950: $? = 0
configure:4964: result: 8
configure:5022: checking for Linux sources
configure:5055: result: /usr/src/linux-headers-5.4.0-86-generic
configure:5061: checking for /usr/src/linux-headers-5.4.0-86-generic
configure:5073: result: yes
configure:5082: checking for Linux objects dir
configure:5115: result: /usr/src/linux-headers-5.4.0-86-generic
configure:5152: checking for /boot/kernel.h
configure:5163: result: no
configure:5168: checking for /var/adm/running-kernel.h
configure:5179: result: no
configure:5217: checking for /usr/src/linux-headers-5.4.0-86-generic/include/config/auto.conf
configure:5229: result: yes
configure:5241: checking for /usr/src/linux-headers-5.4.0-86-generic/include/linux/kconfig.h
configure:5253: result: yes
configure:5310: checking for build ARCH
configure:5327: result: ARCH=, SRCARCH=x86
configure:5330: checking for cross compilation
configure:5353: result: no
configure:5367: checking if Linux was built with CONFIG_XEN
configure:5391: cp conftest.c build && env CROSS_COMPILE= make -d modules LD=ld CC=gcc -f /home/lingbo11/zxm/rdma-kerndriver/compat/build/Makefile MLNX_LINUX_CONFIG=/usr/src/linux-headers-5.4.0-86-generic/include/config/auto.conf LINUXINCLUDE=-include generated/autoconf.h -I/usr/src/linux-headers-5.4.0-86-generic/arch/x86/include -Iarch/x86/include/generated -Iinclude -I/usr/src/linux-headers-5.4.0-86-generic/arch/x86/include/uapi -Iarch/x86/include/generated/uapi -I/usr/src/linux-headers-5.4.0-86-generic/include -I/usr/src/linux-headers-5.4.0-86-generic/include/uapi -Iinclude/generated/uapi -I/usr/src/linux-headers-5.4.0-86-generic/arch/x86/include -Iarch/x86/include/generated -I/usr/src/linux-headers-5.4.0-86-generic/arch/x86/include -I/usr/src/linux-headers-5.4.0-86-generic/arch/x86/include/generated -I/usr/src/linux-headers-5.4.0-86-generic/include -I/usr/src/linux-headers-5.4.0-86-generic/include -I/usr/src/linux-headers-5.4.0-86-generic/include2 -include /usr/src/linux-headers-5.4.0-86-generic/include/linux/kconfig.h -o tmp_include_depends -o scripts -o include/config/MARKER -C /usr/src/linux-headers-5.4.0-86-generic EXTRA_CFLAGS=-Werror-implicit-function-declaration -Wno-unused-variable -Wno-uninitialized  CROSS_COMPILE= M=/home/lingbo11/zxm/rdma-kerndriver/compat/build >/dev/null 2>build/output.log; [ 0 -ne 0 ] && cat build/output.log 1>&2 && false || config/warning_filter.sh build/output.log
WARNING: modpost: missing MODULE_LICENSE() in /home/lingbo11/zxm/rdma-kerndriver/compat/build/conftest.o
see include/linux/module.h for more information
configure:5394: $? = 0
configure:5396: test -s build/conftest.o
configure:5399: $? = 0
configure:5402: result: yes
configure:5419: checking get value of CONFIG_XEN_INTERFACE_VERSION
configure:5427: result: XEN_INTERFACE_VERSION in not defined in autoconf.h
configure:5435: checking that modules can be built at all
configure:5453: cp conftest.c build && env CROSS_COMPILE= make -d modules LD=ld CC=gcc -f /home/lingbo11/zxm/rdma-kerndriver/compat/build/Makefile MLNX_LINUX_CONFIG=/usr/src/linux-headers-5.4.0-86-generic/include/config/auto.conf LINUXINCLUDE=-include generated/autoconf.h -I/usr/src/linux-headers-5.4.0-86-generic/arch/x86/include/mach-xen -D__XEN_INTERFACE_VERSION__= -I/usr/src/linux-headers-5.4.0-86-generic/arch/x86/include -Iarch/x86/include/generated -Iinclude -I/usr/src/linux-headers-5.4.0-86-generic/arch/x86/include/uapi -Iarch/x86/include/generated/uapi -I/usr/src/linux-headers-5.4.0-86-generic/include -I/usr/src/linux-headers-5.4.0-86-generic/include/uapi -Iinclude/generated/uapi -I/usr/src/linux-headers-5.4.0-86-generic/arch/x86/include -Iarch/x86/include/generated -I/usr/src/linux-headers-5.4.0-86-generic/arch/x86/include -I/usr/src/linux-headers-5.4.0-86-generic/arch/x86/include/generated -I/usr/src/linux-headers-5.4.0-86-generic/include -I/usr/src/linux-headers-5.4.0-86-generic/include -I/usr/src/linux-headers-5.4.0-86-generic/include2 -include /usr/src/linux-headers-5.4.0-86-generic/include/linux/kconfig.h -o tmp_include_depends -o scripts -o include/config/MARKER -C /usr/src/linux-headers-5.4.0-86-generic EXTRA_CFLAGS=-Werror-implicit-function-declaration -Wno-unused-variable -Wno-uninitialized  CROSS_COMPILE= M=/home/lingbo11/zxm/rdma-kerndriver/compat/build >/dev/null 2>build/output.log; [ 0 -ne 0 ] && cat build/output.log 1>&2 && false || config/warning_filter.sh build/output.log
WARNING: modpost: missing MODULE_LICENSE() in /home/lingbo11/zxm/rdma-kerndriver/compat/build/conftest.o
see include/linux/module.h for more information
configure:5456: $? = 0
configure:5458: test -s build/conftest.o
configure:5461: $? = 0
configure:5464: result: yes
configure:5497: result: 5.4.133
configure:5511: checking for MLNX release
configure:5525: result: 5.4.133_
configure:5530: checking that RedHat kernel
configure:5554: cp conftest.c build && env CROSS_COMPILE= make -d modules LD=ld CC=gcc -f /home/lingbo11/zxm/rdma-kerndriver/compat/build/Makefile MLNX_LINUX_CONFIG=/usr/src/linux-headers-5.4.0-86-generic/include/config/auto.conf LINUXINCLUDE=-include generated/autoconf.h -I/usr/src/linux-headers-5.4.0-86-generic/arch/x86/include/mach-xen -D__XEN_INTERFACE_VERSION__= -I/usr/src/linux-headers-5.4.0-86-generic/arch/x86/include -Iarch/x86/include/generated -Iinclude -I/usr/src/linux-headers-5.4.0-86-generic/arch/x86/include/uapi -Iarch/x86/include/generated/uapi -I/usr/src/linux-headers-5.4.0-86-generic/include -I/usr/src/linux-headers-5.4.0-86-generic/include/uapi -Iinclude/generated/uapi -I/usr/src/linux-headers-5.4.0-86-generic/arch/x86/include -Iarch/x86/include/generated -I/usr/src/linux-headers-5.4.0-86-generic/arch/x86/include -I/usr/src/linux-headers-5.4.0-86-generic/arch/x86/include/generated -I/usr/src/linux-headers-5.4.0-86-generic/include -I/usr/src/linux-headers-5.4.0-86-generic/include -I/usr/src/linux-headers-5.4.0-86-generic/include2 -include /usr/src/linux-headers-5.4.0-86-generic/include/linux/kconfig.h -o tmp_include_depends -o scripts -o include/config/MARKER -C /usr/src/linux-headers-5.4.0-86-generic EXTRA_CFLAGS=-Werror-implicit-function-declaration -Wno-unused-variable -Wno-uninitialized  CROSS_COMPILE= M=/home/lingbo11/zxm/rdma-kerndriver/compat/build >/dev/null 2>build/output.log; [ 0 -ne 0 ] && cat build/output.log 1>&2 && false || config/warning_filter.sh build/output.log
/home/lingbo11/zxm/rdma-kerndriver/compat/build/conftest.c: In function ‘main’:
/home/lingbo11/zxm/rdma-kerndriver/compat/build/conftest.c:32:4: error: #error "not redhat kernel"
   32 |   #error "not redhat kernel"
      |    ^~~~~
make[1]: *** [scripts/Makefile.build:270: /home/lingbo11/zxm/rdma-kerndriver/compat/build/conftest.o] Error 1
make: *** [Makefile:1762: /home/lingbo11/zxm/rdma-kerndriver/compat/build] Error 2
/home/lingbo11/zxm/rdma-kerndriver/compat/build/conftest.c: In function ‘main’:
/home/lingbo11/zxm/rdma-kerndriver/compat/build/conftest.c:32:4: error: #error "not redhat kernel"
   32 |   #error "not redhat kernel"
      |    ^~~~~
make[1]: *** [scripts/Makefile.build:270: /home/lingbo11/zxm/rdma-kerndriver/compat/build/conftest.o] Error 1
make: *** [Makefile:1762: /home/lingbo11/zxm/rdma-kerndriver/compat/build] Error 2
configure:5557: $? = 0
configure:5559: test -s build/conftest.o
configure:5562: $? = 1
configure: failed program was:
| /* confdefs.h */
| #define PACKAGE_NAME "compat_mlnx"
| #define PACKAGE_TARNAME "compat_mlnx"
| #define PACKAGE_VERSION "2.3"
| #define PACKAGE_STRING "compat_mlnx 2.3"
| #define PACKAGE_BUGREPORT "http://support.mellanox.com/SupportWeb/service_center/SelfService"
| #define PACKAGE_URL ""
| #define PACKAGE "compat_mlnx"
| #define VERSION "2.3"
| #define STDC_HEADERS 1
| #define HAVE_SYS_TYPES_H 1
| #define HAVE_SYS_STAT_H 1
| #define HAVE_STDLIB_H 1
| #define HAVE_STRING_H 1
| #define HAVE_MEMORY_H 1
| #define HAVE_STRINGS_H 1
| #define HAVE_INTTYPES_H 1
| #define HAVE_STDINT_H 1
| #define HAVE_UNISTD_H 1
| #define SIZEOF_UNSIGNED_LONG_LONG 8
| /* end confdefs.h.  */
| 
| #include <linux/kernel.h>
| 
| 		#include <linux/version.h>
| 
| int
| main (void)
| {
| 
| 		#ifndef RHEL_RELEASE_CODE
| 		#error "not redhat kernel"
| 		#endif
| 
|   ;
|   return 0;
| }
configure:5574: result: no
configure:5581: checking if Linux was built with CONFIG_SUSE_KERNEL
configure:5605: cp conftest.c build && env CROSS_COMPILE= make -d modules LD=ld CC=gcc -f /home/lingbo11/zxm/rdma-kerndriver/compat/build/Makefile MLNX_LINUX_CONFIG=/usr/src/linux-headers-5.4.0-86-generic/include/config/auto.conf LINUXINCLUDE=-include generated/autoconf.h -I/usr/src/linux-headers-5.4.0-86-generic/arch/x86/include/mach-xen -D__XEN_INTERFACE_VERSION__= -I/usr/src/linux-headers-5.4.0-86-generic/arch/x86/include -Iarch/x86/include/generated -Iinclude -I/usr/src/linux-headers-5.4.0-86-generic/arch/x86/include/uapi -Iarch/x86/include/generated/uapi -I/usr/src/linux-headers-5.4.0-86-generic/include -I/usr/src/linux-headers-5.4.0-86-generic/include/uapi -Iinclude/generated/uapi -I/usr/src/linux-headers-5.4.0-86-generic/arch/x86/include -Iarch/x86/include/generated -I/usr/src/linux-headers-5.4.0-86-generic/arch/x86/include -I/usr/src/linux-headers-5.4.0-86-generic/arch/x86/include/generated -I/usr/src/linux-headers-5.4.0-86-generic/include -I/usr/src/linux-headers-5.4.0-86-generic/include -I/usr/src/linux-headers-5.4.0-86-generic/include2 -include /usr/src/linux-headers-5.4.0-86-generic/include/linux/kconfig.h -o tmp_include_depends -o scripts -o include/config/MARKER -C /usr/src/linux-headers-5.4.0-86-generic EXTRA_CFLAGS=-Werror-implicit-function-declaration -Wno-unused-variable -Wno-uninitialized  CROSS_COMPILE= M=/home/lingbo11/zxm/rdma-kerndriver/compat/build >/dev/null 2>build/output.log; [ 0 -ne 0 ] && cat build/output.log 1>&2 && false || config/warning_filter.sh build/output.log
/home/lingbo11/zxm/rdma-kerndriver/compat/build/conftest.c: In function ‘main’:
/home/lingbo11/zxm/rdma-kerndriver/compat/build/conftest.c:32:4: error: #error CONFIG_SUSE_KERNEL not #defined
   32 |   #error CONFIG_SUSE_KERNEL not #defined
      |    ^~~~~
make[1]: *** [scripts/Makefile.build:270: /home/lingbo11/zxm/rdma-kerndriver/compat/build/conftest.o] Error 1
make: *** [Makefile:1762: /home/lingbo11/zxm/rdma-kerndriver/compat/build] Error 2
/home/lingbo11/zxm/rdma-kerndriver/compat/build/conftest.c: In function ‘main’:
/home/lingbo11/zxm/rdma-kerndriver/compat/build/conftest.c:32:4: error: #error CONFIG_SUSE_KERNEL not #defined
   32 |   #error CONFIG_SUSE_KERNEL not #defined
      |    ^~~~~
make[1]: *** [scripts/Makefile.build:270: /home/lingbo11/zxm/rdma-kerndriver/compat/build/conftest.o] Error 1
make: *** [Makefile:1762: /home/lingbo11/zxm/rdma-kerndriver/compat/build] Error 2
configure:5608: $? = 0
configure:5610: test -s build/conftest.o
configure:5613: $? = 1
configure: failed program was:
| /* confdefs.h */
| #define PACKAGE_NAME "compat_mlnx"
| #define PACKAGE_TARNAME "compat_mlnx"
| #define PACKAGE_VERSION "2.3"
| #define PACKAGE_STRING "compat_mlnx 2.3"
| #define PACKAGE_BUGREPORT "http://support.mellanox.com/SupportWeb/service_center/SelfService"
| #define PACKAGE_URL ""
| #define PACKAGE "compat_mlnx"
| #define VERSION "2.3"
| #define STDC_HEADERS 1
| #define HAVE_SYS_TYPES_H 1
| #define HAVE_SYS_STAT_H 1
| #define HAVE_STDLIB_H 1
| #define HAVE_STRING_H 1
| #define HAVE_MEMORY_H 1
| #define HAVE_STRINGS_H 1
| #define HAVE_INTTYPES_H 1
| #define HAVE_STDINT_H 1
| #define HAVE_UNISTD_H 1
| #define SIZEOF_UNSIGNED_LONG_LONG 8
| /* end confdefs.h.  */
| 
| #include <linux/kernel.h>
| 
| 		#include <generated/autoconf.h>
| 
| int
| main (void)
| {
| 
| 		#ifndef CONFIG_SUSE_KERNEL
| 		#error CONFIG_SUSE_KERNEL not #defined
| 		#endif
| 
|   ;
|   return 0;
| }
configure:5625: result: no
configure:5635: checking name of module symbol version file
configure:5642: result: Module.symvers
configure:5647: checking if Linux was built with CONFIG_MODULES
configure:5671: cp conftest.c build && env CROSS_COMPILE= make -d modules LD=ld CC=gcc -f /home/lingbo11/zxm/rdma-kerndriver/compat/build/Makefile MLNX_LINUX_CONFIG=/usr/src/linux-headers-5.4.0-86-generic/include/config/auto.conf LINUXINCLUDE=-include generated/autoconf.h -I/usr/src/linux-headers-5.4.0-86-generic/arch/x86/include/mach-xen -D__XEN_INTERFACE_VERSION__= -I/usr/src/linux-headers-5.4.0-86-generic/arch/x86/include -Iarch/x86/include/generated -Iinclude -I/usr/src/linux-headers-5.4.0-86-generic/arch/x86/include/uapi -Iarch/x86/include/generated/uapi -I/usr/src/linux-headers-5.4.0-86-generic/include -I/usr/src/linux-headers-5.4.0-86-generic/include/uapi -Iinclude/generated/uapi -I/usr/src/linux-headers-5.4.0-86-generic/arch/x86/include -Iarch/x86/include/generated -I/usr/src/linux-headers-5.4.0-86-generic/arch/x86/include -I/usr/src/linux-headers-5.4.0-86-generic/arch/x86/include/generated -I/usr/src/linux-headers-5.4.0-86-generic/include -I/usr/src/linux-headers-5.4.0-86-generic/include -I/usr/src/linux-headers-5.4.0-86-generic/include2 -include /usr/src/linux-headers-5.4.0-86-generic/include/linux/kconfig.h -o tmp_include_depends -o scripts -o include/config/MARKER -C /usr/src/linux-headers-5.4.0-86-generic EXTRA_CFLAGS=-Werror-implicit-function-declaration -Wno-unused-variable -Wno-uninitialized  CROSS_COMPILE= M=/home/lingbo11/zxm/rdma-kerndriver/compat/build >/dev/null 2>build/output.log; [ 0 -ne 0 ] && cat build/output.log 1>&2 && false || config/warning_filter.sh build/output.log
WARNING: modpost: missing MODULE_LICENSE() in /home/lingbo11/zxm/rdma-kerndriver/compat/build/conftest.o
see include/linux/module.h for more information
configure:5674: $? = 0
configure:5676: test -s build/conftest.o
configure:5679: $? = 0
configure:5682: result: yes
configure:5701: checking if Linux was built with CONFIG_MODVERSIONS
configure:5725: cp conftest.c build && env CROSS_COMPILE= make -d modules LD=ld CC=gcc -f /home/lingbo11/zxm/rdma-kerndriver/compat/build/Makefile MLNX_LINUX_CONFIG=/usr/src/linux-headers-5.4.0-86-generic/include/config/auto.conf LINUXINCLUDE=-include generated/autoconf.h -I/usr/src/linux-headers-5.4.0-86-generic/arch/x86/include/mach-xen -D__XEN_INTERFACE_VERSION__= -I/usr/src/linux-headers-5.4.0-86-generic/arch/x86/include -Iarch/x86/include/generated -Iinclude -I/usr/src/linux-headers-5.4.0-86-generic/arch/x86/include/uapi -Iarch/x86/include/generated/uapi -I/usr/src/linux-headers-5.4.0-86-generic/include -I/usr/src/linux-headers-5.4.0-86-generic/include/uapi -Iinclude/generated/uapi -I/usr/src/linux-headers-5.4.0-86-generic/arch/x86/include -Iarch/x86/include/generated -I/usr/src/linux-headers-5.4.0-86-generic/arch/x86/include -I/usr/src/linux-headers-5.4.0-86-generic/arch/x86/include/generated -I/usr/src/linux-headers-5.4.0-86-generic/include -I/usr/src/linux-headers-5.4.0-86-generic/include -I/usr/src/linux-headers-5.4.0-86-generic/include2 -include /usr/src/linux-headers-5.4.0-86-generic/include/linux/kconfig.h -o tmp_include_depends -o scripts -o include/config/MARKER -C /usr/src/linux-headers-5.4.0-86-generic EXTRA_CFLAGS=-Werror-implicit-function-declaration -Wno-unused-variable -Wno-uninitialized  CROSS_COMPILE= M=/home/lingbo11/zxm/rdma-kerndriver/compat/build >/dev/null 2>build/output.log; [ 0 -ne 0 ] && cat build/output.log 1>&2 && false || config/warning_filter.sh build/output.log
WARNING: modpost: missing MODULE_LICENSE() in /home/lingbo11/zxm/rdma-kerndriver/compat/build/conftest.o
see include/linux/module.h for more information
configure:5728: $? = 0
configure:5730: test -s build/conftest.o
configure:5733: $? = 0
configure:5736: result: yes
configure:5753: checking if Linux was built with CONFIG_KALLSYMS
configure:5777: cp conftest.c build && env CROSS_COMPILE= make -d modules LD=ld CC=gcc -f /home/lingbo11/zxm/rdma-kerndriver/compat/build/Makefile MLNX_LINUX_CONFIG=/usr/src/linux-headers-5.4.0-86-generic/include/config/auto.conf LINUXINCLUDE=-include generated/autoconf.h -I/usr/src/linux-headers-5.4.0-86-generic/arch/x86/include/mach-xen -D__XEN_INTERFACE_VERSION__= -I/usr/src/linux-headers-5.4.0-86-generic/arch/x86/include -Iarch/x86/include/generated -Iinclude -I/usr/src/linux-headers-5.4.0-86-generic/arch/x86/include/uapi -Iarch/x86/include/generated/uapi -I/usr/src/linux-headers-5.4.0-86-generic/include -I/usr/src/linux-headers-5.4.0-86-generic/include/uapi -Iinclude/generated/uapi -I/usr/src/linux-headers-5.4.0-86-generic/arch/x86/include -Iarch/x86/include/generated -I/usr/src/linux-headers-5.4.0-86-generic/arch/x86/include -I/usr/src/linux-headers-5.4.0-86-generic/arch/x86/include/generated -I/usr/src/linux-headers-5.4.0-86-generic/include -I/usr/src/linux-headers-5.4.0-86-generic/include -I/usr/src/linux-headers-5.4.0-86-generic/include2 -include /usr/src/linux-headers-5.4.0-86-generic/include/linux/kconfig.h -o tmp_include_depends -o scripts -o include/config/MARKER -C /usr/src/linux-headers-5.4.0-86-generic EXTRA_CFLAGS=-Werror-implicit-function-declaration -Wno-unused-variable -Wno-uninitialized  CROSS_COMPILE= M=/home/lingbo11/zxm/rdma-kerndriver/compat/build >/dev/null 2>build/output.log; [ 0 -ne 0 ] && cat build/output.log 1>&2 && false || config/warning_filter.sh build/output.log
WARNING: modpost: missing MODULE_LICENSE() in /home/lingbo11/zxm/rdma-kerndriver/compat/build/conftest.o
see include/linux/module.h for more information
configure:5780: $? = 0
configure:5782: test -s build/conftest.o
configure:5785: $? = 0
configure:5788: result: yes
configure:5808: checking if dpll_pin_ops.lock_status_get has status_error
configure:5980: checking if struct dpll_pin_ops exists
configure:6134: checking if struct dpll_pin_ops has ffo_get
configure:6290: checking if dpll.h has dpll_netdev_pin_set
configure:6442: checking if netdevice.h has netdev_dpll_pin_set
configure:6594: checking if __free anotation for kvfree could be used
configure:6746: checking if kvfree prototype is in slab.h
configure:6898: checking if have hmm_pfn_to_map_order
configure:7048: checking if vm_flags_clear exists
configure:7198: checking if hmm_range has hmm_pfns
configure:5946: env CROSS_COMPILE= make -d modules LD=ld CC=gcc -f /home/lingbo11/zxm/rdma-kerndriver/compat/build/build_0cXv2/Makefile MLNX_LINUX_CONFIG=/usr/src/linux-headers-5.4.0-86-generic/include/config/auto.conf LINUXINCLUDE=-include generated/autoconf.h -I/usr/src/linux-headers-5.4.0-86-generic/arch/x86/include/mach-xen -D__XEN_INTERFACE_VERSION__= -I/usr/src/linux-headers-5.4.0-86-generic/arch/x86/include -Iarch/x86/include/generated -Iinclude -I/usr/src/linux-headers-5.4.0-86-generic/arch/x86/include/uapi -Iarch/x86/include/generated/uapi -I/usr/src/linux-headers-5.4.0-86-generic/include -I/usr/src/linux-headers-5.4.0-86-generic/include/uapi -Iinclude/generated/uapi -I/usr/src/linux-headers-5.4.0-86-generic/arch/x86/include -Iarch/x86/include/generated -I/usr/src/linux-headers-5.4.0-86-generic/arch/x86/include -I/usr/src/linux-headers-5.4.0-86-generic/arch/x86/include/generated -I/usr/src/linux-headers-5.4.0-86-generic/include -I/usr/src/linux-headers-5.4.0-86-generic/include -I/usr/src/linux-headers-5.4.0-86-generic/include2 -include /usr/src/linux-headers-5.4.0-86-generic/include/linux/kconfig.h -o tmp_include_depends -o scripts -o include/config/MARKER -C /usr/src/linux-headers-5.4.0-86-generic EXTRA_CFLAGS=-Werror-implicit-function-declaration -Wno-unused-variable -Wno-uninitialized  CROSS_COMPILE= M=/home/lingbo11/zxm/rdma-kerndriver/compat/build/build_0cXv2 >/dev/null 2>/home/lingbo11/zxm/rdma-kerndriver/compat/build/build_0cXv2/output.log; [ 0 -ne 0 ] && cat /home/lingbo11/zxm/rdma-kerndriver/compat/build/build_0cXv2/output.log 1>&2 && false || config/warning_filter.sh /home/lingbo11/zxm/rdma-kerndriver/compat/build/build_0cXv2/output.log
configure:7350: checking if hmm_range_fault has one param
configure:7502: checking if rdma/ib_umem.h ib_umem_dmabuf_get_pinned defined
configure:6256: env CROSS_COMPILE= make -d modules LD=ld CC=gcc -f /home/lingbo11/zxm/rdma-kerndriver/compat/build/build_dwyC1/Makefile MLNX_LINUX_CONFIG=/usr/src/linux-headers-5.4.0-86-generic/include/config/auto.conf LINUXINCLUDE=-include generated/autoconf.h -I/usr/src/linux-headers-5.4.0-86-generic/arch/x86/include/mach-xen -D__XEN_INTERFACE_VERSION__= -I/usr/src/linux-headers-5.4.0-86-generic/arch/x86/include -Iarch/x86/include/generated -Iinclude -I/usr/src/linux-headers-5.4.0-86-generic/arch/x86/include/uapi -Iarch/x86/include/generated/uapi -I/usr/src/linux-headers-5.4.0-86-generic/include -I/usr/src/linux-headers-5.4.0-86-generic/include/uapi -Iinclude/generated/uapi -I/usr/src/linux-headers-5.4.0-86-generic/arch/x86/include -Iarch/x86/include/generated -I/usr/src/linux-headers-5.4.0-86-generic/arch/x86/include -I/usr/src/linux-headers-5.4.0-86-generic/arch/x86/include/generated -I/usr/src/linux-headers-5.4.0-86-generic/include -I/usr/src/linux-headers-5.4.0-86-generic/include -I/usr/src/linux-headers-5.4.0-86-generic/include2 -include /usr/src/linux-headers-5.4.0-86-generic/include/linux/kconfig.h -o tmp_include_depends -o scripts -o include/config/MARKER -C /usr/src/linux-headers-5.4.0-86-generic EXTRA_CFLAGS=-Werror-implicit-function-declaration -Wno-unused-variable -Wno-uninitialized  CROSS_COMPILE= M=/home/lingbo11/zxm/rdma-kerndriver/compat/build/build_dwyC1 >/dev/null 2>/home/lingbo11/zxm/rdma-kerndriver/compat/build/build_dwyC1/output.log; [ 0 -ne 0 ] && cat /home/lingbo11/zxm/rdma-kerndriver/compat/build/build_dwyC1/output.log 1>&2 && false || config/warning_filter.sh /home/lingbo11/zxm/rdma-kerndriver/compat/build/build_dwyC1/output.log
configure:7654: checking if has is_tcf_police
configure:6408: env CROSS_COMPILE= make -d modules LD=ld CC=gcc -f /home/lingbo11/zxm/rdma-kerndriver/compat/build/build_490BR/Makefile MLNX_LINUX_CONFIG=/usr/src/linux-headers-5.4.0-86-generic/include/config/auto.conf LINUXINCLUDE=-include generated/autoconf.h -I/usr/src/linux-headers-5.4.0-86-generic/arch/x86/include/mach-xen -D__XEN_INTERFACE_VERSION__= -I/usr/src/linux-headers-5.4.0-86-generic/arch/x86/include -Iarch/x86/include/generated -Iinclude -I/usr/src/linux-headers-5.4.0-86-generic/arch/x86/include/uapi -Iarch/x86/include/generated/uapi -I/usr/src/linux-headers-5.4.0-86-generic/include -I/usr/src/linux-headers-5.4.0-86-generic/include/uapi -Iinclude/generated/uapi -I/usr/src/linux-headers-5.4.0-86-generic/arch/x86/include -Iarch/x86/include/generated -I/usr/src/linux-headers-5.4.0-86-generic/arch/x86/include -I/usr/src/linux-headers-5.4.0-86-generic/arch/x86/include/generated -I/usr/src/linux-headers-5.4.0-86-generic/include -I/usr/src/linux-headers-5.4.0-86-generic/include -I/usr/src/linux-headers-5.4.0-86-generic/include2 -include /usr/src/linux-headers-5.4.0-86-generic/include/linux/kconfig.h -o tmp_include_depends -o scripts -o include/config/MARKER -C /usr/src/linux-headers-5.4.0-86-generic EXTRA_CFLAGS=-Werror-implicit-function-declaration -Wno-unused-variable -Wno-uninitialized  CROSS_COMPILE= M=/home/lingbo11/zxm/rdma-kerndriver/compat/build/build_490BR >/dev/null 2>/home/lingbo11/zxm/rdma-kerndriver/compat/build/build_490BR/output.log; [ 0 -ne 0 ] && cat /home/lingbo11/zxm/rdma-kerndriver/compat/build/build_490BR/output.log 1>&2 && false || config/warning_filter.sh /home/lingbo11/zxm/rdma-kerndriver/compat/build/build_490BR/output.log
configure:7802: checking if udp_tunnel.h has enum UDP_TUNNEL_NIC_INFO_STATIC_IANA_VXLAN
configure:6560: env CROSS_COMPILE= make -d modules LD=ld CC=gcc -f /home/lingbo11/zxm/rdma-kerndriver/compat/build/build_vvidj/Makefile MLNX_LINUX_CONFIG=/usr/src/linux-headers-5.4.0-86-generic/include/config/auto.conf LINUXINCLUDE=-include generated/autoconf.h -I/usr/src/linux-headers-5.4.0-86-generic/arch/x86/include/mach-xen -D__XEN_INTERFACE_VERSION__= -I/usr/src/linux-headers-5.4.0-86-generic/arch/x86/include -Iarch/x86/include/generated -Iinclude -I/usr/src/linux-headers-5.4.0-86-generic/arch/x86/include/uapi -Iarch/x86/include/generated/uapi -I/usr/src/linux-headers-5.4.0-86-generic/include -I/usr/src/linux-headers-5.4.0-86-generic/include/uapi -Iinclude/generated/uapi -I/usr/src/linux-headers-5.4.0-86-generic/arch/x86/include -Iarch/x86/include/generated -I/usr/src/linux-headers-5.4.0-86-generic/arch/x86/include -I/usr/src/linux-headers-5.4.0-86-generic/arch/x86/include/generated -I/usr/src/linux-headers-5.4.0-86-generic/include -I/usr/src/linux-headers-5.4.0-86-generic/include -I/usr/src/linux-headers-5.4.0-86-generic/include2 -include /usr/src/linux-headers-5.4.0-86-generic/include/linux/kconfig.h -o tmp_include_depends -o scripts -o include/config/MARKER -C /usr/src/linux-headers-5.4.0-86-generic EXTRA_CFLAGS=-Werror-implicit-function-declaration -Wno-unused-variable -Wno-uninitialized  CROSS_COMPILE= M=/home/lingbo11/zxm/rdma-kerndriver/compat/build/build_vvidj >/dev/null 2>/home/lingbo11/zxm/rdma-kerndriver/compat/build/build_vvidj/output.log; [ 0 -ne 0 ] && cat /home/lingbo11/zxm/rdma-kerndriver/compat/build/build_vvidj/output.log 1>&2 && false || config/warning_filter.sh /home/lingbo11/zxm/rdma-kerndriver/compat/build/build_vvidj/output.log
configure:6100: env CROSS_COMPILE= make -d modules LD=ld CC=gcc -f /home/lingbo11/zxm/rdma-kerndriver/compat/build/build_ARaXm/Makefile MLNX_LINUX_CONFIG=/usr/src/linux-headers-5.4.0-86-generic/include/config/auto.conf LINUXINCLUDE=-include generated/autoconf.h -I/usr/src/linux-headers-5.4.0-86-generic/arch/x86/include/mach-xen -D__XEN_INTERFACE_VERSION__= -I/usr/src/linux-headers-5.4.0-86-generic/arch/x86/include -Iarch/x86/include/generated -Iinclude -I/usr/src/linux-headers-5.4.0-86-generic/arch/x86/include/uapi -Iarch/x86/include/generated/uapi -I/usr/src/linux-headers-5.4.0-86-generic/include -I/usr/src/linux-headers-5.4.0-86-generic/include/uapi -Iinclude/generated/uapi -I/usr/src/linux-headers-5.4.0-86-generic/arch/x86/include -Iarch/x86/include/generated -I/usr/src/linux-headers-5.4.0-86-generic/arch/x86/include -I/usr/src/linux-headers-5.4.0-86-generic/arch/x86/include/generated -I/usr/src/linux-headers-5.4.0-86-generic/include -I/usr/src/linux-headers-5.4.0-86-generic/include -I/usr/src/linux-headers-5.4.0-86-generic/include2 -include /usr/src/linux-headers-5.4.0-86-generic/include/linux/kconfig.h -o tmp_include_depends -o scripts -o include/config/MARKER -C /usr/src/linux-headers-5.4.0-86-generic EXTRA_CFLAGS=-Werror-implicit-function-declaration -Wno-unused-variable -Wno-uninitialized  CROSS_COMPILE= M=/home/lingbo11/zxm/rdma-kerndriver/compat/build/build_ARaXm >/dev/null 2>/home/lingbo11/zxm/rdma-kerndriver/compat/build/build_ARaXm/output.log; [ 0 -ne 0 ] && cat /home/lingbo11/zxm/rdma-kerndriver/compat/build/build_ARaXm/output.log 1>&2 && false || config/warning_filter.sh /home/lingbo11/zxm/rdma-kerndriver/compat/build/build_ARaXm/output.log
configure:7958: checking if udp_tunnel.h has struct udp_tunnel_nic_info
configure:6712: env CROSS_COMPILE= make -d modules LD=ld CC=gcc -f /home/lingbo11/zxm/rdma-kerndriver/compat/build/build_mE0Nj/Makefile MLNX_LINUX_CONFIG=/usr/src/linux-headers-5.4.0-86-generic/include/config/auto.conf LINUXINCLUDE=-include generated/autoconf.h -I/usr/src/linux-headers-5.4.0-86-generic/arch/x86/include/mach-xen -D__XEN_INTERFACE_VERSION__= -I/usr/src/linux-headers-5.4.0-86-generic/arch/x86/include -Iarch/x86/include/generated -Iinclude -I/usr/src/linux-headers-5.4.0-86-generic/arch/x86/include/uapi -Iarch/x86/include/generated/uapi -I/usr/src/linux-headers-5.4.0-86-generic/include -I/usr/src/linux-headers-5.4.0-86-generic/include/uapi -Iinclude/generated/uapi -I/usr/src/linux-headers-5.4.0-86-generic/arch/x86/include -Iarch/x86/include/generated -I/usr/src/linux-headers-5.4.0-86-generic/arch/x86/include -I/usr/src/linux-headers-5.4.0-86-generic/arch/x86/include/generated -I/usr/src/linux-headers-5.4.0-86-generic/include -I/usr/src/linux-headers-5.4.0-86-generic/include -I/usr/src/linux-headers-5.4.0-86-generic/include2 -include /usr/src/linux-headers-5.4.0-86-generic/include/linux/kconfig.h -o tmp_include_depends -o scripts -o include/config/MARKER -C /usr/src/linux-headers-5.4.0-86-generic EXTRA_CFLAGS=-Werror-implicit-function-declaration -Wno-unused-variable -Wno-uninitialized  CROSS_COMPILE= M=/home/lingbo11/zxm/rdma-kerndriver/compat/build/build_mE0Nj >/dev/null 2>/home/lingbo11/zxm/rdma-kerndriver/compat/build/build_mE0Nj/output.log; [ 0 -ne 0 ] && cat /home/lingbo11/zxm/rdma-kerndriver/compat/build/build_mE0Nj/output.log 1>&2 && false || config/warning_filter.sh /home/lingbo11/zxm/rdma-kerndriver/compat/build/build_mE0Nj/output.log
configure:8110: checking if linux/netdevice.h has netdev_hold and netdev_put
configure:6864: env CROSS_COMPILE= make -d modules LD=ld CC=gcc -f /home/lingbo11/zxm/rdma-kerndriver/compat/build/build_9fUId/Makefile MLNX_LINUX_CONFIG=/usr/src/linux-headers-5.4.0-86-generic/include/config/auto.conf LINUXINCLUDE=-include generated/autoconf.h -I/usr/src/linux-headers-5.4.0-86-generic/arch/x86/include/mach-xen -D__XEN_INTERFACE_VERSION__= -I/usr/src/linux-headers-5.4.0-86-generic/arch/x86/include -Iarch/x86/include/generated -Iinclude -I/usr/src/linux-headers-5.4.0-86-generic/arch/x86/include/uapi -Iarch/x86/include/generated/uapi -I/usr/src/linux-headers-5.4.0-86-generic/include -I/usr/src/linux-headers-5.4.0-86-generic/include/uapi -Iinclude/generated/uapi -I/usr/src/linux-headers-5.4.0-86-generic/arch/x86/include -Iarch/x86/include/generated -I/usr/src/linux-headers-5.4.0-86-generic/arch/x86/include -I/usr/src/linux-headers-5.4.0-86-generic/arch/x86/include/generated -I/usr/src/linux-headers-5.4.0-86-generic/include -I/usr/src/linux-headers-5.4.0-86-generic/include -I/usr/src/linux-headers-5.4.0-86-generic/include2 -include /usr/src/linux-headers-5.4.0-86-generic/include/linux/kconfig.h -o tmp_include_depends -o scripts -o include/config/MARKER -C /usr/src/linux-headers-5.4.0-86-generic EXTRA_CFLAGS=-Werror-implicit-function-declaration -Wno-unused-variable -Wno-uninitialized  CROSS_COMPILE= M=/home/lingbo11/zxm/rdma-kerndriver/compat/build/build_9fUId >/dev/null 2>/home/lingbo11/zxm/rdma-kerndriver/compat/build/build_9fUId/output.log; [ 0 -ne 0 ] && cat /home/lingbo11/zxm/rdma-kerndriver/compat/build/build_9fUId/output.log 1>&2 && false || config/warning_filter.sh /home/lingbo11/zxm/rdma-kerndriver/compat/build/build_9fUId/output.log
configure:8262: checking if linux/netdevice.h has unregister_netdevice_notifier_net
configure:7014: env CROSS_COMPILE= make -d modules LD=ld CC=gcc -f /home/lingbo11/zxm/rdma-kerndriver/compat/build/build_wnS6B/Makefile MLNX_LINUX_CONFIG=/usr/src/linux-headers-5.4.0-86-generic/include/config/auto.conf LINUXINCLUDE=-include generated/autoconf.h -I/usr/src/linux-headers-5.4.0-86-generic/arch/x86/include/mach-xen -D__XEN_INTERFACE_VERSION__= -I/usr/src/linux-headers-5.4.0-86-generic/arch/x86/include -Iarch/x86/include/generated -Iinclude -I/usr/src/linux-headers-5.4.0-86-generic/arch/x86/include/uapi -Iarch/x86/include/generated/uapi -I/usr/src/linux-headers-5.4.0-86-generic/include -I/usr/src/linux-headers-5.4.0-86-generic/include/uapi -Iinclude/generated/uapi -I/usr/src/linux-headers-5.4.0-86-generic/arch/x86/include -Iarch/x86/include/generated -I/usr/src/linux-headers-5.4.0-86-generic/arch/x86/include -I/usr/src/linux-headers-5.4.0-86-generic/arch/x86/include/generated -I/usr/src/linux-headers-5.4.0-86-generic/include -I/usr/src/linux-headers-5.4.0-86-generic/include -I/usr/src/linux-headers-5.4.0-86-generic/include2 -include /usr/src/linux-headers-5.4.0-86-generic/include/linux/kconfig.h -o tmp_include_depends -o scripts -o include/config/MARKER -C /usr/src/linux-headers-5.4.0-86-generic EXTRA_CFLAGS=-Werror-implicit-function-declaration -Wno-unused-variable -Wno-uninitialized  CROSS_COMPILE= M=/home/lingbo11/zxm/rdma-kerndriver/compat/build/build_wnS6B >/dev/null 2>/home/lingbo11/zxm/rdma-kerndriver/compat/build/build_wnS6B/output.log; [ 0 -ne 0 ] && cat /home/lingbo11/zxm/rdma-kerndriver/compat/build/build_wnS6B/output.log 1>&2 && false || config/warning_filter.sh /home/lingbo11/zxm/rdma-kerndriver/compat/build/build_wnS6B/output.log
configure:8412: checking if linux/netdevice.h has register_netdevice_notifier_dev_net
configure:8562: checking if linux/netdevice.h has dev_xdp_prog_id
configure:7164: env CROSS_COMPILE= make -d modules LD=ld CC=gcc -f /home/lingbo11/zxm/rdma-kerndriver/compat/build/build_QQv7d/Makefile MLNX_LINUX_CONFIG=/usr/src/linux-headers-5.4.0-86-generic/include/config/auto.conf LINUXINCLUDE=-include generated/autoconf.h -I/usr/src/linux-headers-5.4.0-86-generic/arch/x86/include/mach-xen -D__XEN_INTERFACE_VERSION__= -I/usr/src/linux-headers-5.4.0-86-generic/arch/x86/include -Iarch/x86/include/generated -Iinclude -I/usr/src/linux-headers-5.4.0-86-generic/arch/x86/include/uapi -Iarch/x86/include/generated/uapi -I/usr/src/linux-headers-5.4.0-86-generic/include -I/usr/src/linux-headers-5.4.0-86-generic/include/uapi -Iinclude/generated/uapi -I/usr/src/linux-headers-5.4.0-86-generic/arch/x86/include -Iarch/x86/include/generated -I/usr/src/linux-headers-5.4.0-86-generic/arch/x86/include -I/usr/src/linux-headers-5.4.0-86-generic/arch/x86/include/generated -I/usr/src/linux-headers-5.4.0-86-generic/include -I/usr/src/linux-headers-5.4.0-86-generic/include -I/usr/src/linux-headers-5.4.0-86-generic/include2 -include /usr/src/linux-headers-5.4.0-86-generic/include/linux/kconfig.h -o tmp_include_depends -o scripts -o include/config/MARKER -C /usr/src/linux-headers-5.4.0-86-generic EXTRA_CFLAGS=-Werror-implicit-function-declaration -Wno-unused-variable -Wno-uninitialized  CROSS_COMPILE= M=/home/lingbo11/zxm/rdma-kerndriver/compat/build/build_QQv7d >/dev/null 2>/home/lingbo11/zxm/rdma-kerndriver/compat/build/build_QQv7d/output.log; [ 0 -ne 0 ] && cat /home/lingbo11/zxm/rdma-kerndriver/compat/build/build_QQv7d/output.log 1>&2 && false || config/warning_filter.sh /home/lingbo11/zxm/rdma-kerndriver/compat/build/build_QQv7d/output.log
configure:8712: checking if struct netdev_net_notifier exists
configure:8864: checking if linux/netdevice.h has net_prefetch
configure:7620: env CROSS_COMPILE= make -d modules LD=ld CC=gcc -f /home/lingbo11/zxm/rdma-kerndriver/compat/build/build_01X1T/Makefile MLNX_LINUX_CONFIG=/usr/src/linux-headers-5.4.0-86-generic/include/config/auto.conf LINUXINCLUDE=-include generated/autoconf.h -I/usr/src/linux-headers-5.4.0-86-generic/arch/x86/include/mach-xen -D__XEN_INTERFACE_VERSION__= -I/usr/src/linux-headers-5.4.0-86-generic/arch/x86/include -Iarch/x86/include/generated -Iinclude -I/usr/src/linux-headers-5.4.0-86-generic/arch/x86/include/uapi -Iarch/x86/include/generated/uapi -I/usr/src/linux-headers-5.4.0-86-generic/include -I/usr/src/linux-headers-5.4.0-86-generic/include/uapi -Iinclude/generated/uapi -I/usr/src/linux-headers-5.4.0-86-generic/arch/x86/include -Iarch/x86/include/generated -I/usr/src/linux-headers-5.4.0-86-generic/arch/x86/include -I/usr/src/linux-headers-5.4.0-86-generic/arch/x86/include/generated -I/usr/src/linux-headers-5.4.0-86-generic/include -I/usr/src/linux-headers-5.4.0-86-generic/include -I/usr/src/linux-headers-5.4.0-86-generic/include2 -include /usr/src/linux-headers-5.4.0-86-generic/include/linux/kconfig.h -o tmp_include_depends -o scripts -o include/config/MARKER -C /usr/src/linux-headers-5.4.0-86-generic EXTRA_CFLAGS=-Werror-implicit-function-declaration -Wno-unused-variable -Wno-uninitialized  CROSS_COMPILE= M=/home/lingbo11/zxm/rdma-kerndriver/compat/build/build_01X1T >/dev/null 2>/home/lingbo11/zxm/rdma-kerndriver/compat/build/build_01X1T/output.log; [ 0 -ne 0 ] && cat /home/lingbo11/zxm/rdma-kerndriver/compat/build/build_01X1T/output.log 1>&2 && false || config/warning_filter.sh /home/lingbo11/zxm/rdma-kerndriver/compat/build/build_01X1T/output.log
configure:9016: checking if linux/mm.h has is_cow_mapping
configure:7468: env CROSS_COMPILE= make -d modules LD=ld CC=gcc -f /home/lingbo11/zxm/rdma-kerndriver/compat/build/build_fThoF/Makefile MLNX_LINUX_CONFIG=/usr/src/linux-headers-5.4.0-86-generic/include/config/auto.conf LINUXINCLUDE=-include generated/autoconf.h -I/usr/src/linux-headers-5.4.0-86-generic/arch/x86/include/mach-xen -D__XEN_INTERFACE_VERSION__= -I/usr/src/linux-headers-5.4.0-86-generic/arch/x86/include -Iarch/x86/include/generated -Iinclude -I/usr/src/linux-headers-5.4.0-86-generic/arch/x86/include/uapi -Iarch/x86/include/generated/uapi -I/usr/src/linux-headers-5.4.0-86-generic/include -I/usr/src/linux-headers-5.4.0-86-generic/include/uapi -Iinclude/generated/uapi -I/usr/src/linux-headers-5.4.0-86-generic/arch/x86/include -Iarch/x86/include/generated -I/usr/src/linux-headers-5.4.0-86-generic/arch/x86/include -I/usr/src/linux-headers-5.4.0-86-generic/arch/x86/include/generated -I/usr/src/linux-headers-5.4.0-86-generic/include -I/usr/src/linux-headers-5.4.0-86-generic/include -I/usr/src/linux-headers-5.4.0-86-generic/include2 -include /usr/src/linux-headers-5.4.0-86-generic/include/linux/kconfig.h -o tmp_include_depends -o scripts -o include/config/MARKER -C /usr/src/linux-headers-5.4.0-86-generic EXTRA_CFLAGS=-Werror-implicit-function-declaration -Wno-unused-variable -Wno-uninitialized  CROSS_COMPILE= M=/home/lingbo11/zxm/rdma-kerndriver/compat/build/build_fThoF >/dev/null 2>/home/lingbo11/zxm/rdma-kerndriver/compat/build/build_fThoF/output.log; [ 0 -ne 0 ] && cat /home/lingbo11/zxm/rdma-kerndriver/compat/build/build_fThoF/output.log 1>&2 && false || config/warning_filter.sh /home/lingbo11/zxm/rdma-kerndriver/compat/build/build_fThoF/output.log
configure:9168: checking if linux/mm.h has get_user_pages_longterm
configure:7316: env CROSS_COMPILE= make -d modules LD=ld CC=gcc -f /home/lingbo11/zxm/rdma-kerndriver/compat/build/build_Z2CWW/Makefile MLNX_LINUX_CONFIG=/usr/src/linux-headers-5.4.0-86-generic/include/config/auto.conf LINUXINCLUDE=-include generated/autoconf.h -I/usr/src/linux-headers-5.4.0-86-generic/arch/x86/include/mach-xen -D__XEN_INTERFACE_VERSION__= -I/usr/src/linux-headers-5.4.0-86-generic/arch/x86/include -Iarch/x86/include/generated -Iinclude -I/usr/src/linux-headers-5.4.0-86-generic/arch/x86/include/uapi -Iarch/x86/include/generated/uapi -I/usr/src/linux-headers-5.4.0-86-generic/include -I/usr/src/linux-headers-5.4.0-86-generic/include/uapi -Iinclude/generated/uapi -I/usr/src/linux-headers-5.4.0-86-generic/arch/x86/include -Iarch/x86/include/generated -I/usr/src/linux-headers-5.4.0-86-generic/arch/x86/include -I/usr/src/linux-headers-5.4.0-86-generic/arch/x86/include/generated -I/usr/src/linux-headers-5.4.0-86-generic/include -I/usr/src/linux-headers-5.4.0-86-generic/include -I/usr/src/linux-headers-5.4.0-86-generic/include2 -include /usr/src/linux-headers-5.4.0-86-generic/include/linux/kconfig.h -o tmp_include_depends -o scripts -o include/config/MARKER -C /usr/src/linux-headers-5.4.0-86-generic EXTRA_CFLAGS=-Werror-implicit-function-declaration -Wno-unused-variable -Wno-uninitialized  CROSS_COMPILE= M=/home/lingbo11/zxm/rdma-kerndriver/compat/build/build_Z2CWW >/dev/null 2>/home/lingbo11/zxm/rdma-kerndriver/compat/build/build_Z2CWW/output.log; [ 0 -ne 0 ] && cat /home/lingbo11/zxm/rdma-kerndriver/compat/build/build_Z2CWW/output.log 1>&2 && false || config/warning_filter.sh /home/lingbo11/zxm/rdma-kerndriver/compat/build/build_Z2CWW/output.log
configure:9320: checking if get_user_pages has 4 params
configure:8076: env CROSS_COMPILE= make -d modules LD=ld CC=gcc -f /home/lingbo11/zxm/rdma-kerndriver/compat/build/build_WFckV/Makefile MLNX_LINUX_CONFIG=/usr/src/linux-headers-5.4.0-86-generic/include/config/auto.conf LINUXINCLUDE=-include generated/autoconf.h -I/usr/src/linux-headers-5.4.0-86-generic/arch/x86/include/mach-xen -D__XEN_INTERFACE_VERSION__= -I/usr/src/linux-headers-5.4.0-86-generic/arch/x86/include -Iarch/x86/include/generated -Iinclude -I/usr/src/linux-headers-5.4.0-86-generic/arch/x86/include/uapi -Iarch/x86/include/generated/uapi -I/usr/src/linux-headers-5.4.0-86-generic/include -I/usr/src/linux-headers-5.4.0-86-generic/include/uapi -Iinclude/generated/uapi -I/usr/src/linux-headers-5.4.0-86-generic/arch/x86/include -Iarch/x86/include/generated -I/usr/src/linux-headers-5.4.0-86-generic/arch/x86/include -I/usr/src/linux-headers-5.4.0-86-generic/arch/x86/include/generated -I/usr/src/linux-headers-5.4.0-86-generic/include -I/usr/src/linux-headers-5.4.0-86-generic/include -I/usr/src/linux-headers-5.4.0-86-generic/include2 -include /usr/src/linux-headers-5.4.0-86-generic/include/linux/kconfig.h -o tmp_include_depends -o scripts -o include/config/MARKER -C /usr/src/linux-headers-5.4.0-86-generic EXTRA_CFLAGS=-Werror-implicit-function-declaration -Wno-unused-variable -Wno-uninitialized  CROSS_COMPILE= M=/home/lingbo11/zxm/rdma-kerndriver/compat/build/build_WFckV >/dev/null 2>/home/lingbo11/zxm/rdma-kerndriver/compat/build/build_WFckV/output.log; [ 0 -ne 0 ] && cat /home/lingbo11/zxm/rdma-kerndriver/compat/build/build_WFckV/output.log 1>&2 && false || config/warning_filter.sh /home/lingbo11/zxm/rdma-kerndriver/compat/build/build_WFckV/output.log
configure:9472: checking if get_user_pages has 5 params
configure:7768: env CROSS_COMPILE= make -d modules LD=ld CC=gcc -f /home/lingbo11/zxm/rdma-kerndriver/compat/build/build_awwss/Makefile MLNX_LINUX_CONFIG=/usr/src/linux-headers-5.4.0-86-generic/include/config/auto.conf LINUXINCLUDE=-include generated/autoconf.h -I/usr/src/linux-headers-5.4.0-86-generic/arch/x86/include/mach-xen -D__XEN_INTERFACE_VERSION__= -I/usr/src/linux-headers-5.4.0-86-generic/arch/x86/include -Iarch/x86/include/generated -Iinclude -I/usr/src/linux-headers-5.4.0-86-generic/arch/x86/include/uapi -Iarch/x86/include/generated/uapi -I/usr/src/linux-headers-5.4.0-86-generic/include -I/usr/src/linux-headers-5.4.0-86-generic/include/uapi -Iinclude/generated/uapi -I/usr/src/linux-headers-5.4.0-86-generic/arch/x86/include -Iarch/x86/include/generated -I/usr/src/linux-headers-5.4.0-86-generic/arch/x86/include -I/usr/src/linux-headers-5.4.0-86-generic/arch/x86/include/generated -I/usr/src/linux-headers-5.4.0-86-generic/include -I/usr/src/linux-headers-5.4.0-86-generic/include -I/usr/src/linux-headers-5.4.0-86-generic/include2 -include /usr/src/linux-headers-5.4.0-86-generic/include/linux/kconfig.h -o tmp_include_depends -o scripts -o include/config/MARKER -C /usr/src/linux-headers-5.4.0-86-generic EXTRA_CFLAGS=-Werror-implicit-function-declaration -Wno-unused-variable -Wno-uninitialized  CROSS_COMPILE= M=/home/lingbo11/zxm/rdma-kerndriver/compat/build/build_awwss >/dev/null 2>/home/lingbo11/zxm/rdma-kerndriver/compat/build/build_awwss/output.log; [ 0 -ne 0 ] && cat /home/lingbo11/zxm/rdma-kerndriver/compat/build/build_awwss/output.log 1>&2 && false || config/warning_filter.sh /home/lingbo11/zxm/rdma-kerndriver/compat/build/build_awwss/output.log
configure:9624: checking if get_user_pages has 7 params
configure:8228: env CROSS_COMPILE= make -d modules LD=ld CC=gcc -f /home/lingbo11/zxm/rdma-kerndriver/compat/build/build_PmbtM/Makefile MLNX_LINUX_CONFIG=/usr/src/linux-headers-5.4.0-86-generic/include/config/auto.conf LINUXINCLUDE=-include generated/autoconf.h -I/usr/src/linux-headers-5.4.0-86-generic/arch/x86/include/mach-xen -D__XEN_INTERFACE_VERSION__= -I/usr/src/linux-headers-5.4.0-86-generic/arch/x86/include -Iarch/x86/include/generated -Iinclude -I/usr/src/linux-headers-5.4.0-86-generic/arch/x86/include/uapi -Iarch/x86/include/generated/uapi -I/usr/src/linux-headers-5.4.0-86-generic/include -I/usr/src/linux-headers-5.4.0-86-generic/include/uapi -Iinclude/generated/uapi -I/usr/src/linux-headers-5.4.0-86-generic/arch/x86/include -Iarch/x86/include/generated -I/usr/src/linux-headers-5.4.0-86-generic/arch/x86/include -I/usr/src/linux-headers-5.4.0-86-generic/arch/x86/include/generated -I/usr/src/linux-headers-5.4.0-86-generic/include -I/usr/src/linux-headers-5.4.0-86-generic/include -I/usr/src/linux-headers-5.4.0-86-generic/include2 -include /usr/src/linux-headers-5.4.0-86-generic/include/linux/kconfig.h -o tmp_include_depends -o scripts -o include/config/MARKER -C /usr/src/linux-headers-5.4.0-86-generic EXTRA_CFLAGS=-Werror-implicit-function-declaration -Wno-unused-variable -Wno-uninitialized  CROSS_COMPILE= M=/home/lingbo11/zxm/rdma-kerndriver/compat/build/build_PmbtM >/dev/null 2>/home/lingbo11/zxm/rdma-kerndriver/compat/build/build_PmbtM/output.log; [ 0 -ne 0 ] && cat /home/lingbo11/zxm/rdma-kerndriver/compat/build/build_PmbtM/output.log 1>&2 && false || config/warning_filter.sh /home/lingbo11/zxm/rdma-kerndriver/compat/build/build_PmbtM/output.log
configure:9774: checking if map_lock has mmap_read_lock
configure:7924: env CROSS_COMPILE= make -d modules LD=ld CC=gcc -f /home/lingbo11/zxm/rdma-kerndriver/compat/build/build_eFf4d/Makefile MLNX_LINUX_CONFIG=/usr/src/linux-headers-5.4.0-86-generic/include/config/auto.conf LINUXINCLUDE=-include generated/autoconf.h -I/usr/src/linux-headers-5.4.0-86-generic/arch/x86/include/mach-xen -D__XEN_INTERFACE_VERSION__= -I/usr/src/linux-headers-5.4.0-86-generic/arch/x86/include -Iarch/x86/include/generated -Iinclude -I/usr/src/linux-headers-5.4.0-86-generic/arch/x86/include/uapi -Iarch/x86/include/generated/uapi -I/usr/src/linux-headers-5.4.0-86-generic/include -I/usr/src/linux-headers-5.4.0-86-generic/include/uapi -Iinclude/generated/uapi -I/usr/src/linux-headers-5.4.0-86-generic/arch/x86/include -Iarch/x86/include/generated -I/usr/src/linux-headers-5.4.0-86-generic/arch/x86/include -I/usr/src/linux-headers-5.4.0-86-generic/arch/x86/include/generated -I/usr/src/linux-headers-5.4.0-86-generic/include -I/usr/src/linux-headers-5.4.0-86-generic/include -I/usr/src/linux-headers-5.4.0-86-generic/include2 -include /usr/src/linux-headers-5.4.0-86-generic/include/linux/kconfig.h -o tmp_include_depends -o scripts -o include/config/MARKER -C /usr/src/linux-headers-5.4.0-86-generic EXTRA_CFLAGS=-Werror-implicit-function-declaration -Wno-unused-variable -Wno-uninitialized  CROSS_COMPILE= M=/home/lingbo11/zxm/rdma-kerndriver/compat/build/build_eFf4d >/dev/null 2>/home/lingbo11/zxm/rdma-kerndriver/compat/build/build_eFf4d/output.log; [ 0 -ne 0 ] && cat /home/lingbo11/zxm/rdma-kerndriver/compat/build/build_eFf4d/output.log 1>&2 && false || config/warning_filter.sh /home/lingbo11/zxm/rdma-kerndriver/compat/build/build_eFf4d/output.log
configure:9926: checking if mm has get_user_pages_remote with 7 parameters and parameter 2 is integer
configure:8378: env CROSS_COMPILE= make -d modules LD=ld CC=gcc -f /home/lingbo11/zxm/rdma-kerndriver/compat/build/build_qdyus/Makefile MLNX_LINUX_CONFIG=/usr/src/linux-headers-5.4.0-86-generic/include/config/auto.conf LINUXINCLUDE=-include generated/autoconf.h -I/usr/src/linux-headers-5.4.0-86-generic/arch/x86/include/mach-xen -D__XEN_INTERFACE_VERSION__= -I/usr/src/linux-headers-5.4.0-86-generic/arch/x86/include -Iarch/x86/include/generated -Iinclude -I/usr/src/linux-headers-5.4.0-86-generic/arch/x86/include/uapi -Iarch/x86/include/generated/uapi -I/usr/src/linux-headers-5.4.0-86-generic/include -I/usr/src/linux-headers-5.4.0-86-generic/include/uapi -Iinclude/generated/uapi -I/usr/src/linux-headers-5.4.0-86-generic/arch/x86/include -Iarch/x86/include/generated -I/usr/src/linux-headers-5.4.0-86-generic/arch/x86/include -I/usr/src/linux-headers-5.4.0-86-generic/arch/x86/include/generated -I/usr/src/linux-headers-5.4.0-86-generic/include -I/usr/src/linux-headers-5.4.0-86-generic/include -I/usr/src/linux-headers-5.4.0-86-generic/include2 -include /usr/src/linux-headers-5.4.0-86-generic/include/linux/kconfig.h -o tmp_include_depends -o scripts -o include/config/MARKER -C /usr/src/linux-headers-5.4.0-86-generic EXTRA_CFLAGS=-Werror-implicit-function-declaration -Wno-unused-variable -Wno-uninitialized  CROSS_COMPILE= M=/home/lingbo11/zxm/rdma-kerndriver/compat/build/build_qdyus >/dev/null 2>/home/lingbo11/zxm/rdma-kerndriver/compat/build/build_qdyus/output.log; [ 0 -ne 0 ] && cat /home/lingbo11/zxm/rdma-kerndriver/compat/build/build_qdyus/output.log 1>&2 && false || config/warning_filter.sh /home/lingbo11/zxm/rdma-kerndriver/compat/build/build_qdyus/output.log
configure:8528: env CROSS_COMPILE= make -d modules LD=ld CC=gcc -f /home/lingbo11/zxm/rdma-kerndriver/compat/build/build_MuJCG/Makefile MLNX_LINUX_CONFIG=/usr/src/linux-headers-5.4.0-86-generic/include/config/auto.conf LINUXINCLUDE=-include generated/autoconf.h -I/usr/src/linux-headers-5.4.0-86-generic/arch/x86/include/mach-xen -D__XEN_INTERFACE_VERSION__= -I/usr/src/linux-headers-5.4.0-86-generic/arch/x86/include -Iarch/x86/include/generated -Iinclude -I/usr/src/linux-headers-5.4.0-86-generic/arch/x86/include/uapi -Iarch/x86/include/generated/uapi -I/usr/src/linux-headers-5.4.0-86-generic/include -I/usr/src/linux-headers-5.4.0-86-generic/include/uapi -Iinclude/generated/uapi -I/usr/src/linux-headers-5.4.0-86-generic/arch/x86/include -Iarch/x86/include/generated -I/usr/src/linux-headers-5.4.0-86-generic/arch/x86/include -I/usr/src/linux-headers-5.4.0-86-generic/arch/x86/include/generated -I/usr/src/linux-headers-5.4.0-86-generic/include -I/usr/src/linux-headers-5.4.0-86-generic/include -I/usr/src/linux-headers-5.4.0-86-generic/include2 -include /usr/src/linux-headers-5.4.0-86-generic/include/linux/kconfig.h -o tmp_include_depends -o scripts -o include/config/MARKER -C /usr/src/linux-headers-5.4.0-86-generic EXTRA_CFLAGS=-Werror-implicit-function-declaration -Wno-unused-variable -Wno-uninitialized  CROSS_COMPILE= M=/home/lingbo11/zxm/rdma-kerndriver/compat/build/build_MuJCG >/dev/null 2>/home/lingbo11/zxm/rdma-kerndriver/compat/build/build_MuJCG/output.log; [ 0 -ne 0 ] && cat /home/lingbo11/zxm/rdma-kerndriver/compat/build/build_MuJCG/output.log 1>&2 && false || config/warning_filter.sh /home/lingbo11/zxm/rdma-kerndriver/compat/build/build_MuJCG/output.log
configure:10078: checking if mm has get_user_pages_remote with 8 parameters
configure:10230: checking if mm has get_user_pages_remote with 8 parameters with locked
configure:8678: env CROSS_COMPILE= make -d modules LD=ld CC=gcc -f /home/lingbo11/zxm/rdma-kerndriver/compat/build/build_KorXz/Makefile MLNX_LINUX_CONFIG=/usr/src/linux-headers-5.4.0-86-generic/include/config/auto.conf LINUXINCLUDE=-include generated/autoconf.h -I/usr/src/linux-headers-5.4.0-86-generic/arch/x86/include/mach-xen -D__XEN_INTERFACE_VERSION__= -I/usr/src/linux-headers-5.4.0-86-generic/arch/x86/include -Iarch/x86/include/generated -Iinclude -I/usr/src/linux-headers-5.4.0-86-generic/arch/x86/include/uapi -Iarch/x86/include/generated/uapi -I/usr/src/linux-headers-5.4.0-86-generic/include -I/usr/src/linux-headers-5.4.0-86-generic/include/uapi -Iinclude/generated/uapi -I/usr/src/linux-headers-5.4.0-86-generic/arch/x86/include -Iarch/x86/include/generated -I/usr/src/linux-headers-5.4.0-86-generic/arch/x86/include -I/usr/src/linux-headers-5.4.0-86-generic/arch/x86/include/generated -I/usr/src/linux-headers-5.4.0-86-generic/include -I/usr/src/linux-headers-5.4.0-86-generic/include -I/usr/src/linux-headers-5.4.0-86-generic/include2 -include /usr/src/linux-headers-5.4.0-86-generic/include/linux/kconfig.h -o tmp_include_depends -o scripts -o include/config/MARKER -C /usr/src/linux-headers-5.4.0-86-generic EXTRA_CFLAGS=-Werror-implicit-function-declaration -Wno-unused-variable -Wno-uninitialized  CROSS_COMPILE= M=/home/lingbo11/zxm/rdma-kerndriver/compat/build/build_KorXz >/dev/null 2>/home/lingbo11/zxm/rdma-kerndriver/compat/build/build_KorXz/output.log; [ 0 -ne 0 ] && cat /home/lingbo11/zxm/rdma-kerndriver/compat/build/build_KorXz/output.log 1>&2 && false || config/warning_filter.sh /home/lingbo11/zxm/rdma-kerndriver/compat/build/build_KorXz/output.log
configure:10382: checking if kernel.h has int_pow
configure:10532: checking if prandom.h has get_random_u32_inclusive
configure:8982: env CROSS_COMPILE= make -d modules LD=ld CC=gcc -f /home/lingbo11/zxm/rdma-kerndriver/compat/build/build_T7kOy/Makefile MLNX_LINUX_CONFIG=/usr/src/linux-headers-5.4.0-86-generic/include/config/auto.conf LINUXINCLUDE=-include generated/autoconf.h -I/usr/src/linux-headers-5.4.0-86-generic/arch/x86/include/mach-xen -D__XEN_INTERFACE_VERSION__= -I/usr/src/linux-headers-5.4.0-86-generic/arch/x86/include -Iarch/x86/include/generated -Iinclude -I/usr/src/linux-headers-5.4.0-86-generic/arch/x86/include/uapi -Iarch/x86/include/generated/uapi -I/usr/src/linux-headers-5.4.0-86-generic/include -I/usr/src/linux-headers-5.4.0-86-generic/include/uapi -Iinclude/generated/uapi -I/usr/src/linux-headers-5.4.0-86-generic/arch/x86/include -Iarch/x86/include/generated -I/usr/src/linux-headers-5.4.0-86-generic/arch/x86/include -I/usr/src/linux-headers-5.4.0-86-generic/arch/x86/include/generated -I/usr/src/linux-headers-5.4.0-86-generic/include -I/usr/src/linux-headers-5.4.0-86-generic/include -I/usr/src/linux-headers-5.4.0-86-generic/include2 -include /usr/src/linux-headers-5.4.0-86-generic/include/linux/kconfig.h -o tmp_include_depends -o scripts -o include/config/MARKER -C /usr/src/linux-headers-5.4.0-86-generic EXTRA_CFLAGS=-Werror-implicit-function-declaration -Wno-unused-variable -Wno-uninitialized  CROSS_COMPILE= M=/home/lingbo11/zxm/rdma-kerndriver/compat/build/build_T7kOy >/dev/null 2>/home/lingbo11/zxm/rdma-kerndriver/compat/build/build_T7kOy/output.log; [ 0 -ne 0 ] && cat /home/lingbo11/zxm/rdma-kerndriver/compat/build/build_T7kOy/output.log 1>&2 && false || config/warning_filter.sh /home/lingbo11/zxm/rdma-kerndriver/compat/build/build_T7kOy/output.log
configure:10684: checking if random.h has get_random_u8
configure:8830: env CROSS_COMPILE= make -d modules LD=ld CC=gcc -f /home/lingbo11/zxm/rdma-kerndriver/compat/build/build_HSEoX/Makefile MLNX_LINUX_CONFIG=/usr/src/linux-headers-5.4.0-86-generic/include/config/auto.conf LINUXINCLUDE=-include generated/autoconf.h -I/usr/src/linux-headers-5.4.0-86-generic/arch/x86/include/mach-xen -D__XEN_INTERFACE_VERSION__= -I/usr/src/linux-headers-5.4.0-86-generic/arch/x86/include -Iarch/x86/include/generated -Iinclude -I/usr/src/linux-headers-5.4.0-86-generic/arch/x86/include/uapi -Iarch/x86/include/generated/uapi -I/usr/src/linux-headers-5.4.0-86-generic/include -I/usr/src/linux-headers-5.4.0-86-generic/include/uapi -Iinclude/generated/uapi -I/usr/src/linux-headers-5.4.0-86-generic/arch/x86/include -Iarch/x86/include/generated -I/usr/src/linux-headers-5.4.0-86-generic/arch/x86/include -I/usr/src/linux-headers-5.4.0-86-generic/arch/x86/include/generated -I/usr/src/linux-headers-5.4.0-86-generic/include -I/usr/src/linux-headers-5.4.0-86-generic/include -I/usr/src/linux-headers-5.4.0-86-generic/include2 -include /usr/src/linux-headers-5.4.0-86-generic/include/linux/kconfig.h -o tmp_include_depends -o scripts -o include/config/MARKER -C /usr/src/linux-headers-5.4.0-86-generic EXTRA_CFLAGS=-Werror-implicit-function-declaration -Wno-unused-variable -Wno-uninitialized  CROSS_COMPILE= M=/home/lingbo11/zxm/rdma-kerndriver/compat/build/build_HSEoX >/dev/null 2>/home/lingbo11/zxm/rdma-kerndriver/compat/build/build_HSEoX/output.log; [ 0 -ne 0 ] && cat /home/lingbo11/zxm/rdma-kerndriver/compat/build/build_HSEoX/output.log 1>&2 && false || config/warning_filter.sh /home/lingbo11/zxm/rdma-kerndriver/compat/build/build_HSEoX/output.log
configure:9134: env CROSS_COMPILE= make -d modules LD=ld CC=gcc -f /home/lingbo11/zxm/rdma-kerndriver/compat/build/build_ZFlLc/Makefile MLNX_LINUX_CONFIG=/usr/src/linux-headers-5.4.0-86-generic/include/config/auto.conf LINUXINCLUDE=-include generated/autoconf.h -I/usr/src/linux-headers-5.4.0-86-generic/arch/x86/include/mach-xen -D__XEN_INTERFACE_VERSION__= -I/usr/src/linux-headers-5.4.0-86-generic/arch/x86/include -Iarch/x86/include/generated -Iinclude -I/usr/src/linux-headers-5.4.0-86-generic/arch/x86/include/uapi -Iarch/x86/include/generated/uapi -I/usr/src/linux-headers-5.4.0-86-generic/include -I/usr/src/linux-headers-5.4.0-86-generic/include/uapi -Iinclude/generated/uapi -I/usr/src/linux-headers-5.4.0-86-generic/arch/x86/include -Iarch/x86/include/generated -I/usr/src/linux-headers-5.4.0-86-generic/arch/x86/include -I/usr/src/linux-headers-5.4.0-86-generic/arch/x86/include/generated -I/usr/src/linux-headers-5.4.0-86-generic/include -I/usr/src/linux-headers-5.4.0-86-generic/include -I/usr/src/linux-headers-5.4.0-86-generic/include2 -include /usr/src/linux-headers-5.4.0-86-generic/include/linux/kconfig.h -o tmp_include_depends -o scripts -o include/config/MARKER -C /usr/src/linux-headers-5.4.0-86-generic EXTRA_CFLAGS=-Werror-implicit-function-declaration -Wno-unused-variable -Wno-uninitialized  CROSS_COMPILE= M=/home/lingbo11/zxm/rdma-kerndriver/compat/build/build_ZFlLc >/dev/null 2>/home/lingbo11/zxm/rdma-kerndriver/compat/build/build_ZFlLc/output.log; [ 0 -ne 0 ] && cat /home/lingbo11/zxm/rdma-kerndriver/compat/build/build_ZFlLc/output.log 1>&2 && false || config/warning_filter.sh /home/lingbo11/zxm/rdma-kerndriver/compat/build/build_ZFlLc/output.log
configure:9438: env CROSS_COMPILE= make -d modules LD=ld CC=gcc -f /home/lingbo11/zxm/rdma-kerndriver/compat/build/build_VXEh0/Makefile MLNX_LINUX_CONFIG=/usr/src/linux-headers-5.4.0-86-generic/include/config/auto.conf LINUXINCLUDE=-include generated/autoconf.h -I/usr/src/linux-headers-5.4.0-86-generic/arch/x86/include/mach-xen -D__XEN_INTERFACE_VERSION__= -I/usr/src/linux-headers-5.4.0-86-generic/arch/x86/include -Iarch/x86/include/generated -Iinclude -I/usr/src/linux-headers-5.4.0-86-generic/arch/x86/include/uapi -Iarch/x86/include/generated/uapi -I/usr/src/linux-headers-5.4.0-86-generic/include -I/usr/src/linux-headers-5.4.0-86-generic/include/uapi -Iinclude/generated/uapi -I/usr/src/linux-headers-5.4.0-86-generic/arch/x86/include -Iarch/x86/include/generated -I/usr/src/linux-headers-5.4.0-86-generic/arch/x86/include -I/usr/src/linux-headers-5.4.0-86-generic/arch/x86/include/generated -I/usr/src/linux-headers-5.4.0-86-generic/include -I/usr/src/linux-headers-5.4.0-86-generic/include -I/usr/src/linux-headers-5.4.0-86-generic/include2 -include /usr/src/linux-headers-5.4.0-86-generic/include/linux/kconfig.h -o tmp_include_depends -o scripts -o include/config/MARKER -C /usr/src/linux-headers-5.4.0-86-generic EXTRA_CFLAGS=-Werror-implicit-function-declaration -Wno-unused-variable -Wno-uninitialized  CROSS_COMPILE= M=/home/lingbo11/zxm/rdma-kerndriver/compat/build/build_VXEh0 >/dev/null 2>/home/lingbo11/zxm/rdma-kerndriver/compat/build/build_VXEh0/output.log; [ 0 -ne 0 ] && cat /home/lingbo11/zxm/rdma-kerndriver/compat/build/build_VXEh0/output.log 1>&2 && false || config/warning_filter.sh /home/lingbo11/zxm/rdma-kerndriver/compat/build/build_VXEh0/output.log
configure:9590: env CROSS_COMPILE= make -d modules LD=ld CC=gcc -f /home/lingbo11/zxm/rdma-kerndriver/compat/build/build_llaWg/Makefile MLNX_LINUX_CONFIG=/usr/src/linux-headers-5.4.0-86-generic/include/config/auto.conf LINUXINCLUDE=-include generated/autoconf.h -I/usr/src/linux-headers-5.4.0-86-generic/arch/x86/include/mach-xen -D__XEN_INTERFACE_VERSION__= -I/usr/src/linux-headers-5.4.0-86-generic/arch/x86/include -Iarch/x86/include/generated -Iinclude -I/usr/src/linux-headers-5.4.0-86-generic/arch/x86/include/uapi -Iarch/x86/include/generated/uapi -I/usr/src/linux-headers-5.4.0-86-generic/include -I/usr/src/linux-headers-5.4.0-86-generic/include/uapi -Iinclude/generated/uapi -I/usr/src/linux-headers-5.4.0-86-generic/arch/x86/include -Iarch/x86/include/generated -I/usr/src/linux-headers-5.4.0-86-generic/arch/x86/include -I/usr/src/linux-headers-5.4.0-86-generic/arch/x86/include/generated -I/usr/src/linux-headers-5.4.0-86-generic/include -I/usr/src/linux-headers-5.4.0-86-generic/include -I/usr/src/linux-headers-5.4.0-86-generic/include2 -include /usr/src/linux-headers-5.4.0-86-generic/include/linux/kconfig.h -o tmp_include_depends -o scripts -o include/config/MARKER -C /usr/src/linux-headers-5.4.0-86-generic EXTRA_CFLAGS=-Werror-implicit-function-declaration -Wno-unused-variable -Wno-uninitialized  CROSS_COMPILE= M=/home/lingbo11/zxm/rdma-kerndriver/compat/build/build_llaWg >/dev/null 2>/home/lingbo11/zxm/rdma-kerndriver/compat/build/build_llaWg/output.log; [ 0 -ne 0 ] && cat /home/lingbo11/zxm/rdma-kerndriver/compat/build/build_llaWg/output.log 1>&2 && false || config/warning_filter.sh /home/lingbo11/zxm/rdma-kerndriver/compat/build/build_llaWg/output.log
configure:9286: env CROSS_COMPILE= make -d modules LD=ld CC=gcc -f /home/lingbo11/zxm/rdma-kerndriver/compat/build/build_i5EUC/Makefile MLNX_LINUX_CONFIG=/usr/src/linux-headers-5.4.0-86-generic/include/config/auto.conf LINUXINCLUDE=-include generated/autoconf.h -I/usr/src/linux-headers-5.4.0-86-generic/arch/x86/include/mach-xen -D__XEN_INTERFACE_VERSION__= -I/usr/src/linux-headers-5.4.0-86-generic/arch/x86/include -Iarch/x86/include/generated -Iinclude -I/usr/src/linux-headers-5.4.0-86-generic/arch/x86/include/uapi -Iarch/x86/include/generated/uapi -I/usr/src/linux-headers-5.4.0-86-generic/include -I/usr/src/linux-headers-5.4.0-86-generic/include/uapi -Iinclude/generated/uapi -I/usr/src/linux-headers-5.4.0-86-generic/arch/x86/include -Iarch/x86/include/generated -I/usr/src/linux-headers-5.4.0-86-generic/arch/x86/include -I/usr/src/linux-headers-5.4.0-86-generic/arch/x86/include/generated -I/usr/src/linux-headers-5.4.0-86-generic/include -I/usr/src/linux-headers-5.4.0-86-generic/include -I/usr/src/linux-headers-5.4.0-86-generic/include2 -include /usr/src/linux-headers-5.4.0-86-generic/include/linux/kconfig.h -o tmp_include_depends -o scripts -o include/config/MARKER -C /usr/src/linux-headers-5.4.0-86-generic EXTRA_CFLAGS=-Werror-implicit-function-declaration -Wno-unused-variable -Wno-uninitialized  CROSS_COMPILE= M=/home/lingbo11/zxm/rdma-kerndriver/compat/build/build_i5EUC >/dev/null 2>/home/lingbo11/zxm/rdma-kerndriver/compat/build/build_i5EUC/output.log; [ 0 -ne 0 ] && cat /home/lingbo11/zxm/rdma-kerndriver/compat/build/build_i5EUC/output.log 1>&2 && false || config/warning_filter.sh /home/lingbo11/zxm/rdma-kerndriver/compat/build/build_i5EUC/output.log
configure:9892: env CROSS_COMPILE= make -d modules LD=ld CC=gcc -f /home/lingbo11/zxm/rdma-kerndriver/compat/build/build_qQfJB/Makefile MLNX_LINUX_CONFIG=/usr/src/linux-headers-5.4.0-86-generic/include/config/auto.conf LINUXINCLUDE=-include generated/autoconf.h -I/usr/src/linux-headers-5.4.0-86-generic/arch/x86/include/mach-xen -D__XEN_INTERFACE_VERSION__= -I/usr/src/linux-headers-5.4.0-86-generic/arch/x86/include -Iarch/x86/include/generated -Iinclude -I/usr/src/linux-headers-5.4.0-86-generic/arch/x86/include/uapi -Iarch/x86/include/generated/uapi -I/usr/src/linux-headers-5.4.0-86-generic/include -I/usr/src/linux-headers-5.4.0-86-generic/include/uapi -Iinclude/generated/uapi -I/usr/src/linux-headers-5.4.0-86-generic/arch/x86/include -Iarch/x86/include/generated -I/usr/src/linux-headers-5.4.0-86-generic/arch/x86/include -I/usr/src/linux-headers-5.4.0-86-generic/arch/x86/include/generated -I/usr/src/linux-headers-5.4.0-86-generic/include -I/usr/src/linux-headers-5.4.0-86-generic/include -I/usr/src/linux-headers-5.4.0-86-generic/include2 -include /usr/src/linux-headers-5.4.0-86-generic/include/linux/kconfig.h -o tmp_include_depends -o scripts -o include/config/MARKER -C /usr/src/linux-headers-5.4.0-86-generic EXTRA_CFLAGS=-Werror-implicit-function-declaration -Wno-unused-variable -Wno-uninitialized  CROSS_COMPILE= M=/home/lingbo11/zxm/rdma-kerndriver/compat/build/build_qQfJB >/dev/null 2>/home/lingbo11/zxm/rdma-kerndriver/compat/build/build_qQfJB/output.log; [ 0 -ne 0 ] && cat /home/lingbo11/zxm/rdma-kerndriver/compat/build/build_qQfJB/output.log 1>&2 && false || config/warning_filter.sh /home/lingbo11/zxm/rdma-kerndriver/compat/build/build_qQfJB/output.log
configure:9740: env CROSS_COMPILE= make -d modules LD=ld CC=gcc -f /home/lingbo11/zxm/rdma-kerndriver/compat/build/build_zCvQY/Makefile MLNX_LINUX_CONFIG=/usr/src/linux-headers-5.4.0-86-generic/include/config/auto.conf LINUXINCLUDE=-include generated/autoconf.h -I/usr/src/linux-headers-5.4.0-86-generic/arch/x86/include/mach-xen -D__XEN_INTERFACE_VERSION__= -I/usr/src/linux-headers-5.4.0-86-generic/arch/x86/include -Iarch/x86/include/generated -Iinclude -I/usr/src/linux-headers-5.4.0-86-generic/arch/x86/include/uapi -Iarch/x86/include/generated/uapi -I/usr/src/linux-headers-5.4.0-86-generic/include -I/usr/src/linux-headers-5.4.0-86-generic/include/uapi -Iinclude/generated/uapi -I/usr/src/linux-headers-5.4.0-86-generic/arch/x86/include -Iarch/x86/include/generated -I/usr/src/linux-headers-5.4.0-86-generic/arch/x86/include -I/usr/src/linux-headers-5.4.0-86-generic/arch/x86/include/generated -I/usr/src/linux-headers-5.4.0-86-generic/include -I/usr/src/linux-headers-5.4.0-86-generic/include -I/usr/src/linux-headers-5.4.0-86-generic/include2 -include /usr/src/linux-headers-5.4.0-86-generic/include/linux/kconfig.h -o tmp_include_depends -o scripts -o include/config/MARKER -C /usr/src/linux-headers-5.4.0-86-generic EXTRA_CFLAGS=-Werror-implicit-function-declaration -Wno-unused-variable -Wno-uninitialized  CROSS_COMPILE= M=/home/lingbo11/zxm/rdma-kerndriver/compat/build/build_zCvQY >/dev/null 2>/home/lingbo11/zxm/rdma-kerndriver/compat/build/build_zCvQY/output.log; [ 0 -ne 0 ] && cat /home/lingbo11/zxm/rdma-kerndriver/compat/build/build_zCvQY/output.log 1>&2 && false || config/warning_filter.sh /home/lingbo11/zxm/rdma-kerndriver/compat/build/build_zCvQY/output.log
configure:10196: env CROSS_COMPILE= make -d modules LD=ld CC=gcc -f /home/lingbo11/zxm/rdma-kerndriver/compat/build/build_9TvJN/Makefile MLNX_LINUX_CONFIG=/usr/src/linux-headers-5.4.0-86-generic/include/config/auto.conf LINUXINCLUDE=-include generated/autoconf.h -I/usr/src/linux-headers-5.4.0-86-generic/arch/x86/include/mach-xen -D__XEN_INTERFACE_VERSION__= -I/usr/src/linux-headers-5.4.0-86-generic/arch/x86/include -Iarch/x86/include/generated -Iinclude -I/usr/src/linux-headers-5.4.0-86-generic/arch/x86/include/uapi -Iarch/x86/include/generated/uapi -I/usr/src/linux-headers-5.4.0-86-generic/include -I/usr/src/linux-headers-5.4.0-86-generic/include/uapi -Iinclude/generated/uapi -I/usr/src/linux-headers-5.4.0-86-generic/arch/x86/include -Iarch/x86/include/generated -I/usr/src/linux-headers-5.4.0-86-generic/arch/x86/include -I/usr/src/linux-headers-5.4.0-86-generic/arch/x86/include/generated -I/usr/src/linux-headers-5.4.0-86-generic/include -I/usr/src/linux-headers-5.4.0-86-generic/include -I/usr/src/linux-headers-5.4.0-86-generic/include2 -include /usr/src/linux-headers-5.4.0-86-generic/include/linux/kconfig.h -o tmp_include_depends -o scripts -o include/config/MARKER -C /usr/src/linux-headers-5.4.0-86-generic EXTRA_CFLAGS=-Werror-implicit-function-declaration -Wno-unused-variable -Wno-uninitialized  CROSS_COMPILE= M=/home/lingbo11/zxm/rdma-kerndriver/compat/build/build_9TvJN >/dev/null 2>/home/lingbo11/zxm/rdma-kerndriver/compat/build/build_9TvJN/output.log; [ 0 -ne 0 ] && cat /home/lingbo11/zxm/rdma-kerndriver/compat/build/build_9TvJN/output.log 1>&2 && false || config/warning_filter.sh /home/lingbo11/zxm/rdma-kerndriver/compat/build/build_9TvJN/output.log
configure:10044: env CROSS_COMPILE= make -d modules LD=ld CC=gcc -f /home/lingbo11/zxm/rdma-kerndriver/compat/build/build_NAvA9/Makefile MLNX_LINUX_CONFIG=/usr/src/linux-headers-5.4.0-86-generic/include/config/auto.conf LINUXINCLUDE=-include generated/autoconf.h -I/usr/src/linux-headers-5.4.0-86-generic/arch/x86/include/mach-xen -D__XEN_INTERFACE_VERSION__= -I/usr/src/linux-headers-5.4.0-86-generic/arch/x86/include -Iarch/x86/include/generated -Iinclude -I/usr/src/linux-headers-5.4.0-86-generic/arch/x86/include/uapi -Iarch/x86/include/generated/uapi -I/usr/src/linux-headers-5.4.0-86-generic/include -I/usr/src/linux-headers-5.4.0-86-generic/include/uapi -Iinclude/generated/uapi -I/usr/src/linux-headers-5.4.0-86-generic/arch/x86/include -Iarch/x86/include/generated -I/usr/src/linux-headers-5.4.0-86-generic/arch/x86/include -I/usr/src/linux-headers-5.4.0-86-generic/arch/x86/include/generated -I/usr/src/linux-headers-5.4.0-86-generic/include -I/usr/src/linux-headers-5.4.0-86-generic/include -I/usr/src/linux-headers-5.4.0-86-generic/include2 -include /usr/src/linux-headers-5.4.0-86-generic/include/linux/kconfig.h -o tmp_include_depends -o scripts -o include/config/MARKER -C /usr/src/linux-headers-5.4.0-86-generic EXTRA_CFLAGS=-Werror-implicit-function-declaration -Wno-unused-variable -Wno-uninitialized  CROSS_COMPILE= M=/home/lingbo11/zxm/rdma-kerndriver/compat/build/build_NAvA9 >/dev/null 2>/home/lingbo11/zxm/rdma-kerndriver/compat/build/build_NAvA9/output.log; [ 0 -ne 0 ] && cat /home/lingbo11/zxm/rdma-kerndriver/compat/build/build_NAvA9/output.log 1>&2 && false || config/warning_filter.sh /home/lingbo11/zxm/rdma-kerndriver/compat/build/build_NAvA9/output.log
configure:10348: env CROSS_COMPILE= make -d modules LD=ld CC=gcc -f /home/lingbo11/zxm/rdma-kerndriver/compat/build/build_Ary6U/Makefile MLNX_LINUX_CONFIG=/usr/src/linux-headers-5.4.0-86-generic/include/config/auto.conf LINUXINCLUDE=-include generated/autoconf.h -I/usr/src/linux-headers-5.4.0-86-generic/arch/x86/include/mach-xen -D__XEN_INTERFACE_VERSION__= -I/usr/src/linux-headers-5.4.0-86-generic/arch/x86/include -Iarch/x86/include/generated -Iinclude -I/usr/src/linux-headers-5.4.0-86-generic/arch/x86/include/uapi -Iarch/x86/include/generated/uapi -I/usr/src/linux-headers-5.4.0-86-generic/include -I/usr/src/linux-headers-5.4.0-86-generic/include/uapi -Iinclude/generated/uapi -I/usr/src/linux-headers-5.4.0-86-generic/arch/x86/include -Iarch/x86/include/generated -I/usr/src/linux-headers-5.4.0-86-generic/arch/x86/include -I/usr/src/linux-headers-5.4.0-86-generic/arch/x86/include/generated -I/usr/src/linux-headers-5.4.0-86-generic/include -I/usr/src/linux-headers-5.4.0-86-generic/include -I/usr/src/linux-headers-5.4.0-86-generic/include2 -include /usr/src/linux-headers-5.4.0-86-generic/include/linux/kconfig.h -o tmp_include_depends -o scripts -o include/config/MARKER -C /usr/src/linux-headers-5.4.0-86-generic EXTRA_CFLAGS=-Werror-implicit-function-declaration -Wno-unused-variable -Wno-uninitialized  CROSS_COMPILE= M=/home/lingbo11/zxm/rdma-kerndriver/compat/build/build_Ary6U >/dev/null 2>/home/lingbo11/zxm/rdma-kerndriver/compat/build/build_Ary6U/output.log; [ 0 -ne 0 ] && cat /home/lingbo11/zxm/rdma-kerndriver/compat/build/build_Ary6U/output.log 1>&2 && false || config/warning_filter.sh /home/lingbo11/zxm/rdma-kerndriver/compat/build/build_Ary6U/output.log
configure:10498: env CROSS_COMPILE= make -d modules LD=ld CC=gcc -f /home/lingbo11/zxm/rdma-kerndriver/compat/build/build_TlVFb/Makefile MLNX_LINUX_CONFIG=/usr/src/linux-headers-5.4.0-86-generic/include/config/auto.conf LINUXINCLUDE=-include generated/autoconf.h -I/usr/src/linux-headers-5.4.0-86-generic/arch/x86/include/mach-xen -D__XEN_INTERFACE_VERSION__= -I/usr/src/linux-headers-5.4.0-86-generic/arch/x86/include -Iarch/x86/include/generated -Iinclude -I/usr/src/linux-headers-5.4.0-86-generic/arch/x86/include/uapi -Iarch/x86/include/generated/uapi -I/usr/src/linux-headers-5.4.0-86-generic/include -I/usr/src/linux-headers-5.4.0-86-generic/include/uapi -Iinclude/generated/uapi -I/usr/src/linux-headers-5.4.0-86-generic/arch/x86/include -Iarch/x86/include/generated -I/usr/src/linux-headers-5.4.0-86-generic/arch/x86/include -I/usr/src/linux-headers-5.4.0-86-generic/arch/x86/include/generated -I/usr/src/linux-headers-5.4.0-86-generic/include -I/usr/src/linux-headers-5.4.0-86-generic/include -I/usr/src/linux-headers-5.4.0-86-generic/include2 -include /usr/src/linux-headers-5.4.0-86-generic/include/linux/kconfig.h -o tmp_include_depends -o scripts -o include/config/MARKER -C /usr/src/linux-headers-5.4.0-86-generic EXTRA_CFLAGS=-Werror-implicit-function-declaration -Wno-unused-variable -Wno-uninitialized  CROSS_COMPILE= M=/home/lingbo11/zxm/rdma-kerndriver/compat/build/build_TlVFb >/dev/null 2>/home/lingbo11/zxm/rdma-kerndriver/compat/build/build_TlVFb/output.log; [ 0 -ne 0 ] && cat /home/lingbo11/zxm/rdma-kerndriver/compat/build/build_TlVFb/output.log 1>&2 && false || config/warning_filter.sh /home/lingbo11/zxm/rdma-kerndriver/compat/build/build_TlVFb/output.log
configure:10650: env CROSS_COMPILE= make -d modules LD=ld CC=gcc -f /home/lingbo11/zxm/rdma-kerndriver/compat/build/build_M5ume/Makefile MLNX_LINUX_CONFIG=/usr/src/linux-headers-5.4.0-86-generic/include/config/auto.conf LINUXINCLUDE=-include generated/autoconf.h -I/usr/src/linux-headers-5.4.0-86-generic/arch/x86/include/mach-xen -D__XEN_INTERFACE_VERSION__= -I/usr/src/linux-headers-5.4.0-86-generic/arch/x86/include -Iarch/x86/include/generated -Iinclude -I/usr/src/linux-headers-5.4.0-86-generic/arch/x86/include/uapi -Iarch/x86/include/generated/uapi -I/usr/src/linux-headers-5.4.0-86-generic/include -I/usr/src/linux-headers-5.4.0-86-generic/include/uapi -Iinclude/generated/uapi -I/usr/src/linux-headers-5.4.0-86-generic/arch/x86/include -Iarch/x86/include/generated -I/usr/src/linux-headers-5.4.0-86-generic/arch/x86/include -I/usr/src/linux-headers-5.4.0-86-generic/arch/x86/include/generated -I/usr/src/linux-headers-5.4.0-86-generic/include -I/usr/src/linux-headers-5.4.0-86-generic/include -I/usr/src/linux-headers-5.4.0-86-generic/include2 -include /usr/src/linux-headers-5.4.0-86-generic/include/linux/kconfig.h -o tmp_include_depends -o scripts -o include/config/MARKER -C /usr/src/linux-headers-5.4.0-86-generic EXTRA_CFLAGS=-Werror-implicit-function-declaration -Wno-unused-variable -Wno-uninitialized  CROSS_COMPILE= M=/home/lingbo11/zxm/rdma-kerndriver/compat/build/build_M5ume >/dev/null 2>/home/lingbo11/zxm/rdma-kerndriver/compat/build/build_M5ume/output.log; [ 0 -ne 0 ] && cat /home/lingbo11/zxm/rdma-kerndriver/compat/build/build_M5ume/output.log 1>&2 && false || config/warning_filter.sh /home/lingbo11/zxm/rdma-kerndriver/compat/build/build_M5ume/output.log
/home/lingbo11/zxm/rdma-kerndriver/compat/build/build_0cXv2/conftest.c:26:12: fatal error: linux/dpll.h: No such file or directory
   26 |   #include <linux/dpll.h>
      |            ^~~~~~~~~~~~~~
compilation terminated.
make[1]: *** [scripts/Makefile.build:270: /home/lingbo11/zxm/rdma-kerndriver/compat/build/build_0cXv2/conftest.o] Error 1
make: *** [Makefile:1762: /home/lingbo11/zxm/rdma-kerndriver/compat/build/build_0cXv2] Error 2
/home/lingbo11/zxm/rdma-kerndriver/compat/build/build_0cXv2/conftest.c:26:12: fatal error: linux/dpll.h: No such file or directory
   26 |   #include <linux/dpll.h>
      |            ^~~~~~~~~~~~~~
compilation terminated.
make[1]: *** [scripts/Makefile.build:270: /home/lingbo11/zxm/rdma-kerndriver/compat/build/build_0cXv2/conftest.o] Error 1
make: *** [Makefile:1762: /home/lingbo11/zxm/rdma-kerndriver/compat/build/build_0cXv2] Error 2
configure:5949: $? = 0
configure:5951: test -s /home/lingbo11/zxm/rdma-kerndriver/compat/build/build_0cXv2/conftest.o
configure:5954: $? = 1
configure: failed program was:
| /* confdefs.h.  */
| /* confdefs.h */
| #define PACKAGE_NAME "compat_mlnx"
| #define PACKAGE_TARNAME "compat_mlnx"
| #define PACKAGE_VERSION "2.3"
| #define PACKAGE_STRING "compat_mlnx 2.3"
| #define PACKAGE_BUGREPORT "http://support.mellanox.com/SupportWeb/service_center/SelfService"
| #define PACKAGE_URL ""
| #define PACKAGE "compat_mlnx"
| #define VERSION "2.3"
| #define STDC_HEADERS 1
| #define HAVE_SYS_TYPES_H 1
| #define HAVE_SYS_STAT_H 1
| #define HAVE_STDLIB_H 1
| #define HAVE_STRING_H 1
| #define HAVE_MEMORY_H 1
| #define HAVE_STRINGS_H 1
| #define HAVE_INTTYPES_H 1
| #define HAVE_STDINT_H 1
| #define HAVE_UNISTD_H 1
| #define SIZEOF_UNSIGNED_LONG_LONG 8
| /* end confdefs.h.  */
| 
| #include <linux/kernel.h>
| 
| 		#include <linux/dpll.h>
| 
| 		int my_lock_status_get(const struct dpll_device *dpll, void *dpll_priv,
| 		                               enum dpll_lock_status *status,
|                 		               enum dpll_lock_status_error *status_error,
|                                		       struct netlink_ext_ack *extack)
| 		{
| 			return 0;
| 		}
| 
| int
| main (void)
| {
| 
| 		struct dpll_device_ops ndops = {
| 			.lock_status_get = my_lock_status_get,
| 		};
| 
| 		return 0;
| 
|   ;
|   return 0;
| }
configure:5969: result: no
/home/lingbo11/zxm/rdma-kerndriver/compat/build/build_dwyC1/conftest.c:26:11: fatal error: linux/dpll.h: No such file or directory
   26 |  #include <linux/dpll.h>
      |           ^~~~~~~~~~~~~~
compilation terminated.
make[1]: *** [scripts/Makefile.build:270: /home/lingbo11/zxm/rdma-kerndriver/compat/build/build_dwyC1/conftest.o] Error 1
make: *** [Makefile:1762: /home/lingbo11/zxm/rdma-kerndriver/compat/build/build_dwyC1] Error 2
/home/lingbo11/zxm/rdma-kerndriver/compat/build/build_dwyC1/conftest.c:26:11: fatal error: linux/dpll.h: No such file or directory
   26 |  #include <linux/dpll.h>
      |           ^~~~~~~~~~~~~~
compilation terminated.
make[1]: *** [scripts/Makefile.build:270: /home/lingbo11/zxm/rdma-kerndriver/compat/build/build_dwyC1/conftest.o] Error 1
make: *** [Makefile:1762: /home/lingbo11/zxm/rdma-kerndriver/compat/build/build_dwyC1] Error 2
configure:6259: $? = 0
configure:6261: test -s /home/lingbo11/zxm/rdma-kerndriver/compat/build/build_dwyC1/conftest.o
configure:6264: $? = 1
configure: failed program was:
| /* confdefs.h.  */
| /* confdefs.h */
| #define PACKAGE_NAME "compat_mlnx"
| #define PACKAGE_TARNAME "compat_mlnx"
| #define PACKAGE_VERSION "2.3"
| #define PACKAGE_STRING "compat_mlnx 2.3"
| #define PACKAGE_BUGREPORT "http://support.mellanox.com/SupportWeb/service_center/SelfService"
| #define PACKAGE_URL ""
| #define PACKAGE "compat_mlnx"
| #define VERSION "2.3"
| #define STDC_HEADERS 1
| #define HAVE_SYS_TYPES_H 1
| #define HAVE_SYS_STAT_H 1
| #define HAVE_STDLIB_H 1
| #define HAVE_STRING_H 1
| #define HAVE_MEMORY_H 1
| #define HAVE_STRINGS_H 1
| #define HAVE_INTTYPES_H 1
| #define HAVE_STDINT_H 1
| #define HAVE_UNISTD_H 1
| #define SIZEOF_UNSIGNED_LONG_LONG 8
| /* end confdefs.h.  */
| 
| #include <linux/kernel.h>
| 
| 	#include <linux/dpll.h>
| 
| int
| main (void)
| {
| 
| 		struct dpll_pin_ops pin_ops;
| 
| 		pin_ops.ffo_get = NULL;
| 
| 		return 0;
| 
|   ;
|   return 0;
| }
configure:6279: result: no
/home/lingbo11/zxm/rdma-kerndriver/compat/build/build_490BR/conftest.c:26:11: fatal error: linux/dpll.h: No such file or directory
   26 |  #include <linux/dpll.h>
      |           ^~~~~~~~~~~~~~
compilation terminated.
make[1]: *** [scripts/Makefile.build:270: /home/lingbo11/zxm/rdma-kerndriver/compat/build/build_490BR/conftest.o] Error 1
make: *** [Makefile:1762: /home/lingbo11/zxm/rdma-kerndriver/compat/build/build_490BR] Error 2
/home/lingbo11/zxm/rdma-kerndriver/compat/build/build_ARaXm/conftest.c:26:11: fatal error: linux/dpll.h: No such file or directory
   26 |  #include <linux/dpll.h>
      |           ^~~~~~~~~~~~~~
compilation terminated.
make[1]: *** [scripts/Makefile.build:270: /home/lingbo11/zxm/rdma-kerndriver/compat/build/build_ARaXm/conftest.o] Error 1
make: *** [Makefile:1762: /home/lingbo11/zxm/rdma-kerndriver/compat/build/build_ARaXm] Error 2
/home/lingbo11/zxm/rdma-kerndriver/compat/build/build_490BR/conftest.c:26:11: fatal error: linux/dpll.h: No such file or directory
   26 |  #include <linux/dpll.h>
      |           ^~~~~~~~~~~~~~
compilation terminated.
make[1]: *** [scripts/Makefile.build:270: /home/lingbo11/zxm/rdma-kerndriver/compat/build/build_490BR/conftest.o] Error 1
make: *** [Makefile:1762: /home/lingbo11/zxm/rdma-kerndriver/compat/build/build_490BR] Error 2
/home/lingbo11/zxm/rdma-kerndriver/compat/build/build_ARaXm/conftest.c:26:11: fatal error: linux/dpll.h: No such file or directory
   26 |  #include <linux/dpll.h>
      |           ^~~~~~~~~~~~~~
compilation terminated.
make[1]: *** [scripts/Makefile.build:270: /home/lingbo11/zxm/rdma-kerndriver/compat/build/build_ARaXm/conftest.o] Error 1
make: *** [Makefile:1762: /home/lingbo11/zxm/rdma-kerndriver/compat/build/build_ARaXm] Error 2
configure:6411: $? = 0
configure:6413: test -s /home/lingbo11/zxm/rdma-kerndriver/compat/build/build_490BR/conftest.o
configure:6416: $? = 1
configure: failed program was:
configure:6103: $? = 0
configure:6105: test -s /home/lingbo11/zxm/rdma-kerndriver/compat/build/build_ARaXm/conftest.o
configure:6108: $? = 1
configure: failed program was:
| /* confdefs.h.  */
| /* confdefs.h */
| #define PACKAGE_NAME "compat_mlnx"
| #define PACKAGE_TARNAME "compat_mlnx"
| #define PACKAGE_VERSION "2.3"
| #define PACKAGE_STRING "compat_mlnx 2.3"
| #define PACKAGE_BUGREPORT "http://support.mellanox.com/SupportWeb/service_center/SelfService"
| #define PACKAGE_URL ""
| #define PACKAGE "compat_mlnx"
| #define VERSION "2.3"
| #define STDC_HEADERS 1
| #define HAVE_SYS_TYPES_H 1
| #define HAVE_SYS_STAT_H 1
| #define HAVE_STDLIB_H 1
| #define HAVE_STRING_H 1
| #define HAVE_MEMORY_H 1
| #define HAVE_STRINGS_H 1
| #define HAVE_INTTYPES_H 1
| #define HAVE_STDINT_H 1
| #define HAVE_UNISTD_H 1
| #define SIZEOF_UNSIGNED_LONG_LONG 8
| /* end confdefs.h.  */
| 
| #include <linux/kernel.h>
| 
| 	#include <linux/dpll.h>
| 
| int
| main (void)
| {
| 
| 		dpll_netdev_pin_set(NULL, NULL);
| 
| 		return 0;
| 
|   ;
|   return 0;
| }
configure:6431: result: no
| /* confdefs.h.  */
| /* confdefs.h */
| #define PACKAGE_NAME "compat_mlnx"
| #define PACKAGE_TARNAME "compat_mlnx"
| #define PACKAGE_VERSION "2.3"
| #define PACKAGE_STRING "compat_mlnx 2.3"
| #define PACKAGE_BUGREPORT "http://support.mellanox.com/SupportWeb/service_center/SelfService"
| #define PACKAGE_URL ""
| #define PACKAGE "compat_mlnx"
| #define VERSION "2.3"
| #define STDC_HEADERS 1
| #define HAVE_SYS_TYPES_H 1
| #define HAVE_SYS_STAT_H 1
| #define HAVE_STDLIB_H 1
| #define HAVE_STRING_H 1
| #define HAVE_MEMORY_H 1
| #define HAVE_STRINGS_H 1
| #define HAVE_INTTYPES_H 1
| #define HAVE_STDINT_H 1
| #define HAVE_UNISTD_H 1
| #define SIZEOF_UNSIGNED_LONG_LONG 8
| /* end confdefs.h.  */
| 
| #include <linux/kernel.h>
| 
| 	#include <linux/dpll.h>
| 
| int
| main (void)
| {
| 
| 		struct dpll_pin_ops *pin_ops = NULL;
| 		struct dpll_device_ops *devce_ops = NULL;
| 
| 		return 0;
| 
|   ;
|   return 0;
| }
configure:6123: result: no
/home/lingbo11/zxm/rdma-kerndriver/compat/build/build_9fUId/conftest.c: In function ‘main’:
/home/lingbo11/zxm/rdma-kerndriver/compat/build/build_9fUId/conftest.c:32:3: error: implicit declaration of function ‘kvfree’; did you mean ‘kzfree’? [-Werror=implicit-function-declaration]
   32 |   kvfree(NULL);
      |   ^~~~~~
      |   kzfree
cc1: some warnings being treated as errors
make[1]: *** [scripts/Makefile.build:270: /home/lingbo11/zxm/rdma-kerndriver/compat/build/build_9fUId/conftest.o] Error 1
make: *** [Makefile:1762: /home/lingbo11/zxm/rdma-kerndriver/compat/build/build_9fUId] Error 2
/home/lingbo11/zxm/rdma-kerndriver/compat/build/build_9fUId/conftest.c: In function ‘main’:
/home/lingbo11/zxm/rdma-kerndriver/compat/build/build_9fUId/conftest.c:32:3: error: implicit declaration of function ‘kvfree’; did you mean ‘kzfree’? [-Werror=implicit-function-declaration]
   32 |   kvfree(NULL);
      |   ^~~~~~
      |   kzfree
cc1: some warnings being treated as errors
make[1]: *** [scripts/Makefile.build:270: /home/lingbo11/zxm/rdma-kerndriver/compat/build/build_9fUId/conftest.o] Error 1
make: *** [Makefile:1762: /home/lingbo11/zxm/rdma-kerndriver/compat/build/build_9fUId] Error 2
configure:6867: $? = 0
configure:6869: test -s /home/lingbo11/zxm/rdma-kerndriver/compat/build/build_9fUId/conftest.o
configure:6872: $? = 1
configure: failed program was:
| /* confdefs.h.  */
| /* confdefs.h */
| #define PACKAGE_NAME "compat_mlnx"
| #define PACKAGE_TARNAME "compat_mlnx"
| #define PACKAGE_VERSION "2.3"
| #define PACKAGE_STRING "compat_mlnx 2.3"
| #define PACKAGE_BUGREPORT "http://support.mellanox.com/SupportWeb/service_center/SelfService"
| #define PACKAGE_URL ""
| #define PACKAGE "compat_mlnx"
| #define VERSION "2.3"
| #define STDC_HEADERS 1
| #define HAVE_SYS_TYPES_H 1
| #define HAVE_SYS_STAT_H 1
| #define HAVE_STDLIB_H 1
| #define HAVE_STRING_H 1
| #define HAVE_MEMORY_H 1
| #define HAVE_STRINGS_H 1
| #define HAVE_INTTYPES_H 1
| #define HAVE_STDINT_H 1
| #define HAVE_UNISTD_H 1
| #define SIZEOF_UNSIGNED_LONG_LONG 8
| /* end confdefs.h.  */
| 
| #include <linux/kernel.h>
| 
| 		#include <linux/slab.h>
| 
| int
| main (void)
| {
| 
| 		kvfree(NULL);
| 
| 		return 0;
| 
|   ;
|   return 0;
| }
configure:6887: result: no
/home/lingbo11/zxm/rdma-kerndriver/compat/build/build_M5ume/conftest.c: In function ‘main’:
/home/lingbo11/zxm/rdma-kerndriver/compat/build/build_M5ume/conftest.c:33:7: error: implicit declaration of function ‘get_random_u32_inclusive’; did you mean ‘get_random_u32_wait’? [-Werror=implicit-function-declaration]
   33 |   a = get_random_u32_inclusive(0, 100);
      |       ^~~~~~~~~~~~~~~~~~~~~~~~
      |       get_random_u32_wait
cc1: some warnings being treated as errors
make[1]: *** [scripts/Makefile.build:270: /home/lingbo11/zxm/rdma-kerndriver/compat/build/build_M5ume/conftest.o] Error 1
make: *** [Makefile:1762: /home/lingbo11/zxm/rdma-kerndriver/compat/build/build_M5ume] Error 2
/home/lingbo11/zxm/rdma-kerndriver/compat/build/build_M5ume/conftest.c: In function ‘main’:
/home/lingbo11/zxm/rdma-kerndriver/compat/build/build_M5ume/conftest.c:33:7: error: implicit declaration of function ‘get_random_u32_inclusive’; did you mean ‘get_random_u32_wait’? [-Werror=implicit-function-declaration]
   33 |   a = get_random_u32_inclusive(0, 100);
      |       ^~~~~~~~~~~~~~~~~~~~~~~~
      |       get_random_u32_wait
cc1: some warnings being treated as errors
make[1]: *** [scripts/Makefile.build:270: /home/lingbo11/zxm/rdma-kerndriver/compat/build/build_M5ume/conftest.o] Error 1
make: *** [Makefile:1762: /home/lingbo11/zxm/rdma-kerndriver/compat/build/build_M5ume] Error 2
configure:10653: $? = 0
configure:10655: test -s /home/lingbo11/zxm/rdma-kerndriver/compat/build/build_M5ume/conftest.o
configure:10658: $? = 1
configure: failed program was:
| /* confdefs.h.  */
| /* confdefs.h */
| #define PACKAGE_NAME "compat_mlnx"
| #define PACKAGE_TARNAME "compat_mlnx"
| #define PACKAGE_VERSION "2.3"
| #define PACKAGE_STRING "compat_mlnx 2.3"
| #define PACKAGE_BUGREPORT "http://support.mellanox.com/SupportWeb/service_center/SelfService"
| #define PACKAGE_URL ""
| #define PACKAGE "compat_mlnx"
| #define VERSION "2.3"
| #define STDC_HEADERS 1
| #define HAVE_SYS_TYPES_H 1
| #define HAVE_SYS_STAT_H 1
| #define HAVE_STDLIB_H 1
| #define HAVE_STRING_H 1
| #define HAVE_MEMORY_H 1
| #define HAVE_STRINGS_H 1
| #define HAVE_INTTYPES_H 1
| #define HAVE_STDINT_H 1
| #define HAVE_UNISTD_H 1
| #define SIZEOF_UNSIGNED_LONG_LONG 8
| /* end confdefs.h.  */
| 
| #include <linux/kernel.h>
| 
| 		#include <linux/random.h>
| 
| int
| main (void)
| {
| 
| 		int a;
| 		a = get_random_u32_inclusive(0, 100);
| 
| 
|   ;
|   return 0;
| }
configure:10673: result: no
/home/lingbo11/zxm/rdma-kerndriver/compat/build/build_mE0Nj/conftest.c: In function ‘main’:
/home/lingbo11/zxm/rdma-kerndriver/compat/build/build_mE0Nj/conftest.c:33:19: error: expected ‘=’, ‘,’, ‘;’, ‘asm’ or ‘__attribute__’ before ‘__free’
   33 |   void *rpc_alloc __free(kvfree) = NULL;
      |                   ^~~~~~
/home/lingbo11/zxm/rdma-kerndriver/compat/build/build_mE0Nj/conftest.c:33:19: error: implicit declaration of function ‘__free’; did you mean ‘kvfree’? [-Werror=implicit-function-declaration]
   33 |   void *rpc_alloc __free(kvfree) = NULL;
      |                   ^~~~~~
      |                   kvfree
/home/lingbo11/zxm/rdma-kerndriver/compat/build/build_mE0Nj/conftest.c:33:34: error: lvalue required as left operand of assignment
   33 |   void *rpc_alloc __free(kvfree) = NULL;
      |                                  ^
cc1: some warnings being treated as errors
make[1]: *** [scripts/Makefile.build:270: /home/lingbo11/zxm/rdma-kerndriver/compat/build/build_mE0Nj/conftest.o] Error 1
make: *** [Makefile:1762: /home/lingbo11/zxm/rdma-kerndriver/compat/build/build_mE0Nj] Error 2
/home/lingbo11/zxm/rdma-kerndriver/compat/build/build_mE0Nj/conftest.c: In function ‘main’:
/home/lingbo11/zxm/rdma-kerndriver/compat/build/build_mE0Nj/conftest.c:33:19: error: expected ‘=’, ‘,’, ‘;’, ‘asm’ or ‘__attribute__’ before ‘__free’
   33 |   void *rpc_alloc __free(kvfree) = NULL;
      |                   ^~~~~~
/home/lingbo11/zxm/rdma-kerndriver/compat/build/build_mE0Nj/conftest.c:33:19: error: implicit declaration of function ‘__free’; did you mean ‘kvfree’? [-Werror=implicit-function-declaration]
   33 |   void *rpc_alloc __free(kvfree) = NULL;
      |                   ^~~~~~
      |                   kvfree
/home/lingbo11/zxm/rdma-kerndriver/compat/build/build_mE0Nj/conftest.c:33:34: error: lvalue required as left operand of assignment
   33 |   void *rpc_alloc __free(kvfree) = NULL;
      |                                  ^
cc1: some warnings being treated as errors
make[1]: *** [scripts/Makefile.build:270: /home/lingbo11/zxm/rdma-kerndriver/compat/build/build_mE0Nj/conftest.o] Error 1
make: *** [Makefile:1762: /home/lingbo11/zxm/rdma-kerndriver/compat/build/build_mE0Nj] Error 2
/home/lingbo11/zxm/rdma-kerndriver/compat/build/build_ZFlLc/conftest.c: In function ‘main’:
/home/lingbo11/zxm/rdma-kerndriver/compat/build/build_ZFlLc/conftest.c:32:3: error: implicit declaration of function ‘is_cow_mapping’; did you mean ‘qid_has_mapping’? [-Werror=implicit-function-declaration]
   32 |   is_cow_mapping(0);
      |   ^~~~~~~~~~~~~~
      |   qid_has_mapping
cc1: some warnings being treated as errors
make[1]: *** [scripts/Makefile.build:270: /home/lingbo11/zxm/rdma-kerndriver/compat/build/build_ZFlLc/conftest.o] Error 1
make: *** [Makefile:1762: /home/lingbo11/zxm/rdma-kerndriver/compat/build/build_ZFlLc] Error 2
/home/lingbo11/zxm/rdma-kerndriver/compat/build/build_ZFlLc/conftest.c: In function ‘main’:
/home/lingbo11/zxm/rdma-kerndriver/compat/build/build_ZFlLc/conftest.c:32:3: error: implicit declaration of function ‘is_cow_mapping’; did you mean ‘qid_has_mapping’? [-Werror=implicit-function-declaration]
   32 |   is_cow_mapping(0);
      |   ^~~~~~~~~~~~~~
      |   qid_has_mapping
cc1: some warnings being treated as errors
make[1]: *** [scripts/Makefile.build:270: /home/lingbo11/zxm/rdma-kerndriver/compat/build/build_ZFlLc/conftest.o] Error 1
make: *** [Makefile:1762: /home/lingbo11/zxm/rdma-kerndriver/compat/build/build_ZFlLc] Error 2
configure:6715: $? = 0
configure:6717: test -s /home/lingbo11/zxm/rdma-kerndriver/compat/build/build_mE0Nj/conftest.o
configure:6720: $? = 1
configure: failed program was:
configure:9137: $? = 0
configure:9139: test -s /home/lingbo11/zxm/rdma-kerndriver/compat/build/build_ZFlLc/conftest.o
configure:9142: $? = 1
configure: failed program was:
| /* confdefs.h.  */
| /* confdefs.h */
| #define PACKAGE_NAME "compat_mlnx"
| #define PACKAGE_TARNAME "compat_mlnx"
| #define PACKAGE_VERSION "2.3"
| #define PACKAGE_STRING "compat_mlnx 2.3"
| #define PACKAGE_BUGREPORT "http://support.mellanox.com/SupportWeb/service_center/SelfService"
| #define PACKAGE_URL ""
| #define PACKAGE "compat_mlnx"
| #define VERSION "2.3"
| #define STDC_HEADERS 1
| #define HAVE_SYS_TYPES_H 1
| #define HAVE_SYS_STAT_H 1
| #define HAVE_STDLIB_H 1
| #define HAVE_STRING_H 1
| #define HAVE_MEMORY_H 1
| #define HAVE_STRINGS_H 1
| #define HAVE_INTTYPES_H 1
| #define HAVE_STDINT_H 1
| #define HAVE_UNISTD_H 1
| #define SIZEOF_UNSIGNED_LONG_LONG 8
| /* end confdefs.h.  */
| 
| #include <linux/kernel.h>
| 
| 		#include <linux/mm.h>       // Provides kvfree() function
| 		#include <linux/compiler.h> // Provides __free() annotation
| 
| int
| main (void)
| {
| 
| 		void *rpc_alloc __free(kvfree) = NULL;
| 		return 0;
| 
|   ;
|   return 0;
| }
configure:6735: result: no
| /* confdefs.h.  */
| /* confdefs.h */
| #define PACKAGE_NAME "compat_mlnx"
| #define PACKAGE_TARNAME "compat_mlnx"
| #define PACKAGE_VERSION "2.3"
| #define PACKAGE_STRING "compat_mlnx 2.3"
| #define PACKAGE_BUGREPORT "http://support.mellanox.com/SupportWeb/service_center/SelfService"
| #define PACKAGE_URL ""
| #define PACKAGE "compat_mlnx"
| #define VERSION "2.3"
| #define STDC_HEADERS 1
| #define HAVE_SYS_TYPES_H 1
| #define HAVE_SYS_STAT_H 1
| #define HAVE_STDLIB_H 1
| #define HAVE_STRING_H 1
| #define HAVE_MEMORY_H 1
| #define HAVE_STRINGS_H 1
| #define HAVE_INTTYPES_H 1
| #define HAVE_STDINT_H 1
| #define HAVE_UNISTD_H 1
| #define SIZEOF_UNSIGNED_LONG_LONG 8
| /* end confdefs.h.  */
| 
| #include <linux/kernel.h>
| 
| 		#include <linux/mm.h>
| 
| int
| main (void)
| {
| 
| 		is_cow_mapping(0);
| 
| 		return 0;
| 
|   ;
|   return 0;
| }
configure:9157: result: no
/home/lingbo11/zxm/rdma-kerndriver/compat/build/build_VXEh0/conftest.c: In function ‘main’:
/home/lingbo11/zxm/rdma-kerndriver/compat/build/build_VXEh0/conftest.c:32:3: error: too few arguments to function ‘get_user_pages’
   32 |   get_user_pages(0, 0, 0, NULL);
      |   ^~~~~~~~~~~~~~
In file included from /home/lingbo11/zxm/rdma-kerndriver/compat/build/build_VXEh0/conftest.c:26:
include/linux/mm.h:1576:6: note: declared here
 1576 | long get_user_pages(unsigned long start, unsigned long nr_pages,
      |      ^~~~~~~~~~~~~~
make[1]: *** [scripts/Makefile.build:270: /home/lingbo11/zxm/rdma-kerndriver/compat/build/build_VXEh0/conftest.o] Error 1
make: *** [Makefile:1762: /home/lingbo11/zxm/rdma-kerndriver/compat/build/build_VXEh0] Error 2
/home/lingbo11/zxm/rdma-kerndriver/compat/build/build_VXEh0/conftest.c: In function ‘main’:
/home/lingbo11/zxm/rdma-kerndriver/compat/build/build_VXEh0/conftest.c:32:3: error: too few arguments to function ‘get_user_pages’
   32 |   get_user_pages(0, 0, 0, NULL);
      |   ^~~~~~~~~~~~~~
In file included from /home/lingbo11/zxm/rdma-kerndriver/compat/build/build_VXEh0/conftest.c:26:
include/linux/mm.h:1576:6: note: declared here
 1576 | long get_user_pages(unsigned long start, unsigned long nr_pages,
      |      ^~~~~~~~~~~~~~
make[1]: *** [scripts/Makefile.build:270: /home/lingbo11/zxm/rdma-kerndriver/compat/build/build_VXEh0/conftest.o] Error 1
make: *** [Makefile:1762: /home/lingbo11/zxm/rdma-kerndriver/compat/build/build_VXEh0] Error 2
configure:9441: $? = 0
configure:9443: test -s /home/lingbo11/zxm/rdma-kerndriver/compat/build/build_VXEh0/conftest.o
configure:9446: $? = 1
configure: failed program was:
| /* confdefs.h.  */
| /* confdefs.h */
| #define PACKAGE_NAME "compat_mlnx"
| #define PACKAGE_TARNAME "compat_mlnx"
| #define PACKAGE_VERSION "2.3"
| #define PACKAGE_STRING "compat_mlnx 2.3"
| #define PACKAGE_BUGREPORT "http://support.mellanox.com/SupportWeb/service_center/SelfService"
| #define PACKAGE_URL ""
| #define PACKAGE "compat_mlnx"
| #define VERSION "2.3"
| #define STDC_HEADERS 1
| #define HAVE_SYS_TYPES_H 1
| #define HAVE_SYS_STAT_H 1
| #define HAVE_STDLIB_H 1
| #define HAVE_STRING_H 1
| #define HAVE_MEMORY_H 1
| #define HAVE_STRINGS_H 1
| #define HAVE_INTTYPES_H 1
| #define HAVE_STDINT_H 1
| #define HAVE_UNISTD_H 1
| #define SIZEOF_UNSIGNED_LONG_LONG 8
| /* end confdefs.h.  */
| 
| #include <linux/kernel.h>
| 
| 		#include <linux/mm.h>
| 
| int
| main (void)
| {
| 
| 		get_user_pages(0, 0, 0, NULL);
| 
| 		return 0;
| 
|   ;
|   return 0;
| }
configure:9461: result: no
/home/lingbo11/zxm/rdma-kerndriver/compat/build/build_fThoF/conftest.c: In function ‘main’:
/home/lingbo11/zxm/rdma-kerndriver/compat/build/build_fThoF/conftest.c:33:7: error: too few arguments to function ‘hmm_range_fault’
   33 |   l = hmm_range_fault(NULL);
      |       ^~~~~~~~~~~~~~~
In file included from /home/lingbo11/zxm/rdma-kerndriver/compat/build/build_fThoF/conftest.c:26:
include/linux/hmm.h:389:6: note: declared here
  389 | long hmm_range_fault(struct hmm_range *range, unsigned int flags);
      |      ^~~~~~~~~~~~~~~
make[1]: *** [scripts/Makefile.build:270: /home/lingbo11/zxm/rdma-kerndriver/compat/build/build_fThoF/conftest.o] Error 1
make: *** [Makefile:1762: /home/lingbo11/zxm/rdma-kerndriver/compat/build/build_fThoF] Error 2
/home/lingbo11/zxm/rdma-kerndriver/compat/build/build_fThoF/conftest.c: In function ‘main’:
/home/lingbo11/zxm/rdma-kerndriver/compat/build/build_fThoF/conftest.c:33:7: error: too few arguments to function ‘hmm_range_fault’
   33 |   l = hmm_range_fault(NULL);
      |       ^~~~~~~~~~~~~~~
In file included from /home/lingbo11/zxm/rdma-kerndriver/compat/build/build_fThoF/conftest.c:26:
include/linux/hmm.h:389:6: note: declared here
  389 | long hmm_range_fault(struct hmm_range *range, unsigned int flags);
      |      ^~~~~~~~~~~~~~~
make[1]: *** [scripts/Makefile.build:270: /home/lingbo11/zxm/rdma-kerndriver/compat/build/build_fThoF/conftest.o] Error 1
make: *** [Makefile:1762: /home/lingbo11/zxm/rdma-kerndriver/compat/build/build_fThoF] Error 2
/home/lingbo11/zxm/rdma-kerndriver/compat/build/build_qQfJB/conftest.c: In function ‘main’:
/home/lingbo11/zxm/rdma-kerndriver/compat/build/build_qQfJB/conftest.c:32:3: error: implicit declaration of function ‘mmap_read_lock’; did you mean ‘_raw_read_lock’? [-Werror=implicit-function-declaration]
   32 |   mmap_read_lock(NULL);
      |   ^~~~~~~~~~~~~~
      |   _raw_read_lock
cc1: some warnings being treated as errors
make[1]: *** [scripts/Makefile.build:270: /home/lingbo11/zxm/rdma-kerndriver/compat/build/build_qQfJB/conftest.o] Error 1
make: *** [Makefile:1762: /home/lingbo11/zxm/rdma-kerndriver/compat/build/build_qQfJB] Error 2
In file included from /usr/src/linux-headers-5.4.0-86-generic/include/uapi/linux/posix_types.h:5,
                 from include/uapi/linux/types.h:14,
                 from include/linux/types.h:6,
                 from include/linux/limits.h:6,
                 from include/linux/kernel.h:7,
                 from /home/lingbo11/zxm/rdma-kerndriver/compat/build/build_zCvQY/conftest.c:24:
/home/lingbo11/zxm/rdma-kerndriver/compat/build/build_zCvQY/conftest.c: In function ‘main’:
include/linux/stddef.h:8:14: warning: passing argument 1 of ‘get_user_pages’ makes integer from pointer without a cast [-Wint-conversion]
    8 | #define NULL ((void *)0)
      |              ^~~~~~~~~~~
      |              |
      |              void *
/home/lingbo11/zxm/rdma-kerndriver/compat/build/build_zCvQY/conftest.c:32:18: note: in expansion of macro ‘NULL’
   32 |   get_user_pages(NULL, NULL, 0, 0, 0, NULL, NULL);
      |                  ^~~~
In file included from /home/lingbo11/zxm/rdma-kerndriver/compat/build/build_zCvQY/conftest.c:26:
include/linux/mm.h:1576:35: note: expected ‘long unsigned int’ but argument is of type ‘void *’
 1576 | long get_user_pages(unsigned long start, unsigned long nr_pages,
      |                     ~~~~~~~~~~~~~~^~~~~
In file included from /usr/src/linux-headers-5.4.0-86-generic/include/uapi/linux/posix_types.h:5,
                 from include/uapi/linux/types.h:14,
                 from include/linux/types.h:6,
                 from include/linux/limits.h:6,
                 from include/linux/kernel.h:7,
                 from /home/lingbo11/zxm/rdma-kerndriver/compat/build/build_zCvQY/conftest.c:24:
include/linux/stddef.h:8:14: warning: passing argument 2 of ‘get_user_pages’ makes integer from pointer without a cast [-Wint-conversion]
    8 | #define NULL ((void *)0)
      |              ^~~~~~~~~~~
      |              |
      |              void *
/home/lingbo11/zxm/rdma-kerndriver/compat/build/build_zCvQY/conftest.c:32:24: note: in expansion of macro ‘NULL’
   32 |   get_user_pages(NULL, NULL, 0, 0, 0, NULL, NULL);
      |                        ^~~~
In file included from /home/lingbo11/zxm/rdma-kerndriver/compat/build/build_zCvQY/conftest.c:26:
include/linux/mm.h:1576:56: note: expected ‘long unsigned int’ but argument is of type ‘void *’
 1576 | long get_user_pages(unsigned long start, unsigned long nr_pages,
      |                                          ~~~~~~~~~~~~~~^~~~~~~~
/home/lingbo11/zxm/rdma-kerndriver/compat/build/build_zCvQY/conftest.c:32:3: error: too many arguments to function ‘get_user_pages’
   32 |   get_user_pages(NULL, NULL, 0, 0, 0, NULL, NULL);
      |   ^~~~~~~~~~~~~~
In file included from /home/lingbo11/zxm/rdma-kerndriver/compat/build/build_zCvQY/conftest.c:26:
include/linux/mm.h:1576:6: note: declared here
 1576 | long get_user_pages(unsigned long start, unsigned long nr_pages,
      |      ^~~~~~~~~~~~~~
make[1]: *** [scripts/Makefile.build:270: /home/lingbo11/zxm/rdma-kerndriver/compat/build/build_zCvQY/conftest.o] Error 1
make: *** [Makefile:1762: /home/lingbo11/zxm/rdma-kerndriver/compat/build/build_zCvQY] Error 2
In file included from /usr/src/linux-headers-5.4.0-86-generic/include/uapi/linux/posix_types.h:5,
                 from include/uapi/linux/types.h:14,
                 from include/linux/types.h:6,
                 from include/linux/limits.h:6,
                 from include/linux/kernel.h:7,
                 from /home/lingbo11/zxm/rdma-kerndriver/compat/build/build_NAvA9/conftest.c:24:
/home/lingbo11/zxm/rdma-kerndriver/compat/build/build_NAvA9/conftest.c: In function ‘main’:
include/linux/stddef.h:8:14: warning: passing argument 5 of ‘get_user_pages_remote’ makes integer from pointer without a cast [-Wint-conversion]
    8 | #define NULL ((void *)0)
      |              ^~~~~~~~~~~
      |              |
      |              void *
/home/lingbo11/zxm/rdma-kerndriver/compat/build/build_NAvA9/conftest.c:32:40: note: in expansion of macro ‘NULL’
   32 |   get_user_pages_remote(NULL, 0, 0, 0, NULL, NULL, NULL);
      |                                        ^~~~
In file included from /home/lingbo11/zxm/rdma-kerndriver/compat/build/build_NAvA9/conftest.c:26:
include/linux/mm.h:1574:21: note: expected ‘unsigned int’ but argument is of type ‘void *’
 1574 |        unsigned int gup_flags, struct page **pages,
      |        ~~~~~~~~~~~~~^~~~~~~~~
/home/lingbo11/zxm/rdma-kerndriver/compat/build/build_NAvA9/conftest.c:32:3: error: too few arguments to function ‘get_user_pages_remote’
   32 |   get_user_pages_remote(NULL, 0, 0, 0, NULL, NULL, NULL);
      |   ^~~~~~~~~~~~~~~~~~~~~
In file included from /home/lingbo11/zxm/rdma-kerndriver/compat/build/build_NAvA9/conftest.c:26:
include/linux/mm.h:1572:6: note: declared here
 1572 | long get_user_pages_remote(struct task_struct *tsk, struct mm_struct *mm,
      |      ^~~~~~~~~~~~~~~~~~~~~
make[1]: *** [scripts/Makefile.build:270: /home/lingbo11/zxm/rdma-kerndriver/compat/build/build_NAvA9/conftest.o] Error 1
make: *** [Makefile:1762: /home/lingbo11/zxm/rdma-kerndriver/compat/build/build_NAvA9] Error 2
/home/lingbo11/zxm/rdma-kerndriver/compat/build/build_qQfJB/conftest.c: In function ‘main’:
/home/lingbo11/zxm/rdma-kerndriver/compat/build/build_qQfJB/conftest.c:32:3: error: implicit declaration of function ‘mmap_read_lock’; did you mean ‘_raw_read_lock’? [-Werror=implicit-function-declaration]
   32 |   mmap_read_lock(NULL);
      |   ^~~~~~~~~~~~~~
      |   _raw_read_lock
cc1: some warnings being treated as errors
make[1]: *** [scripts/Makefile.build:270: /home/lingbo11/zxm/rdma-kerndriver/compat/build/build_qQfJB/conftest.o] Error 1
make: *** [Makefile:1762: /home/lingbo11/zxm/rdma-kerndriver/compat/build/build_qQfJB] Error 2
configure:7471: $? = 0
configure:7473: test -s /home/lingbo11/zxm/rdma-kerndriver/compat/build/build_fThoF/conftest.o
/home/lingbo11/zxm/rdma-kerndriver/compat/build/build_Z2CWW/conftest.c: In function ‘main’:
/home/lingbo11/zxm/rdma-kerndriver/compat/build/build_Z2CWW/conftest.c:33:4: error: ‘struct hmm_range’ has no member named ‘hmm_pfns’
   33 |   h.hmm_pfns = NULL;
      |    ^
make[1]: *** [scripts/Makefile.build:270: /home/lingbo11/zxm/rdma-kerndriver/compat/build/build_Z2CWW/conftest.o] Error 1
make: *** [Makefile:1762: /home/lingbo11/zxm/rdma-kerndriver/compat/build/build_Z2CWW] Error 2
In file included from /usr/src/linux-headers-5.4.0-86-generic/include/uapi/linux/posix_types.h:5,
                 from include/uapi/linux/types.h:14,
                 from include/linux/types.h:6,
                 from include/linux/limits.h:6,
                 from include/linux/kernel.h:7,
                 from /home/lingbo11/zxm/rdma-kerndriver/compat/build/build_zCvQY/conftest.c:24:
/home/lingbo11/zxm/rdma-kerndriver/compat/build/build_zCvQY/conftest.c: In function ‘main’:
include/linux/stddef.h:8:14: warning: passing argument 1 of ‘get_user_pages’ makes integer from pointer without a cast [-Wint-conversion]
    8 | #define NULL ((void *)0)
      |              ^~~~~~~~~~~
      |              |
      |              void *
/home/lingbo11/zxm/rdma-kerndriver/compat/build/build_zCvQY/conftest.c:32:18: note: in expansion of macro ‘NULL’
   32 |   get_user_pages(NULL, NULL, 0, 0, 0, NULL, NULL);
      |                  ^~~~
In file included from /home/lingbo11/zxm/rdma-kerndriver/compat/build/build_zCvQY/conftest.c:26:
include/linux/mm.h:1576:35: note: expected ‘long unsigned int’ but argument is of type ‘void *’
 1576 | long get_user_pages(unsigned long start, unsigned long nr_pages,
      |                     ~~~~~~~~~~~~~~^~~~~
In file included from /usr/src/linux-headers-5.4.0-86-generic/include/uapi/linux/posix_types.h:5,
                 from include/uapi/linux/types.h:14,
                 from include/linux/types.h:6,
                 from include/linux/limits.h:6,
                 from include/linux/kernel.h:7,
                 from /home/lingbo11/zxm/rdma-kerndriver/compat/build/build_zCvQY/conftest.c:24:
include/linux/stddef.h:8:14: warning: passing argument 2 of ‘get_user_pages’ makes integer from pointer without a cast [-Wint-conversion]
    8 | #define NULL ((void *)0)
      |              ^~~~~~~~~~~
      |              |
      |              void *
/home/lingbo11/zxm/rdma-kerndriver/compat/build/build_zCvQY/conftest.c:32:24: note: in expansion of macro ‘NULL’
   32 |   get_user_pages(NULL, NULL, 0, 0, 0, NULL, NULL);
      |                        ^~~~
In file included from /home/lingbo11/zxm/rdma-kerndriver/compat/build/build_zCvQY/conftest.c:26:
include/linux/mm.h:1576:56: note: expected ‘long unsigned int’ but argument is of type ‘void *’
 1576 | long get_user_pages(unsigned long start, unsigned long nr_pages,
      |                                          ~~~~~~~~~~~~~~^~~~~~~~
/home/lingbo11/zxm/rdma-kerndriver/compat/build/build_zCvQY/conftest.c:32:3: error: too many arguments to function ‘get_user_pages’
   32 |   get_user_pages(NULL, NULL, 0, 0, 0, NULL, NULL);
      |   ^~~~~~~~~~~~~~
In file included from /home/lingbo11/zxm/rdma-kerndriver/compat/build/build_zCvQY/conftest.c:26:
include/linux/mm.h:1576:6: note: declared here
 1576 | long get_user_pages(unsigned long start, unsigned long nr_pages,
      |      ^~~~~~~~~~~~~~
make[1]: *** [scripts/Makefile.build:270: /home/lingbo11/zxm/rdma-kerndriver/compat/build/build_zCvQY/conftest.o] Error 1
make: *** [Makefile:1762: /home/lingbo11/zxm/rdma-kerndriver/compat/build/build_zCvQY] Error 2
configure:7476: $? = 1
configure: failed program was:
In file included from /usr/src/linux-headers-5.4.0-86-generic/include/uapi/linux/posix_types.h:5,
                 from include/uapi/linux/types.h:14,
                 from include/linux/types.h:6,
                 from include/linux/limits.h:6,
                 from include/linux/kernel.h:7,
                 from /home/lingbo11/zxm/rdma-kerndriver/compat/build/build_NAvA9/conftest.c:24:
/home/lingbo11/zxm/rdma-kerndriver/compat/build/build_NAvA9/conftest.c: In function ‘main’:
include/linux/stddef.h:8:14: warning: passing argument 5 of ‘get_user_pages_remote’ makes integer from pointer without a cast [-Wint-conversion]
    8 | #define NULL ((void *)0)
      |              ^~~~~~~~~~~
      |              |
      |              void *
/home/lingbo11/zxm/rdma-kerndriver/compat/build/build_NAvA9/conftest.c:32:40: note: in expansion of macro ‘NULL’
   32 |   get_user_pages_remote(NULL, 0, 0, 0, NULL, NULL, NULL);
      |                                        ^~~~
In file included from /home/lingbo11/zxm/rdma-kerndriver/compat/build/build_NAvA9/conftest.c:26:
include/linux/mm.h:1574:21: note: expected ‘unsigned int’ but argument is of type ‘void *’
 1574 |        unsigned int gup_flags, struct page **pages,
      |        ~~~~~~~~~~~~~^~~~~~~~~
/home/lingbo11/zxm/rdma-kerndriver/compat/build/build_NAvA9/conftest.c:32:3: error: too few arguments to function ‘get_user_pages_remote’
   32 |   get_user_pages_remote(NULL, 0, 0, 0, NULL, NULL, NULL);
      |   ^~~~~~~~~~~~~~~~~~~~~
In file included from /home/lingbo11/zxm/rdma-kerndriver/compat/build/build_NAvA9/conftest.c:26:
include/linux/mm.h:1572:6: note: declared here
 1572 | long get_user_pages_remote(struct task_struct *tsk, struct mm_struct *mm,
      |      ^~~~~~~~~~~~~~~~~~~~~
make[1]: *** [scripts/Makefile.build:270: /home/lingbo11/zxm/rdma-kerndriver/compat/build/build_NAvA9/conftest.o] Error 1
make: *** [Makefile:1762: /home/lingbo11/zxm/rdma-kerndriver/compat/build/build_NAvA9] Error 2
configure:9895: $? = 0
configure:9897: test -s /home/lingbo11/zxm/rdma-kerndriver/compat/build/build_qQfJB/conftest.o
| /* confdefs.h.  */
| /* confdefs.h */
| #define PACKAGE_NAME "compat_mlnx"
| #define PACKAGE_TARNAME "compat_mlnx"
| #define PACKAGE_VERSION "2.3"
| #define PACKAGE_STRING "compat_mlnx 2.3"
| #define PACKAGE_BUGREPORT "http://support.mellanox.com/SupportWeb/service_center/SelfService"
| #define PACKAGE_URL ""
| #define PACKAGE "compat_mlnx"
| #define VERSION "2.3"
| #define STDC_HEADERS 1
| #define HAVE_SYS_TYPES_H 1
| #define HAVE_SYS_STAT_H 1
| #define HAVE_STDLIB_H 1
| #define HAVE_STRING_H 1
| #define HAVE_MEMORY_H 1
| #define HAVE_STRINGS_H 1
| #define HAVE_INTTYPES_H 1
| #define HAVE_STDINT_H 1
| #define HAVE_UNISTD_H 1
| #define SIZEOF_UNSIGNED_LONG_LONG 8
| /* end confdefs.h.  */
| 
| #include <linux/kernel.h>
| 
| 	#include <linux/hmm.h>
| 
| int
| main (void)
| {
| 
| 		int l;
| 		l = hmm_range_fault(NULL);
| 		return 0;
| 
|   ;
|   return 0;
| }
configure:7491: result: no
configure:9900: $? = 1
warning_filter.sh: treating warnings as errors!
configure: failed program was:
/home/lingbo11/zxm/rdma-kerndriver/compat/build/build_Z2CWW/conftest.c: In function ‘main’:
/home/lingbo11/zxm/rdma-kerndriver/compat/build/build_Z2CWW/conftest.c:33:4: error: ‘struct hmm_range’ has no member named ‘hmm_pfns’
   33 |   h.hmm_pfns = NULL;
      |    ^
make[1]: *** [scripts/Makefile.build:270: /home/lingbo11/zxm/rdma-kerndriver/compat/build/build_Z2CWW/conftest.o] Error 1
make: *** [Makefile:1762: /home/lingbo11/zxm/rdma-kerndriver/compat/build/build_Z2CWW] Error 2
warning_filter.sh: treating warnings as errors!
include/linux/mm.h:1576:35: note: expected ‘long unsigned int’ but argument is of type ‘void *’
include/linux/mm.h:1576:56: note: expected ‘long unsigned int’ but argument is of type ‘void *’
| /* confdefs.h.  */
| /* confdefs.h */
| #define PACKAGE_NAME "compat_mlnx"
| #define PACKAGE_TARNAME "compat_mlnx"
| #define PACKAGE_VERSION "2.3"
| #define PACKAGE_STRING "compat_mlnx 2.3"
| #define PACKAGE_BUGREPORT "http://support.mellanox.com/SupportWeb/service_center/SelfService"
| #define PACKAGE_URL ""
| #define PACKAGE "compat_mlnx"
| #define VERSION "2.3"
| #define STDC_HEADERS 1
| #define HAVE_SYS_TYPES_H 1
| #define HAVE_SYS_STAT_H 1
| #define HAVE_STDLIB_H 1
| #define HAVE_STRING_H 1
| #define HAVE_MEMORY_H 1
| #define HAVE_STRINGS_H 1
| #define HAVE_INTTYPES_H 1
| #define HAVE_STDINT_H 1
| #define HAVE_UNISTD_H 1
| #define SIZEOF_UNSIGNED_LONG_LONG 8
| /* end confdefs.h.  */
| 
| #include <linux/kernel.h>
| 
| 	#include <linux/mm.h>
| 
| int
| main (void)
| {
| 
| 		mmap_read_lock(NULL);
| 
| 		return 0;
| 
|   ;
|   return 0;
| }
configure:9915: result: no
include/linux/mm.h:1574:21: note: expected ‘unsigned int’ but argument is of type ‘void *’
configure:9743: $? = 1
configure: failed program was:
configure:7319: $? = 0
configure:10047: $? = 1
configure:7321: test -s /home/lingbo11/zxm/rdma-kerndriver/compat/build/build_Z2CWW/conftest.o
configure: failed program was:
| /* confdefs.h.  */
| /* confdefs.h */
| #define PACKAGE_NAME "compat_mlnx"
| #define PACKAGE_TARNAME "compat_mlnx"
| #define PACKAGE_VERSION "2.3"
| #define PACKAGE_STRING "compat_mlnx 2.3"
| #define PACKAGE_BUGREPORT "http://support.mellanox.com/SupportWeb/service_center/SelfService"
| #define PACKAGE_URL ""
| #define PACKAGE "compat_mlnx"
| #define VERSION "2.3"
| #define STDC_HEADERS 1
| #define HAVE_SYS_TYPES_H 1
| #define HAVE_SYS_STAT_H 1
| #define HAVE_STDLIB_H 1
| #define HAVE_STRING_H 1
| #define HAVE_MEMORY_H 1
| #define HAVE_STRINGS_H 1
| #define HAVE_INTTYPES_H 1
| #define HAVE_STDINT_H 1
| #define HAVE_UNISTD_H 1
| #define SIZEOF_UNSIGNED_LONG_LONG 8
| /* end confdefs.h.  */
| 
| #include <linux/kernel.h>
| 
| 		#include <linux/mm.h>
| 
| int
| main (void)
| {
| 
| 		get_user_pages(NULL, NULL, 0, 0, 0, NULL, NULL);
| 		return 0;
| 
|   ;
|   return 0;
| }
configure:7324: $? = 1
configure: failed program was:
configure:9763: result: no
| /* confdefs.h.  */
| /* confdefs.h */
| #define PACKAGE_NAME "compat_mlnx"
| #define PACKAGE_TARNAME "compat_mlnx"
| #define PACKAGE_VERSION "2.3"
| #define PACKAGE_STRING "compat_mlnx 2.3"
| #define PACKAGE_BUGREPORT "http://support.mellanox.com/SupportWeb/service_center/SelfService"
| #define PACKAGE_URL ""
| #define PACKAGE "compat_mlnx"
| #define VERSION "2.3"
| #define STDC_HEADERS 1
| #define HAVE_SYS_TYPES_H 1
| #define HAVE_SYS_STAT_H 1
| #define HAVE_STDLIB_H 1
| #define HAVE_STRING_H 1
| #define HAVE_MEMORY_H 1
| #define HAVE_STRINGS_H 1
| #define HAVE_INTTYPES_H 1
| #define HAVE_STDINT_H 1
| #define HAVE_UNISTD_H 1
| #define SIZEOF_UNSIGNED_LONG_LONG 8
| /* end confdefs.h.  */
| 
| #include <linux/kernel.h>
| 
| 	#include <linux/mm.h>
| 
| int
| main (void)
| {
| 
| 		get_user_pages_remote(NULL, 0, 0, 0, NULL, NULL, NULL);
| 
| 		return 0;
| 
|   ;
|   return 0;
| }
configure:10067: result: no
| /* confdefs.h.  */
| /* confdefs.h */
| #define PACKAGE_NAME "compat_mlnx"
| #define PACKAGE_TARNAME "compat_mlnx"
| #define PACKAGE_VERSION "2.3"
| #define PACKAGE_STRING "compat_mlnx 2.3"
| #define PACKAGE_BUGREPORT "http://support.mellanox.com/SupportWeb/service_center/SelfService"
| #define PACKAGE_URL ""
| #define PACKAGE "compat_mlnx"
| #define VERSION "2.3"
| #define STDC_HEADERS 1
| #define HAVE_SYS_TYPES_H 1
| #define HAVE_SYS_STAT_H 1
| #define HAVE_STDLIB_H 1
| #define HAVE_STRING_H 1
| #define HAVE_MEMORY_H 1
| #define HAVE_STRINGS_H 1
| #define HAVE_INTTYPES_H 1
| #define HAVE_STDINT_H 1
| #define HAVE_UNISTD_H 1
| #define SIZEOF_UNSIGNED_LONG_LONG 8
| /* end confdefs.h.  */
| 
| #include <linux/kernel.h>
| 
| 	#include <linux/hmm.h>
| 
| int
| main (void)
| {
| 
| 		struct hmm_range h;
| 		h.hmm_pfns = NULL;
| 		return 0;
| 
|   ;
|   return 0;
| }
configure:7339: result: no
/home/lingbo11/zxm/rdma-kerndriver/compat/build/build_i5EUC/conftest.c: In function ‘main’:
/home/lingbo11/zxm/rdma-kerndriver/compat/build/build_i5EUC/conftest.c:32:3: error: implicit declaration of function ‘get_user_pages_longterm’; did you mean ‘get_user_pages_locked’? [-Werror=implicit-function-declaration]
   32 |   get_user_pages_longterm(0, 0, 0, NULL, NULL);
      |   ^~~~~~~~~~~~~~~~~~~~~~~
      |   get_user_pages_locked
cc1: some warnings being treated as errors
make[1]: *** [scripts/Makefile.build:270: /home/lingbo11/zxm/rdma-kerndriver/compat/build/build_i5EUC/conftest.o] Error 1
make: *** [Makefile:1762: /home/lingbo11/zxm/rdma-kerndriver/compat/build/build_i5EUC] Error 2
/home/lingbo11/zxm/rdma-kerndriver/compat/build/build_i5EUC/conftest.c: In function ‘main’:
/home/lingbo11/zxm/rdma-kerndriver/compat/build/build_i5EUC/conftest.c:32:3: error: implicit declaration of function ‘get_user_pages_longterm’; did you mean ‘get_user_pages_locked’? [-Werror=implicit-function-declaration]
   32 |   get_user_pages_longterm(0, 0, 0, NULL, NULL);
      |   ^~~~~~~~~~~~~~~~~~~~~~~
      |   get_user_pages_locked
cc1: some warnings being treated as errors
make[1]: *** [scripts/Makefile.build:270: /home/lingbo11/zxm/rdma-kerndriver/compat/build/build_i5EUC/conftest.o] Error 1
make: *** [Makefile:1762: /home/lingbo11/zxm/rdma-kerndriver/compat/build/build_i5EUC] Error 2
configure:9289: $? = 0
configure:9291: test -s /home/lingbo11/zxm/rdma-kerndriver/compat/build/build_i5EUC/conftest.o
configure:9294: $? = 1
configure: failed program was:
| /* confdefs.h.  */
| /* confdefs.h */
| #define PACKAGE_NAME "compat_mlnx"
| #define PACKAGE_TARNAME "compat_mlnx"
| #define PACKAGE_VERSION "2.3"
| #define PACKAGE_STRING "compat_mlnx 2.3"
| #define PACKAGE_BUGREPORT "http://support.mellanox.com/SupportWeb/service_center/SelfService"
| #define PACKAGE_URL ""
| #define PACKAGE "compat_mlnx"
| #define VERSION "2.3"
| #define STDC_HEADERS 1
| #define HAVE_SYS_TYPES_H 1
| #define HAVE_SYS_STAT_H 1
| #define HAVE_STDLIB_H 1
| #define HAVE_STRING_H 1
| #define HAVE_MEMORY_H 1
| #define HAVE_STRINGS_H 1
| #define HAVE_INTTYPES_H 1
| #define HAVE_STDINT_H 1
| #define HAVE_UNISTD_H 1
| #define SIZEOF_UNSIGNED_LONG_LONG 8
| /* end confdefs.h.  */
| 
| #include <linux/kernel.h>
| 
| 		#include <linux/mm.h>
| 
| int
| main (void)
| {
| 
| 		get_user_pages_longterm(0, 0, 0, NULL, NULL);
| 
| 		return 0;
| 
|   ;
|   return 0;
| }
configure:9309: result: no
/home/lingbo11/zxm/rdma-kerndriver/compat/build/build_QQv7d/conftest.c: In function ‘main’:
/home/lingbo11/zxm/rdma-kerndriver/compat/build/build_QQv7d/conftest.c:32:3: error: implicit declaration of function ‘vm_flags_clear’ [-Werror=implicit-function-declaration]
   32 |   vm_flags_clear(NULL, 0);
      |   ^~~~~~~~~~~~~~
cc1: some warnings being treated as errors
make[1]: *** [scripts/Makefile.build:270: /home/lingbo11/zxm/rdma-kerndriver/compat/build/build_QQv7d/conftest.o] Error 1
make: *** [Makefile:1762: /home/lingbo11/zxm/rdma-kerndriver/compat/build/build_QQv7d] Error 2
/home/lingbo11/zxm/rdma-kerndriver/compat/build/build_wnS6B/conftest.c: In function ‘main’:
/home/lingbo11/zxm/rdma-kerndriver/compat/build/build_wnS6B/conftest.c:32:20: error: implicit declaration of function ‘hmm_pfn_to_map_order’ [-Werror=implicit-function-declaration]
   32 |   unsigned int i = hmm_pfn_to_map_order(0UL);
      |                    ^~~~~~~~~~~~~~~~~~~~
cc1: some warnings being treated as errors
make[1]: *** [scripts/Makefile.build:270: /home/lingbo11/zxm/rdma-kerndriver/compat/build/build_wnS6B/conftest.o] Error 1
make: *** [Makefile:1762: /home/lingbo11/zxm/rdma-kerndriver/compat/build/build_wnS6B] Error 2
/home/lingbo11/zxm/rdma-kerndriver/compat/build/build_QQv7d/conftest.c: In function ‘main’:
/home/lingbo11/zxm/rdma-kerndriver/compat/build/build_QQv7d/conftest.c:32:3: error: implicit declaration of function ‘vm_flags_clear’ [-Werror=implicit-function-declaration]
   32 |   vm_flags_clear(NULL, 0);
      |   ^~~~~~~~~~~~~~
cc1: some warnings being treated as errors
make[1]: *** [scripts/Makefile.build:270: /home/lingbo11/zxm/rdma-kerndriver/compat/build/build_QQv7d/conftest.o] Error 1
make: *** [Makefile:1762: /home/lingbo11/zxm/rdma-kerndriver/compat/build/build_QQv7d] Error 2
/home/lingbo11/zxm/rdma-kerndriver/compat/build/build_wnS6B/conftest.c: In function ‘main’:
/home/lingbo11/zxm/rdma-kerndriver/compat/build/build_wnS6B/conftest.c:32:20: error: implicit declaration of function ‘hmm_pfn_to_map_order’ [-Werror=implicit-function-declaration]
   32 |   unsigned int i = hmm_pfn_to_map_order(0UL);
      |                    ^~~~~~~~~~~~~~~~~~~~
cc1: some warnings being treated as errors
make[1]: *** [scripts/Makefile.build:270: /home/lingbo11/zxm/rdma-kerndriver/compat/build/build_wnS6B/conftest.o] Error 1
make: *** [Makefile:1762: /home/lingbo11/zxm/rdma-kerndriver/compat/build/build_wnS6B] Error 2
/home/lingbo11/zxm/rdma-kerndriver/compat/build/build_vvidj/conftest.c: In function ‘main’:
/home/lingbo11/zxm/rdma-kerndriver/compat/build/build_vvidj/conftest.c:32:3: error: implicit declaration of function ‘netdev_dpll_pin_set’ [-Werror=implicit-function-declaration]
   32 |   netdev_dpll_pin_set(NULL, NULL);
      |   ^~~~~~~~~~~~~~~~~~~
cc1: some warnings being treated as errors
make[1]: *** [scripts/Makefile.build:270: /home/lingbo11/zxm/rdma-kerndriver/compat/build/build_vvidj/conftest.o] Error 1
make: *** [Makefile:1762: /home/lingbo11/zxm/rdma-kerndriver/compat/build/build_vvidj] Error 2
/home/lingbo11/zxm/rdma-kerndriver/compat/build/build_KorXz/conftest.c: In function ‘main’:
/home/lingbo11/zxm/rdma-kerndriver/compat/build/build_KorXz/conftest.c:32:3: error: implicit declaration of function ‘dev_xdp_prog_id’ [-Werror=implicit-function-declaration]
   32 |   dev_xdp_prog_id(NULL,0);
      |   ^~~~~~~~~~~~~~~
cc1: some warnings being treated as errors
make[1]: *** [scripts/Makefile.build:270: /home/lingbo11/zxm/rdma-kerndriver/compat/build/build_KorXz/conftest.o] Error 1
make: *** [Makefile:1762: /home/lingbo11/zxm/rdma-kerndriver/compat/build/build_KorXz] Error 2
configure:7167: $? = 0
/home/lingbo11/zxm/rdma-kerndriver/compat/build/build_vvidj/conftest.c: In function ‘main’:
/home/lingbo11/zxm/rdma-kerndriver/compat/build/build_vvidj/conftest.c:32:3: error: implicit declaration of function ‘netdev_dpll_pin_set’ [-Werror=implicit-function-declaration]
   32 |   netdev_dpll_pin_set(NULL, NULL);
      |   ^~~~~~~~~~~~~~~~~~~
cc1: some warnings being treated as errors
make[1]: *** [scripts/Makefile.build:270: /home/lingbo11/zxm/rdma-kerndriver/compat/build/build_vvidj/conftest.o] Error 1
make: *** [Makefile:1762: /home/lingbo11/zxm/rdma-kerndriver/compat/build/build_vvidj] Error 2
configure:7169: test -s /home/lingbo11/zxm/rdma-kerndriver/compat/build/build_QQv7d/conftest.o
configure:7017: $? = 0
configure:7019: test -s /home/lingbo11/zxm/rdma-kerndriver/compat/build/build_wnS6B/conftest.o
configure:7172: $? = 1
configure: failed program was:
configure:7022: $? = 1
configure: failed program was:
/home/lingbo11/zxm/rdma-kerndriver/compat/build/build_KorXz/conftest.c: In function ‘main’:
/home/lingbo11/zxm/rdma-kerndriver/compat/build/build_KorXz/conftest.c:32:3: error: implicit declaration of function ‘dev_xdp_prog_id’ [-Werror=implicit-function-declaration]
   32 |   dev_xdp_prog_id(NULL,0);
      |   ^~~~~~~~~~~~~~~
cc1: some warnings being treated as errors
make[1]: *** [scripts/Makefile.build:270: /home/lingbo11/zxm/rdma-kerndriver/compat/build/build_KorXz/conftest.o] Error 1
make: *** [Makefile:1762: /home/lingbo11/zxm/rdma-kerndriver/compat/build/build_KorXz] Error 2
| /* confdefs.h.  */
| /* confdefs.h */
| #define PACKAGE_NAME "compat_mlnx"
| #define PACKAGE_TARNAME "compat_mlnx"
| #define PACKAGE_VERSION "2.3"
| #define PACKAGE_STRING "compat_mlnx 2.3"
| #define PACKAGE_BUGREPORT "http://support.mellanox.com/SupportWeb/service_center/SelfService"
| #define PACKAGE_URL ""
| #define PACKAGE "compat_mlnx"
| #define VERSION "2.3"
| #define STDC_HEADERS 1
| #define HAVE_SYS_TYPES_H 1
| #define HAVE_SYS_STAT_H 1
| #define HAVE_STDLIB_H 1
| #define HAVE_STRING_H 1
| #define HAVE_MEMORY_H 1
| #define HAVE_STRINGS_H 1
| #define HAVE_INTTYPES_H 1
| #define HAVE_STDINT_H 1
| #define HAVE_UNISTD_H 1
| #define SIZEOF_UNSIGNED_LONG_LONG 8
| /* end confdefs.h.  */
| 
| #include <linux/kernel.h>
| 
| 	#include <linux/hmm.h>
| 
| int
| main (void)
| {
| 
| 		vm_flags_clear(NULL, 0);
| 		return 0;
| 
|   ;
|   return 0;
| }
configure:7187: result: no
| /* confdefs.h.  */
| /* confdefs.h */
| #define PACKAGE_NAME "compat_mlnx"
| #define PACKAGE_TARNAME "compat_mlnx"
| #define PACKAGE_VERSION "2.3"
| #define PACKAGE_STRING "compat_mlnx 2.3"
| #define PACKAGE_BUGREPORT "http://support.mellanox.com/SupportWeb/service_center/SelfService"
| #define PACKAGE_URL ""
| #define PACKAGE "compat_mlnx"
| #define VERSION "2.3"
| #define STDC_HEADERS 1
| #define HAVE_SYS_TYPES_H 1
| #define HAVE_SYS_STAT_H 1
| #define HAVE_STDLIB_H 1
| #define HAVE_STRING_H 1
| #define HAVE_MEMORY_H 1
| #define HAVE_STRINGS_H 1
| #define HAVE_INTTYPES_H 1
| #define HAVE_STDINT_H 1
| #define HAVE_UNISTD_H 1
| #define SIZEOF_UNSIGNED_LONG_LONG 8
| /* end confdefs.h.  */
| 
| #include <linux/kernel.h>
| 
| 	#include <linux/hmm.h>
| 
| int
| main (void)
| {
| 
| 		unsigned int i = hmm_pfn_to_map_order(0UL);
| 		return 0;
| 
|   ;
|   return 0;
| }
configure:6563: $? = 0
configure:7037: result: no
configure:6565: test -s /home/lingbo11/zxm/rdma-kerndriver/compat/build/build_vvidj/conftest.o
configure:6568: $? = 1
configure: failed program was:
configure:8681: $? = 0
configure:8683: test -s /home/lingbo11/zxm/rdma-kerndriver/compat/build/build_KorXz/conftest.o
| /* confdefs.h.  */
| /* confdefs.h */
| #define PACKAGE_NAME "compat_mlnx"
| #define PACKAGE_TARNAME "compat_mlnx"
| #define PACKAGE_VERSION "2.3"
| #define PACKAGE_STRING "compat_mlnx 2.3"
| #define PACKAGE_BUGREPORT "http://support.mellanox.com/SupportWeb/service_center/SelfService"
| #define PACKAGE_URL ""
| #define PACKAGE "compat_mlnx"
| #define VERSION "2.3"
| #define STDC_HEADERS 1
| #define HAVE_SYS_TYPES_H 1
| #define HAVE_SYS_STAT_H 1
| #define HAVE_STDLIB_H 1
| #define HAVE_STRING_H 1
| #define HAVE_MEMORY_H 1
| #define HAVE_STRINGS_H 1
| #define HAVE_INTTYPES_H 1
| #define HAVE_STDINT_H 1
| #define HAVE_UNISTD_H 1
| #define SIZEOF_UNSIGNED_LONG_LONG 8
| /* end confdefs.h.  */
| 
| #include <linux/kernel.h>
| 
| 	#include <linux/netdevice.h>
| 
| int
| main (void)
| {
| 
| 		netdev_dpll_pin_set(NULL, NULL);
| 
| 		return 0;
| 
|   ;
|   return 0;
| }
configure:6583: result: no
configure:8686: $? = 1
configure: failed program was:
| /* confdefs.h.  */
| /* confdefs.h */
| #define PACKAGE_NAME "compat_mlnx"
| #define PACKAGE_TARNAME "compat_mlnx"
| #define PACKAGE_VERSION "2.3"
| #define PACKAGE_STRING "compat_mlnx 2.3"
| #define PACKAGE_BUGREPORT "http://support.mellanox.com/SupportWeb/service_center/SelfService"
| #define PACKAGE_URL ""
| #define PACKAGE "compat_mlnx"
| #define VERSION "2.3"
| #define STDC_HEADERS 1
| #define HAVE_SYS_TYPES_H 1
| #define HAVE_SYS_STAT_H 1
| #define HAVE_STDLIB_H 1
| #define HAVE_STRING_H 1
| #define HAVE_MEMORY_H 1
| #define HAVE_STRINGS_H 1
| #define HAVE_INTTYPES_H 1
| #define HAVE_STDINT_H 1
| #define HAVE_UNISTD_H 1
| #define SIZEOF_UNSIGNED_LONG_LONG 8
| /* end confdefs.h.  */
| 
| #include <linux/kernel.h>
| 
| 	#include <linux/netdevice.h>
| 
| int
| main (void)
| {
| 
| 		dev_xdp_prog_id(NULL,0);
| 		return 0;
| 
|   ;
|   return 0;
| }
configure:8701: result: no
/home/lingbo11/zxm/rdma-kerndriver/compat/build/build_PmbtM/conftest.c: In function ‘main’:
/home/lingbo11/zxm/rdma-kerndriver/compat/build/build_PmbtM/conftest.c:32:3: error: implicit declaration of function ‘netdev_hold’; did you mean ‘dev_hold’? [-Werror=implicit-function-declaration]
   32 |   netdev_hold(NULL,NULL, 0);
      |   ^~~~~~~~~~~
      |   dev_hold
/home/lingbo11/zxm/rdma-kerndriver/compat/build/build_PmbtM/conftest.c:33:3: error: implicit declaration of function ‘netdev_put’; did you mean ‘netdev_err’? [-Werror=implicit-function-declaration]
   33 |   netdev_put(NULL,NULL);
      |   ^~~~~~~~~~
      |   netdev_err
cc1: some warnings being treated as errors
make[1]: *** [scripts/Makefile.build:270: /home/lingbo11/zxm/rdma-kerndriver/compat/build/build_PmbtM/conftest.o] Error 1
make: *** [Makefile:1762: /home/lingbo11/zxm/rdma-kerndriver/compat/build/build_PmbtM] Error 2
/home/lingbo11/zxm/rdma-kerndriver/compat/build/build_PmbtM/conftest.c: In function ‘main’:
/home/lingbo11/zxm/rdma-kerndriver/compat/build/build_PmbtM/conftest.c:32:3: error: implicit declaration of function ‘netdev_hold’; did you mean ‘dev_hold’? [-Werror=implicit-function-declaration]
   32 |   netdev_hold(NULL,NULL, 0);
      |   ^~~~~~~~~~~
      |   dev_hold
/home/lingbo11/zxm/rdma-kerndriver/compat/build/build_PmbtM/conftest.c:33:3: error: implicit declaration of function ‘netdev_put’; did you mean ‘netdev_err’? [-Werror=implicit-function-declaration]
   33 |   netdev_put(NULL,NULL);
      |   ^~~~~~~~~~
      |   netdev_err
cc1: some warnings being treated as errors
make[1]: *** [scripts/Makefile.build:270: /home/lingbo11/zxm/rdma-kerndriver/compat/build/build_PmbtM/conftest.o] Error 1
make: *** [Makefile:1762: /home/lingbo11/zxm/rdma-kerndriver/compat/build/build_PmbtM] Error 2
configure:8231: $? = 0
configure:8233: test -s /home/lingbo11/zxm/rdma-kerndriver/compat/build/build_PmbtM/conftest.o
configure:8236: $? = 1
configure: failed program was:
| /* confdefs.h.  */
| /* confdefs.h */
| #define PACKAGE_NAME "compat_mlnx"
| #define PACKAGE_TARNAME "compat_mlnx"
| #define PACKAGE_VERSION "2.3"
| #define PACKAGE_STRING "compat_mlnx 2.3"
| #define PACKAGE_BUGREPORT "http://support.mellanox.com/SupportWeb/service_center/SelfService"
| #define PACKAGE_URL ""
| #define PACKAGE "compat_mlnx"
| #define VERSION "2.3"
| #define STDC_HEADERS 1
| #define HAVE_SYS_TYPES_H 1
| #define HAVE_SYS_STAT_H 1
| #define HAVE_STDLIB_H 1
| #define HAVE_STRING_H 1
| #define HAVE_MEMORY_H 1
| #define HAVE_STRINGS_H 1
| #define HAVE_INTTYPES_H 1
| #define HAVE_STDINT_H 1
| #define HAVE_UNISTD_H 1
| #define SIZEOF_UNSIGNED_LONG_LONG 8
| /* end confdefs.h.  */
| 
| #include <linux/kernel.h>
| 
| 	#include <linux/netdevice.h>
| 
| int
| main (void)
| {
| 
| 		netdev_hold(NULL,NULL, 0);
| 		netdev_put(NULL,NULL);
| 		return 0;
| 
|   ;
|   return 0;
| }
configure:8251: result: no
/home/lingbo11/zxm/rdma-kerndriver/compat/build/build_T7kOy/conftest.c: In function ‘main’:
/home/lingbo11/zxm/rdma-kerndriver/compat/build/build_T7kOy/conftest.c:32:3: error: implicit declaration of function ‘net_prefetch’; did you mean ‘prefetch’? [-Werror=implicit-function-declaration]
   32 |   net_prefetch(NULL);
      |   ^~~~~~~~~~~~
      |   prefetch
cc1: some warnings being treated as errors
make[1]: *** [scripts/Makefile.build:270: /home/lingbo11/zxm/rdma-kerndriver/compat/build/build_T7kOy/conftest.o] Error 1
make: *** [Makefile:1762: /home/lingbo11/zxm/rdma-kerndriver/compat/build/build_T7kOy] Error 2
/home/lingbo11/zxm/rdma-kerndriver/compat/build/build_T7kOy/conftest.c: In function ‘main’:
/home/lingbo11/zxm/rdma-kerndriver/compat/build/build_T7kOy/conftest.c:32:3: error: implicit declaration of function ‘net_prefetch’; did you mean ‘prefetch’? [-Werror=implicit-function-declaration]
   32 |   net_prefetch(NULL);
      |   ^~~~~~~~~~~~
      |   prefetch
cc1: some warnings being treated as errors
make[1]: *** [scripts/Makefile.build:270: /home/lingbo11/zxm/rdma-kerndriver/compat/build/build_T7kOy/conftest.o] Error 1
make: *** [Makefile:1762: /home/lingbo11/zxm/rdma-kerndriver/compat/build/build_T7kOy] Error 2
configure:8985: $? = 0
configure:8987: test -s /home/lingbo11/zxm/rdma-kerndriver/compat/build/build_T7kOy/conftest.o
configure:8990: $? = 1
configure: failed program was:
| /* confdefs.h.  */
| /* confdefs.h */
| #define PACKAGE_NAME "compat_mlnx"
| #define PACKAGE_TARNAME "compat_mlnx"
| #define PACKAGE_VERSION "2.3"
| #define PACKAGE_STRING "compat_mlnx 2.3"
| #define PACKAGE_BUGREPORT "http://support.mellanox.com/SupportWeb/service_center/SelfService"
| #define PACKAGE_URL ""
| #define PACKAGE "compat_mlnx"
| #define VERSION "2.3"
| #define STDC_HEADERS 1
| #define HAVE_SYS_TYPES_H 1
| #define HAVE_SYS_STAT_H 1
| #define HAVE_STDLIB_H 1
| #define HAVE_STRING_H 1
| #define HAVE_MEMORY_H 1
| #define HAVE_STRINGS_H 1
| #define HAVE_INTTYPES_H 1
| #define HAVE_STDINT_H 1
| #define HAVE_UNISTD_H 1
| #define SIZEOF_UNSIGNED_LONG_LONG 8
| /* end confdefs.h.  */
| 
| #include <linux/kernel.h>
| 
| 	#include <linux/netdevice.h>
| 
| int
| main (void)
| {
| 
| 		net_prefetch(NULL);
| 
| 		return 0;
| 
|   ;
|   return 0;
| }
configure:9005: result: no
/home/lingbo11/zxm/rdma-kerndriver/compat/build/build_HSEoX/conftest.c: In function ‘main’:
/home/lingbo11/zxm/rdma-kerndriver/compat/build/build_HSEoX/conftest.c:32:30: error: storage size of ‘notifier’ isn’t known
   32 |   struct netdev_net_notifier notifier;
      |                              ^~~~~~~~
make[1]: *** [scripts/Makefile.build:270: /home/lingbo11/zxm/rdma-kerndriver/compat/build/build_HSEoX/conftest.o] Error 1
make: *** [Makefile:1762: /home/lingbo11/zxm/rdma-kerndriver/compat/build/build_HSEoX] Error 2
/home/lingbo11/zxm/rdma-kerndriver/compat/build/build_HSEoX/conftest.c: In function ‘main’:
/home/lingbo11/zxm/rdma-kerndriver/compat/build/build_HSEoX/conftest.c:32:30: error: storage size of ‘notifier’ isn’t known
   32 |   struct netdev_net_notifier notifier;
      |                              ^~~~~~~~
make[1]: *** [scripts/Makefile.build:270: /home/lingbo11/zxm/rdma-kerndriver/compat/build/build_HSEoX/conftest.o] Error 1
make: *** [Makefile:1762: /home/lingbo11/zxm/rdma-kerndriver/compat/build/build_HSEoX] Error 2
configure:8833: $? = 0
configure:8835: test -s /home/lingbo11/zxm/rdma-kerndriver/compat/build/build_HSEoX/conftest.o
configure:8838: $? = 1
configure: failed program was:
/home/lingbo11/zxm/rdma-kerndriver/compat/build/build_MuJCG/conftest.c: In function ‘main’:
/home/lingbo11/zxm/rdma-kerndriver/compat/build/build_MuJCG/conftest.c:32:3: error: implicit declaration of function ‘register_netdevice_notifier_dev_net’; did you mean ‘register_netdevice_notifier’? [-Werror=implicit-function-declaration]
   32 |   register_netdevice_notifier_dev_net(NULL,NULL,NULL);
      |   ^~~~~~~~~~~~~~~~~~~~~~~~~~~~~~~~~~~
      |   register_netdevice_notifier
cc1: some warnings being treated as errors
make[1]: *** [scripts/Makefile.build:270: /home/lingbo11/zxm/rdma-kerndriver/compat/build/build_MuJCG/conftest.o] Error 1
make: *** [Makefile:1762: /home/lingbo11/zxm/rdma-kerndriver/compat/build/build_MuJCG] Error 2
| /* confdefs.h.  */
| /* confdefs.h */
| #define PACKAGE_NAME "compat_mlnx"
| #define PACKAGE_TARNAME "compat_mlnx"
| #define PACKAGE_VERSION "2.3"
| #define PACKAGE_STRING "compat_mlnx 2.3"
| #define PACKAGE_BUGREPORT "http://support.mellanox.com/SupportWeb/service_center/SelfService"
| #define PACKAGE_URL ""
| #define PACKAGE "compat_mlnx"
| #define VERSION "2.3"
| #define STDC_HEADERS 1
| #define HAVE_SYS_TYPES_H 1
| #define HAVE_SYS_STAT_H 1
| #define HAVE_STDLIB_H 1
| #define HAVE_STRING_H 1
| #define HAVE_MEMORY_H 1
| #define HAVE_STRINGS_H 1
| #define HAVE_INTTYPES_H 1
| #define HAVE_STDINT_H 1
| #define HAVE_UNISTD_H 1
| #define SIZEOF_UNSIGNED_LONG_LONG 8
| /* end confdefs.h.  */
| 
| #include <linux/kernel.h>
| 
| 	#include <linux/netdevice.h>
| 
| int
| main (void)
| {
| 
| 		struct netdev_net_notifier notifier;
| 
| 		return 0;
| 
|   ;
|   return 0;
| }
configure:8853: result: no
/home/lingbo11/zxm/rdma-kerndriver/compat/build/build_MuJCG/conftest.c: In function ‘main’:
/home/lingbo11/zxm/rdma-kerndriver/compat/build/build_MuJCG/conftest.c:32:3: error: implicit declaration of function ‘register_netdevice_notifier_dev_net’; did you mean ‘register_netdevice_notifier’? [-Werror=implicit-function-declaration]
   32 |   register_netdevice_notifier_dev_net(NULL,NULL,NULL);
      |   ^~~~~~~~~~~~~~~~~~~~~~~~~~~~~~~~~~~
      |   register_netdevice_notifier
cc1: some warnings being treated as errors
make[1]: *** [scripts/Makefile.build:270: /home/lingbo11/zxm/rdma-kerndriver/compat/build/build_MuJCG/conftest.o] Error 1
make: *** [Makefile:1762: /home/lingbo11/zxm/rdma-kerndriver/compat/build/build_MuJCG] Error 2
/home/lingbo11/zxm/rdma-kerndriver/compat/build/build_qdyus/conftest.c: In function ‘main’:
/home/lingbo11/zxm/rdma-kerndriver/compat/build/build_qdyus/conftest.c:32:3: error: implicit declaration of function ‘unregister_netdevice_notifier_net’; did you mean ‘unregister_netdevice_notifier’? [-Werror=implicit-function-declaration]
   32 |   unregister_netdevice_notifier_net(NULL,NULL);
      |   ^~~~~~~~~~~~~~~~~~~~~~~~~~~~~~~~~
      |   unregister_netdevice_notifier
cc1: some warnings being treated as errors
make[1]: *** [scripts/Makefile.build:270: /home/lingbo11/zxm/rdma-kerndriver/compat/build/build_qdyus/conftest.o] Error 1
make: *** [Makefile:1762: /home/lingbo11/zxm/rdma-kerndriver/compat/build/build_qdyus] Error 2
configure:8531: $? = 0
configure:8533: test -s /home/lingbo11/zxm/rdma-kerndriver/compat/build/build_MuJCG/conftest.o
configure:8536: $? = 1
configure: failed program was:
/home/lingbo11/zxm/rdma-kerndriver/compat/build/build_qdyus/conftest.c: In function ‘main’:
/home/lingbo11/zxm/rdma-kerndriver/compat/build/build_qdyus/conftest.c:32:3: error: implicit declaration of function ‘unregister_netdevice_notifier_net’; did you mean ‘unregister_netdevice_notifier’? [-Werror=implicit-function-declaration]
   32 |   unregister_netdevice_notifier_net(NULL,NULL);
      |   ^~~~~~~~~~~~~~~~~~~~~~~~~~~~~~~~~
      |   unregister_netdevice_notifier
cc1: some warnings being treated as errors
make[1]: *** [scripts/Makefile.build:270: /home/lingbo11/zxm/rdma-kerndriver/compat/build/build_qdyus/conftest.o] Error 1
make: *** [Makefile:1762: /home/lingbo11/zxm/rdma-kerndriver/compat/build/build_qdyus] Error 2
| /* confdefs.h.  */
| /* confdefs.h */
| #define PACKAGE_NAME "compat_mlnx"
| #define PACKAGE_TARNAME "compat_mlnx"
| #define PACKAGE_VERSION "2.3"
| #define PACKAGE_STRING "compat_mlnx 2.3"
| #define PACKAGE_BUGREPORT "http://support.mellanox.com/SupportWeb/service_center/SelfService"
| #define PACKAGE_URL ""
| #define PACKAGE "compat_mlnx"
| #define VERSION "2.3"
| #define STDC_HEADERS 1
| #define HAVE_SYS_TYPES_H 1
| #define HAVE_SYS_STAT_H 1
| #define HAVE_STDLIB_H 1
| #define HAVE_STRING_H 1
| #define HAVE_MEMORY_H 1
| #define HAVE_STRINGS_H 1
| #define HAVE_INTTYPES_H 1
| #define HAVE_STDINT_H 1
| #define HAVE_UNISTD_H 1
| #define SIZEOF_UNSIGNED_LONG_LONG 8
| /* end confdefs.h.  */
| 
| #include <linux/kernel.h>
| 
| 	#include <linux/netdevice.h>
| 
| int
| main (void)
| {
| 
| 		register_netdevice_notifier_dev_net(NULL,NULL,NULL);
| 		return 0;
| 
|   ;
|   return 0;
| }
configure:8551: result: no
configure:8381: $? = 0
configure:8383: test -s /home/lingbo11/zxm/rdma-kerndriver/compat/build/build_qdyus/conftest.o
configure:8386: $? = 1
configure: failed program was:
| /* confdefs.h.  */
| /* confdefs.h */
| #define PACKAGE_NAME "compat_mlnx"
| #define PACKAGE_TARNAME "compat_mlnx"
| #define PACKAGE_VERSION "2.3"
| #define PACKAGE_STRING "compat_mlnx 2.3"
| #define PACKAGE_BUGREPORT "http://support.mellanox.com/SupportWeb/service_center/SelfService"
| #define PACKAGE_URL ""
| #define PACKAGE "compat_mlnx"
| #define VERSION "2.3"
| #define STDC_HEADERS 1
| #define HAVE_SYS_TYPES_H 1
| #define HAVE_SYS_STAT_H 1
| #define HAVE_STDLIB_H 1
| #define HAVE_STRING_H 1
| #define HAVE_MEMORY_H 1
| #define HAVE_STRINGS_H 1
| #define HAVE_INTTYPES_H 1
| #define HAVE_STDINT_H 1
| #define HAVE_UNISTD_H 1
| #define SIZEOF_UNSIGNED_LONG_LONG 8
| /* end confdefs.h.  */
| 
| #include <linux/kernel.h>
| 
| 	#include <linux/netdevice.h>
| 
| int
| main (void)
| {
| 
| 		unregister_netdevice_notifier_net(NULL,NULL);
| 		return 0;
| 
|   ;
|   return 0;
| }
configure:8401: result: no
WARNING: modpost: missing MODULE_LICENSE() in /home/lingbo11/zxm/rdma-kerndriver/compat/build/build_TlVFb/conftest.o
see include/linux/module.h for more information
configure:10501: $? = 0
configure:10503: test -s /home/lingbo11/zxm/rdma-kerndriver/compat/build/build_TlVFb/conftest.o
configure:10506: $? = 0
configure:10509: result: yes
/home/lingbo11/zxm/rdma-kerndriver/compat/build/build_WFckV/conftest.c: In function ‘main’:
/home/lingbo11/zxm/rdma-kerndriver/compat/build/build_WFckV/conftest.c:32:30: error: storage size of ‘x’ isn’t known
   32 |   struct udp_tunnel_nic_info x;
      |                              ^
make[1]: *** [scripts/Makefile.build:270: /home/lingbo11/zxm/rdma-kerndriver/compat/build/build_WFckV/conftest.o] Error 1
make: *** [Makefile:1762: /home/lingbo11/zxm/rdma-kerndriver/compat/build/build_WFckV] Error 2
/home/lingbo11/zxm/rdma-kerndriver/compat/build/build_WFckV/conftest.c: In function ‘main’:
/home/lingbo11/zxm/rdma-kerndriver/compat/build/build_WFckV/conftest.c:32:30: error: storage size of ‘x’ isn’t known
   32 |   struct udp_tunnel_nic_info x;
      |                              ^
make[1]: *** [scripts/Makefile.build:270: /home/lingbo11/zxm/rdma-kerndriver/compat/build/build_WFckV/conftest.o] Error 1
make: *** [Makefile:1762: /home/lingbo11/zxm/rdma-kerndriver/compat/build/build_WFckV] Error 2
configure:8079: $? = 0
configure:8081: test -s /home/lingbo11/zxm/rdma-kerndriver/compat/build/build_WFckV/conftest.o
configure:8084: $? = 1
configure: failed program was:
| /* confdefs.h.  */
| /* confdefs.h */
| #define PACKAGE_NAME "compat_mlnx"
| #define PACKAGE_TARNAME "compat_mlnx"
| #define PACKAGE_VERSION "2.3"
| #define PACKAGE_STRING "compat_mlnx 2.3"
| #define PACKAGE_BUGREPORT "http://support.mellanox.com/SupportWeb/service_center/SelfService"
| #define PACKAGE_URL ""
| #define PACKAGE "compat_mlnx"
| #define VERSION "2.3"
| #define STDC_HEADERS 1
| #define HAVE_SYS_TYPES_H 1
| #define HAVE_SYS_STAT_H 1
| #define HAVE_STDLIB_H 1
| #define HAVE_STRING_H 1
| #define HAVE_MEMORY_H 1
| #define HAVE_STRINGS_H 1
| #define HAVE_INTTYPES_H 1
| #define HAVE_STDINT_H 1
| #define HAVE_UNISTD_H 1
| #define SIZEOF_UNSIGNED_LONG_LONG 8
| /* end confdefs.h.  */
| 
| #include <linux/kernel.h>
| 
| 	#include <net/udp_tunnel.h>
| 
| int
| main (void)
| {
| 
| 		struct udp_tunnel_nic_info x;
| 
| 		return 0;
| 
|   ;
|   return 0;
| }
configure:8099: result: no
/home/lingbo11/zxm/rdma-kerndriver/compat/build/build_01X1T/conftest.c: In function ‘main’:
/home/lingbo11/zxm/rdma-kerndriver/compat/build/build_01X1T/conftest.c:32:3: error: implicit declaration of function ‘ib_umem_dmabuf_get_pinned’ [-Werror=implicit-function-declaration]
   32 |   ib_umem_dmabuf_get_pinned(NULL, 0, 0, 0, 0);
      |   ^~~~~~~~~~~~~~~~~~~~~~~~~
cc1: some warnings being treated as errors
make[1]: *** [scripts/Makefile.build:270: /home/lingbo11/zxm/rdma-kerndriver/compat/build/build_01X1T/conftest.o] Error 1
make: *** [Makefile:1762: /home/lingbo11/zxm/rdma-kerndriver/compat/build/build_01X1T] Error 2
/home/lingbo11/zxm/rdma-kerndriver/compat/build/build_01X1T/conftest.c: In function ‘main’:
/home/lingbo11/zxm/rdma-kerndriver/compat/build/build_01X1T/conftest.c:32:3: error: implicit declaration of function ‘ib_umem_dmabuf_get_pinned’ [-Werror=implicit-function-declaration]
   32 |   ib_umem_dmabuf_get_pinned(NULL, 0, 0, 0, 0);
      |   ^~~~~~~~~~~~~~~~~~~~~~~~~
cc1: some warnings being treated as errors
make[1]: *** [scripts/Makefile.build:270: /home/lingbo11/zxm/rdma-kerndriver/compat/build/build_01X1T/conftest.o] Error 1
make: *** [Makefile:1762: /home/lingbo11/zxm/rdma-kerndriver/compat/build/build_01X1T] Error 2
configure:7623: $? = 0
configure:7625: test -s /home/lingbo11/zxm/rdma-kerndriver/compat/build/build_01X1T/conftest.o
configure:7628: $? = 1
configure: failed program was:
| /* confdefs.h.  */
| /* confdefs.h */
| #define PACKAGE_NAME "compat_mlnx"
| #define PACKAGE_TARNAME "compat_mlnx"
| #define PACKAGE_VERSION "2.3"
| #define PACKAGE_STRING "compat_mlnx 2.3"
| #define PACKAGE_BUGREPORT "http://support.mellanox.com/SupportWeb/service_center/SelfService"
| #define PACKAGE_URL ""
| #define PACKAGE "compat_mlnx"
| #define VERSION "2.3"
| #define STDC_HEADERS 1
| #define HAVE_SYS_TYPES_H 1
| #define HAVE_SYS_STAT_H 1
| #define HAVE_STDLIB_H 1
| #define HAVE_STRING_H 1
| #define HAVE_MEMORY_H 1
| #define HAVE_STRINGS_H 1
| #define HAVE_INTTYPES_H 1
| #define HAVE_STDINT_H 1
| #define HAVE_UNISTD_H 1
| #define SIZEOF_UNSIGNED_LONG_LONG 8
| /* end confdefs.h.  */
| 
| #include <linux/kernel.h>
| 
| 	#include <rdma/ib_umem.h>
| 
| int
| main (void)
| {
| 
| 		ib_umem_dmabuf_get_pinned(NULL, 0, 0, 0, 0);
| 
| 		return 0;
| 
|   ;
|   return 0;
| }
configure:7643: result: no
/home/lingbo11/zxm/rdma-kerndriver/compat/build/build_eFf4d/conftest.c: In function ‘main’:
/home/lingbo11/zxm/rdma-kerndriver/compat/build/build_eFf4d/conftest.c:34:10: error: ‘UDP_TUNNEL_NIC_INFO_STATIC_IANA_VXLAN’ undeclared (first use in this function)
   34 |   flag = UDP_TUNNEL_NIC_INFO_STATIC_IANA_VXLAN;
      |          ^~~~~~~~~~~~~~~~~~~~~~~~~~~~~~~~~~~~~
/home/lingbo11/zxm/rdma-kerndriver/compat/build/build_eFf4d/conftest.c:34:10: note: each undeclared identifier is reported only once for each function it appears in
make[1]: *** [scripts/Makefile.build:270: /home/lingbo11/zxm/rdma-kerndriver/compat/build/build_eFf4d/conftest.o] Error 1
make: *** [Makefile:1762: /home/lingbo11/zxm/rdma-kerndriver/compat/build/build_eFf4d] Error 2
/home/lingbo11/zxm/rdma-kerndriver/compat/build/build_eFf4d/conftest.c: In function ‘main’:
/home/lingbo11/zxm/rdma-kerndriver/compat/build/build_eFf4d/conftest.c:34:10: error: ‘UDP_TUNNEL_NIC_INFO_STATIC_IANA_VXLAN’ undeclared (first use in this function)
   34 |   flag = UDP_TUNNEL_NIC_INFO_STATIC_IANA_VXLAN;
      |          ^~~~~~~~~~~~~~~~~~~~~~~~~~~~~~~~~~~~~
/home/lingbo11/zxm/rdma-kerndriver/compat/build/build_eFf4d/conftest.c:34:10: note: each undeclared identifier is reported only once for each function it appears in
make[1]: *** [scripts/Makefile.build:270: /home/lingbo11/zxm/rdma-kerndriver/compat/build/build_eFf4d/conftest.o] Error 1
make: *** [Makefile:1762: /home/lingbo11/zxm/rdma-kerndriver/compat/build/build_eFf4d] Error 2
configure:7927: $? = 0
configure:7929: test -s /home/lingbo11/zxm/rdma-kerndriver/compat/build/build_eFf4d/conftest.o
configure:7932: $? = 1
configure: failed program was:
| /* confdefs.h.  */
| /* confdefs.h */
| #define PACKAGE_NAME "compat_mlnx"
| #define PACKAGE_TARNAME "compat_mlnx"
| #define PACKAGE_VERSION "2.3"
| #define PACKAGE_STRING "compat_mlnx 2.3"
| #define PACKAGE_BUGREPORT "http://support.mellanox.com/SupportWeb/service_center/SelfService"
| #define PACKAGE_URL ""
| #define PACKAGE "compat_mlnx"
| #define VERSION "2.3"
| #define STDC_HEADERS 1
| #define HAVE_SYS_TYPES_H 1
| #define HAVE_SYS_STAT_H 1
| #define HAVE_STDLIB_H 1
| #define HAVE_STRING_H 1
| #define HAVE_MEMORY_H 1
| #define HAVE_STRINGS_H 1
| #define HAVE_INTTYPES_H 1
| #define HAVE_STDINT_H 1
| #define HAVE_UNISTD_H 1
| #define SIZEOF_UNSIGNED_LONG_LONG 8
| /* end confdefs.h.  */
| 
| #include <linux/kernel.h>
| 
| 	#include <net/udp_tunnel.h>
| 
| int
| main (void)
| {
| 
| 		int flag;
| 
| 		flag = UDP_TUNNEL_NIC_INFO_STATIC_IANA_VXLAN;
| 
| 		return 0;
| 
|   ;
|   return 0;
| }
configure:7947: result: no
WARNING: modpost: missing MODULE_LICENSE() in /home/lingbo11/zxm/rdma-kerndriver/compat/build/build_Ary6U/conftest.o
see include/linux/module.h for more information
WARNING: modpost: missing MODULE_LICENSE() in /home/lingbo11/zxm/rdma-kerndriver/compat/build/build_llaWg/conftest.o
see include/linux/module.h for more information
configure:10351: $? = 0
configure:10353: test -s /home/lingbo11/zxm/rdma-kerndriver/compat/build/build_Ary6U/conftest.o
configure:9593: $? = 0
configure:9595: test -s /home/lingbo11/zxm/rdma-kerndriver/compat/build/build_llaWg/conftest.o
configure:10356: $? = 0
configure:10359: result: yes
configure:9598: $? = 0
configure:9601: result: yes
WARNING: modpost: missing MODULE_LICENSE() in /home/lingbo11/zxm/rdma-kerndriver/compat/build/build_9TvJN/conftest.o
see include/linux/module.h for more information
configure:10199: $? = 0
configure:10201: test -s /home/lingbo11/zxm/rdma-kerndriver/compat/build/build_9TvJN/conftest.o
configure:10204: $? = 0
configure:10207: result: yes
WARNING: modpost: missing MODULE_LICENSE() in /home/lingbo11/zxm/rdma-kerndriver/compat/build/build_awwss/conftest.o
see include/linux/module.h for more information
configure:7771: $? = 0
configure:7773: test -s /home/lingbo11/zxm/rdma-kerndriver/compat/build/build_awwss/conftest.o
configure:7776: $? = 0
configure:7779: result: yes
configure:10836: checking if struct net_device_ops has ndo_get_devlink_port
configure:10992: checking if devlink_fmsg_u8_pair_put returns int
configure:11144: checking if struct devlink_port_ops had port_fn_ipsec_crypto_get
configure:11300: checking if struct devlink_port_ops had port_fn_ipsec_packet_get
configure:11456: checking if kernel supports v6.7 devlink instances relationships exposure
configure:11616: checking if struct net_device has devlink_port member
configure:11772: checking if struct net_device has xdp_metadata_ops member
configure:11928: checking if kernel supports queue and napi association
configure:10802: env CROSS_COMPILE= make -d modules LD=ld CC=gcc -f /home/lingbo11/zxm/rdma-kerndriver/compat/build/build_oW2zb/Makefile MLNX_LINUX_CONFIG=/usr/src/linux-headers-5.4.0-86-generic/include/config/auto.conf LINUXINCLUDE=-include generated/autoconf.h -I/usr/src/linux-headers-5.4.0-86-generic/arch/x86/include/mach-xen -D__XEN_INTERFACE_VERSION__= -I/usr/src/linux-headers-5.4.0-86-generic/arch/x86/include -Iarch/x86/include/generated -Iinclude -I/usr/src/linux-headers-5.4.0-86-generic/arch/x86/include/uapi -Iarch/x86/include/generated/uapi -I/usr/src/linux-headers-5.4.0-86-generic/include -I/usr/src/linux-headers-5.4.0-86-generic/include/uapi -Iinclude/generated/uapi -I/usr/src/linux-headers-5.4.0-86-generic/arch/x86/include -Iarch/x86/include/generated -I/usr/src/linux-headers-5.4.0-86-generic/arch/x86/include -I/usr/src/linux-headers-5.4.0-86-generic/arch/x86/include/generated -I/usr/src/linux-headers-5.4.0-86-generic/include -I/usr/src/linux-headers-5.4.0-86-generic/include -I/usr/src/linux-headers-5.4.0-86-generic/include2 -include /usr/src/linux-headers-5.4.0-86-generic/include/linux/kconfig.h -o tmp_include_depends -o scripts -o include/config/MARKER -C /usr/src/linux-headers-5.4.0-86-generic EXTRA_CFLAGS=-Werror-implicit-function-declaration -Wno-unused-variable -Wno-uninitialized  CROSS_COMPILE= M=/home/lingbo11/zxm/rdma-kerndriver/compat/build/build_oW2zb >/dev/null 2>/home/lingbo11/zxm/rdma-kerndriver/compat/build/build_oW2zb/output.log; [ 0 -ne 0 ] && cat /home/lingbo11/zxm/rdma-kerndriver/compat/build/build_oW2zb/output.log 1>&2 && false || config/warning_filter.sh /home/lingbo11/zxm/rdma-kerndriver/compat/build/build_oW2zb/output.log
configure:12088: checking if devlink.h devl_rate_leaf_create get 3 param
configure:10958: env CROSS_COMPILE= make -d modules LD=ld CC=gcc -f /home/lingbo11/zxm/rdma-kerndriver/compat/build/build_hPhdt/Makefile MLNX_LINUX_CONFIG=/usr/src/linux-headers-5.4.0-86-generic/include/config/auto.conf LINUXINCLUDE=-include generated/autoconf.h -I/usr/src/linux-headers-5.4.0-86-generic/arch/x86/include/mach-xen -D__XEN_INTERFACE_VERSION__= -I/usr/src/linux-headers-5.4.0-86-generic/arch/x86/include -Iarch/x86/include/generated -Iinclude -I/usr/src/linux-headers-5.4.0-86-generic/arch/x86/include/uapi -Iarch/x86/include/generated/uapi -I/usr/src/linux-headers-5.4.0-86-generic/include -I/usr/src/linux-headers-5.4.0-86-generic/include/uapi -Iinclude/generated/uapi -I/usr/src/linux-headers-5.4.0-86-generic/arch/x86/include -Iarch/x86/include/generated -I/usr/src/linux-headers-5.4.0-86-generic/arch/x86/include -I/usr/src/linux-headers-5.4.0-86-generic/arch/x86/include/generated -I/usr/src/linux-headers-5.4.0-86-generic/include -I/usr/src/linux-headers-5.4.0-86-generic/include -I/usr/src/linux-headers-5.4.0-86-generic/include2 -include /usr/src/linux-headers-5.4.0-86-generic/include/linux/kconfig.h -o tmp_include_depends -o scripts -o include/config/MARKER -C /usr/src/linux-headers-5.4.0-86-generic EXTRA_CFLAGS=-Werror-implicit-function-declaration -Wno-unused-variable -Wno-uninitialized  CROSS_COMPILE= M=/home/lingbo11/zxm/rdma-kerndriver/compat/build/build_hPhdt >/dev/null 2>/home/lingbo11/zxm/rdma-kerndriver/compat/build/build_hPhdt/output.log; [ 0 -ne 0 ] && cat /home/lingbo11/zxm/rdma-kerndriver/compat/build/build_hPhdt/output.log 1>&2 && false || config/warning_filter.sh /home/lingbo11/zxm/rdma-kerndriver/compat/build/build_hPhdt/output.log
configure:12240: checking if devlink has devlink_info_version_fixed_put
configure:11110: env CROSS_COMPILE= make -d modules LD=ld CC=gcc -f /home/lingbo11/zxm/rdma-kerndriver/compat/build/build_lGm9m/Makefile MLNX_LINUX_CONFIG=/usr/src/linux-headers-5.4.0-86-generic/include/config/auto.conf LINUXINCLUDE=-include generated/autoconf.h -I/usr/src/linux-headers-5.4.0-86-generic/arch/x86/include/mach-xen -D__XEN_INTERFACE_VERSION__= -I/usr/src/linux-headers-5.4.0-86-generic/arch/x86/include -Iarch/x86/include/generated -Iinclude -I/usr/src/linux-headers-5.4.0-86-generic/arch/x86/include/uapi -Iarch/x86/include/generated/uapi -I/usr/src/linux-headers-5.4.0-86-generic/include -I/usr/src/linux-headers-5.4.0-86-generic/include/uapi -Iinclude/generated/uapi -I/usr/src/linux-headers-5.4.0-86-generic/arch/x86/include -Iarch/x86/include/generated -I/usr/src/linux-headers-5.4.0-86-generic/arch/x86/include -I/usr/src/linux-headers-5.4.0-86-generic/arch/x86/include/generated -I/usr/src/linux-headers-5.4.0-86-generic/include -I/usr/src/linux-headers-5.4.0-86-generic/include -I/usr/src/linux-headers-5.4.0-86-generic/include2 -include /usr/src/linux-headers-5.4.0-86-generic/include/linux/kconfig.h -o tmp_include_depends -o scripts -o include/config/MARKER -C /usr/src/linux-headers-5.4.0-86-generic EXTRA_CFLAGS=-Werror-implicit-function-declaration -Wno-unused-variable -Wno-uninitialized  CROSS_COMPILE= M=/home/lingbo11/zxm/rdma-kerndriver/compat/build/build_lGm9m >/dev/null 2>/home/lingbo11/zxm/rdma-kerndriver/compat/build/build_lGm9m/output.log; [ 0 -ne 0 ] && cat /home/lingbo11/zxm/rdma-kerndriver/compat/build/build_lGm9m/output.log 1>&2 && false || config/warning_filter.sh /home/lingbo11/zxm/rdma-kerndriver/compat/build/build_lGm9m/output.log
configure:12390: checking if devlink.h devlink_port_type_eth_set get 1 param
configure:12542: checking if devlink.h has devl_param_driverinit_value_get
configure:11266: env CROSS_COMPILE= make -d modules LD=ld CC=gcc -f /home/lingbo11/zxm/rdma-kerndriver/compat/build/build_pPMCP/Makefile MLNX_LINUX_CONFIG=/usr/src/linux-headers-5.4.0-86-generic/include/config/auto.conf LINUXINCLUDE=-include generated/autoconf.h -I/usr/src/linux-headers-5.4.0-86-generic/arch/x86/include/mach-xen -D__XEN_INTERFACE_VERSION__= -I/usr/src/linux-headers-5.4.0-86-generic/arch/x86/include -Iarch/x86/include/generated -Iinclude -I/usr/src/linux-headers-5.4.0-86-generic/arch/x86/include/uapi -Iarch/x86/include/generated/uapi -I/usr/src/linux-headers-5.4.0-86-generic/include -I/usr/src/linux-headers-5.4.0-86-generic/include/uapi -Iinclude/generated/uapi -I/usr/src/linux-headers-5.4.0-86-generic/arch/x86/include -Iarch/x86/include/generated -I/usr/src/linux-headers-5.4.0-86-generic/arch/x86/include -I/usr/src/linux-headers-5.4.0-86-generic/arch/x86/include/generated -I/usr/src/linux-headers-5.4.0-86-generic/include -I/usr/src/linux-headers-5.4.0-86-generic/include -I/usr/src/linux-headers-5.4.0-86-generic/include2 -include /usr/src/linux-headers-5.4.0-86-generic/include/linux/kconfig.h -o tmp_include_depends -o scripts -o include/config/MARKER -C /usr/src/linux-headers-5.4.0-86-generic EXTRA_CFLAGS=-Werror-implicit-function-declaration -Wno-unused-variable -Wno-uninitialized  CROSS_COMPILE= M=/home/lingbo11/zxm/rdma-kerndriver/compat/build/build_pPMCP >/dev/null 2>/home/lingbo11/zxm/rdma-kerndriver/compat/build/build_pPMCP/output.log; [ 0 -ne 0 ] && cat /home/lingbo11/zxm/rdma-kerndriver/compat/build/build_pPMCP/output.log 1>&2 && false || config/warning_filter.sh /home/lingbo11/zxm/rdma-kerndriver/compat/build/build_pPMCP/output.log
configure:11422: env CROSS_COMPILE= make -d modules LD=ld CC=gcc -f /home/lingbo11/zxm/rdma-kerndriver/compat/build/build_vKwC2/Makefile MLNX_LINUX_CONFIG=/usr/src/linux-headers-5.4.0-86-generic/include/config/auto.conf LINUXINCLUDE=-include generated/autoconf.h -I/usr/src/linux-headers-5.4.0-86-generic/arch/x86/include/mach-xen -D__XEN_INTERFACE_VERSION__= -I/usr/src/linux-headers-5.4.0-86-generic/arch/x86/include -Iarch/x86/include/generated -Iinclude -I/usr/src/linux-headers-5.4.0-86-generic/arch/x86/include/uapi -Iarch/x86/include/generated/uapi -I/usr/src/linux-headers-5.4.0-86-generic/include -I/usr/src/linux-headers-5.4.0-86-generic/include/uapi -Iinclude/generated/uapi -I/usr/src/linux-headers-5.4.0-86-generic/arch/x86/include -Iarch/x86/include/generated -I/usr/src/linux-headers-5.4.0-86-generic/arch/x86/include -I/usr/src/linux-headers-5.4.0-86-generic/arch/x86/include/generated -I/usr/src/linux-headers-5.4.0-86-generic/include -I/usr/src/linux-headers-5.4.0-86-generic/include -I/usr/src/linux-headers-5.4.0-86-generic/include2 -include /usr/src/linux-headers-5.4.0-86-generic/include/linux/kconfig.h -o tmp_include_depends -o scripts -o include/config/MARKER -C /usr/src/linux-headers-5.4.0-86-generic EXTRA_CFLAGS=-Werror-implicit-function-declaration -Wno-unused-variable -Wno-uninitialized  CROSS_COMPILE= M=/home/lingbo11/zxm/rdma-kerndriver/compat/build/build_vKwC2 >/dev/null 2>/home/lingbo11/zxm/rdma-kerndriver/compat/build/build_vKwC2/output.log; [ 0 -ne 0 ] && cat /home/lingbo11/zxm/rdma-kerndriver/compat/build/build_vKwC2/output.log 1>&2 && false || config/warning_filter.sh /home/lingbo11/zxm/rdma-kerndriver/compat/build/build_vKwC2/output.log
configure:12694: checking if devlink.h has devl_port_health_reporter_create
configure:12844: checking if devlink.h has devl_health_reporter_create
configure:12996: checking if devlink.h has devlink_info_driver_name_put
configure:11582: env CROSS_COMPILE= make -d modules LD=ld CC=gcc -f /home/lingbo11/zxm/rdma-kerndriver/compat/build/build_W2uNB/Makefile MLNX_LINUX_CONFIG=/usr/src/linux-headers-5.4.0-86-generic/include/config/auto.conf LINUXINCLUDE=-include generated/autoconf.h -I/usr/src/linux-headers-5.4.0-86-generic/arch/x86/include/mach-xen -D__XEN_INTERFACE_VERSION__= -I/usr/src/linux-headers-5.4.0-86-generic/arch/x86/include -Iarch/x86/include/generated -Iinclude -I/usr/src/linux-headers-5.4.0-86-generic/arch/x86/include/uapi -Iarch/x86/include/generated/uapi -I/usr/src/linux-headers-5.4.0-86-generic/include -I/usr/src/linux-headers-5.4.0-86-generic/include/uapi -Iinclude/generated/uapi -I/usr/src/linux-headers-5.4.0-86-generic/arch/x86/include -Iarch/x86/include/generated -I/usr/src/linux-headers-5.4.0-86-generic/arch/x86/include -I/usr/src/linux-headers-5.4.0-86-generic/arch/x86/include/generated -I/usr/src/linux-headers-5.4.0-86-generic/include -I/usr/src/linux-headers-5.4.0-86-generic/include -I/usr/src/linux-headers-5.4.0-86-generic/include2 -include /usr/src/linux-headers-5.4.0-86-generic/include/linux/kconfig.h -o tmp_include_depends -o scripts -o include/config/MARKER -C /usr/src/linux-headers-5.4.0-86-generic EXTRA_CFLAGS=-Werror-implicit-function-declaration -Wno-unused-variable -Wno-uninitialized  CROSS_COMPILE= M=/home/lingbo11/zxm/rdma-kerndriver/compat/build/build_W2uNB >/dev/null 2>/home/lingbo11/zxm/rdma-kerndriver/compat/build/build_W2uNB/output.log; [ 0 -ne 0 ] && cat /home/lingbo11/zxm/rdma-kerndriver/compat/build/build_W2uNB/output.log 1>&2 && false || config/warning_filter.sh /home/lingbo11/zxm/rdma-kerndriver/compat/build/build_W2uNB/output.log
configure:11738: env CROSS_COMPILE= make -d modules LD=ld CC=gcc -f /home/lingbo11/zxm/rdma-kerndriver/compat/build/build_Diil2/Makefile MLNX_LINUX_CONFIG=/usr/src/linux-headers-5.4.0-86-generic/include/config/auto.conf LINUXINCLUDE=-include generated/autoconf.h -I/usr/src/linux-headers-5.4.0-86-generic/arch/x86/include/mach-xen -D__XEN_INTERFACE_VERSION__= -I/usr/src/linux-headers-5.4.0-86-generic/arch/x86/include -Iarch/x86/include/generated -Iinclude -I/usr/src/linux-headers-5.4.0-86-generic/arch/x86/include/uapi -Iarch/x86/include/generated/uapi -I/usr/src/linux-headers-5.4.0-86-generic/include -I/usr/src/linux-headers-5.4.0-86-generic/include/uapi -Iinclude/generated/uapi -I/usr/src/linux-headers-5.4.0-86-generic/arch/x86/include -Iarch/x86/include/generated -I/usr/src/linux-headers-5.4.0-86-generic/arch/x86/include -I/usr/src/linux-headers-5.4.0-86-generic/arch/x86/include/generated -I/usr/src/linux-headers-5.4.0-86-generic/include -I/usr/src/linux-headers-5.4.0-86-generic/include -I/usr/src/linux-headers-5.4.0-86-generic/include2 -include /usr/src/linux-headers-5.4.0-86-generic/include/linux/kconfig.h -o tmp_include_depends -o scripts -o include/config/MARKER -C /usr/src/linux-headers-5.4.0-86-generic EXTRA_CFLAGS=-Werror-implicit-function-declaration -Wno-unused-variable -Wno-uninitialized  CROSS_COMPILE= M=/home/lingbo11/zxm/rdma-kerndriver/compat/build/build_Diil2 >/dev/null 2>/home/lingbo11/zxm/rdma-kerndriver/compat/build/build_Diil2/output.log; [ 0 -ne 0 ] && cat /home/lingbo11/zxm/rdma-kerndriver/compat/build/build_Diil2/output.log 1>&2 && false || config/warning_filter.sh /home/lingbo11/zxm/rdma-kerndriver/compat/build/build_Diil2/output.log
configure:11894: env CROSS_COMPILE= make -d modules LD=ld CC=gcc -f /home/lingbo11/zxm/rdma-kerndriver/compat/build/build_gxewo/Makefile MLNX_LINUX_CONFIG=/usr/src/linux-headers-5.4.0-86-generic/include/config/auto.conf LINUXINCLUDE=-include generated/autoconf.h -I/usr/src/linux-headers-5.4.0-86-generic/arch/x86/include/mach-xen -D__XEN_INTERFACE_VERSION__= -I/usr/src/linux-headers-5.4.0-86-generic/arch/x86/include -Iarch/x86/include/generated -Iinclude -I/usr/src/linux-headers-5.4.0-86-generic/arch/x86/include/uapi -Iarch/x86/include/generated/uapi -I/usr/src/linux-headers-5.4.0-86-generic/include -I/usr/src/linux-headers-5.4.0-86-generic/include/uapi -Iinclude/generated/uapi -I/usr/src/linux-headers-5.4.0-86-generic/arch/x86/include -Iarch/x86/include/generated -I/usr/src/linux-headers-5.4.0-86-generic/arch/x86/include -I/usr/src/linux-headers-5.4.0-86-generic/arch/x86/include/generated -I/usr/src/linux-headers-5.4.0-86-generic/include -I/usr/src/linux-headers-5.4.0-86-generic/include -I/usr/src/linux-headers-5.4.0-86-generic/include2 -include /usr/src/linux-headers-5.4.0-86-generic/include/linux/kconfig.h -o tmp_include_depends -o scripts -o include/config/MARKER -C /usr/src/linux-headers-5.4.0-86-generic EXTRA_CFLAGS=-Werror-implicit-function-declaration -Wno-unused-variable -Wno-uninitialized  CROSS_COMPILE= M=/home/lingbo11/zxm/rdma-kerndriver/compat/build/build_gxewo >/dev/null 2>/home/lingbo11/zxm/rdma-kerndriver/compat/build/build_gxewo/output.log; [ 0 -ne 0 ] && cat /home/lingbo11/zxm/rdma-kerndriver/compat/build/build_gxewo/output.log 1>&2 && false || config/warning_filter.sh /home/lingbo11/zxm/rdma-kerndriver/compat/build/build_gxewo/output.log
configure:13148: checking if devlink.h has devlink_set_features
configure:12054: env CROSS_COMPILE= make -d modules LD=ld CC=gcc -f /home/lingbo11/zxm/rdma-kerndriver/compat/build/build_M86yw/Makefile MLNX_LINUX_CONFIG=/usr/src/linux-headers-5.4.0-86-generic/include/config/auto.conf LINUXINCLUDE=-include generated/autoconf.h -I/usr/src/linux-headers-5.4.0-86-generic/arch/x86/include/mach-xen -D__XEN_INTERFACE_VERSION__= -I/usr/src/linux-headers-5.4.0-86-generic/arch/x86/include -Iarch/x86/include/generated -Iinclude -I/usr/src/linux-headers-5.4.0-86-generic/arch/x86/include/uapi -Iarch/x86/include/generated/uapi -I/usr/src/linux-headers-5.4.0-86-generic/include -I/usr/src/linux-headers-5.4.0-86-generic/include/uapi -Iinclude/generated/uapi -I/usr/src/linux-headers-5.4.0-86-generic/arch/x86/include -Iarch/x86/include/generated -I/usr/src/linux-headers-5.4.0-86-generic/arch/x86/include -I/usr/src/linux-headers-5.4.0-86-generic/arch/x86/include/generated -I/usr/src/linux-headers-5.4.0-86-generic/include -I/usr/src/linux-headers-5.4.0-86-generic/include -I/usr/src/linux-headers-5.4.0-86-generic/include2 -include /usr/src/linux-headers-5.4.0-86-generic/include/linux/kconfig.h -o tmp_include_depends -o scripts -o include/config/MARKER -C /usr/src/linux-headers-5.4.0-86-generic EXTRA_CFLAGS=-Werror-implicit-function-declaration -Wno-unused-variable -Wno-uninitialized  CROSS_COMPILE= M=/home/lingbo11/zxm/rdma-kerndriver/compat/build/build_M86yw >/dev/null 2>/home/lingbo11/zxm/rdma-kerndriver/compat/build/build_M86yw/output.log; [ 0 -ne 0 ] && cat /home/lingbo11/zxm/rdma-kerndriver/compat/build/build_M86yw/output.log 1>&2 && false || config/warning_filter.sh /home/lingbo11/zxm/rdma-kerndriver/compat/build/build_M86yw/output.log
configure:13300: checking if devlink.h has devlink_to_dev
configure:13452: checking if devlink.h devl_port_register defined
configure:12206: env CROSS_COMPILE= make -d modules LD=ld CC=gcc -f /home/lingbo11/zxm/rdma-kerndriver/compat/build/build_qp4L8/Makefile MLNX_LINUX_CONFIG=/usr/src/linux-headers-5.4.0-86-generic/include/config/auto.conf LINUXINCLUDE=-include generated/autoconf.h -I/usr/src/linux-headers-5.4.0-86-generic/arch/x86/include/mach-xen -D__XEN_INTERFACE_VERSION__= -I/usr/src/linux-headers-5.4.0-86-generic/arch/x86/include -Iarch/x86/include/generated -Iinclude -I/usr/src/linux-headers-5.4.0-86-generic/arch/x86/include/uapi -Iarch/x86/include/generated/uapi -I/usr/src/linux-headers-5.4.0-86-generic/include -I/usr/src/linux-headers-5.4.0-86-generic/include/uapi -Iinclude/generated/uapi -I/usr/src/linux-headers-5.4.0-86-generic/arch/x86/include -Iarch/x86/include/generated -I/usr/src/linux-headers-5.4.0-86-generic/arch/x86/include -I/usr/src/linux-headers-5.4.0-86-generic/arch/x86/include/generated -I/usr/src/linux-headers-5.4.0-86-generic/include -I/usr/src/linux-headers-5.4.0-86-generic/include -I/usr/src/linux-headers-5.4.0-86-generic/include2 -include /usr/src/linux-headers-5.4.0-86-generic/include/linux/kconfig.h -o tmp_include_depends -o scripts -o include/config/MARKER -C /usr/src/linux-headers-5.4.0-86-generic EXTRA_CFLAGS=-Werror-implicit-function-declaration -Wno-unused-variable -Wno-uninitialized  CROSS_COMPILE= M=/home/lingbo11/zxm/rdma-kerndriver/compat/build/build_qp4L8 >/dev/null 2>/home/lingbo11/zxm/rdma-kerndriver/compat/build/build_qp4L8/output.log; [ 0 -ne 0 ] && cat /home/lingbo11/zxm/rdma-kerndriver/compat/build/build_qp4L8/output.log 1>&2 && false || config/warning_filter.sh /home/lingbo11/zxm/rdma-kerndriver/compat/build/build_qp4L8/output.log
configure:12356: env CROSS_COMPILE= make -d modules LD=ld CC=gcc -f /home/lingbo11/zxm/rdma-kerndriver/compat/build/build_1VuVA/Makefile MLNX_LINUX_CONFIG=/usr/src/linux-headers-5.4.0-86-generic/include/config/auto.conf LINUXINCLUDE=-include generated/autoconf.h -I/usr/src/linux-headers-5.4.0-86-generic/arch/x86/include/mach-xen -D__XEN_INTERFACE_VERSION__= -I/usr/src/linux-headers-5.4.0-86-generic/arch/x86/include -Iarch/x86/include/generated -Iinclude -I/usr/src/linux-headers-5.4.0-86-generic/arch/x86/include/uapi -Iarch/x86/include/generated/uapi -I/usr/src/linux-headers-5.4.0-86-generic/include -I/usr/src/linux-headers-5.4.0-86-generic/include/uapi -Iinclude/generated/uapi -I/usr/src/linux-headers-5.4.0-86-generic/arch/x86/include -Iarch/x86/include/generated -I/usr/src/linux-headers-5.4.0-86-generic/arch/x86/include -I/usr/src/linux-headers-5.4.0-86-generic/arch/x86/include/generated -I/usr/src/linux-headers-5.4.0-86-generic/include -I/usr/src/linux-headers-5.4.0-86-generic/include -I/usr/src/linux-headers-5.4.0-86-generic/include2 -include /usr/src/linux-headers-5.4.0-86-generic/include/linux/kconfig.h -o tmp_include_depends -o scripts -o include/config/MARKER -C /usr/src/linux-headers-5.4.0-86-generic EXTRA_CFLAGS=-Werror-implicit-function-declaration -Wno-unused-variable -Wno-uninitialized  CROSS_COMPILE= M=/home/lingbo11/zxm/rdma-kerndriver/compat/build/build_1VuVA >/dev/null 2>/home/lingbo11/zxm/rdma-kerndriver/compat/build/build_1VuVA/output.log; [ 0 -ne 0 ] && cat /home/lingbo11/zxm/rdma-kerndriver/compat/build/build_1VuVA/output.log 1>&2 && false || config/warning_filter.sh /home/lingbo11/zxm/rdma-kerndriver/compat/build/build_1VuVA/output.log
configure:13604: checking if devlink.h devl_trap_groups_register defined
configure:12508: env CROSS_COMPILE= make -d modules LD=ld CC=gcc -f /home/lingbo11/zxm/rdma-kerndriver/compat/build/build_wdgb8/Makefile MLNX_LINUX_CONFIG=/usr/src/linux-headers-5.4.0-86-generic/include/config/auto.conf LINUXINCLUDE=-include generated/autoconf.h -I/usr/src/linux-headers-5.4.0-86-generic/arch/x86/include/mach-xen -D__XEN_INTERFACE_VERSION__= -I/usr/src/linux-headers-5.4.0-86-generic/arch/x86/include -Iarch/x86/include/generated -Iinclude -I/usr/src/linux-headers-5.4.0-86-generic/arch/x86/include/uapi -Iarch/x86/include/generated/uapi -I/usr/src/linux-headers-5.4.0-86-generic/include -I/usr/src/linux-headers-5.4.0-86-generic/include/uapi -Iinclude/generated/uapi -I/usr/src/linux-headers-5.4.0-86-generic/arch/x86/include -Iarch/x86/include/generated -I/usr/src/linux-headers-5.4.0-86-generic/arch/x86/include -I/usr/src/linux-headers-5.4.0-86-generic/arch/x86/include/generated -I/usr/src/linux-headers-5.4.0-86-generic/include -I/usr/src/linux-headers-5.4.0-86-generic/include -I/usr/src/linux-headers-5.4.0-86-generic/include2 -include /usr/src/linux-headers-5.4.0-86-generic/include/linux/kconfig.h -o tmp_include_depends -o scripts -o include/config/MARKER -C /usr/src/linux-headers-5.4.0-86-generic EXTRA_CFLAGS=-Werror-implicit-function-declaration -Wno-unused-variable -Wno-uninitialized  CROSS_COMPILE= M=/home/lingbo11/zxm/rdma-kerndriver/compat/build/build_wdgb8 >/dev/null 2>/home/lingbo11/zxm/rdma-kerndriver/compat/build/build_wdgb8/output.log; [ 0 -ne 0 ] && cat /home/lingbo11/zxm/rdma-kerndriver/compat/build/build_wdgb8/output.log 1>&2 && false || config/warning_filter.sh /home/lingbo11/zxm/rdma-kerndriver/compat/build/build_wdgb8/output.log
configure:13756: checking if devlink.h devlink_param_register defined
configure:12810: env CROSS_COMPILE= make -d modules LD=ld CC=gcc -f /home/lingbo11/zxm/rdma-kerndriver/compat/build/build_AlFZ0/Makefile MLNX_LINUX_CONFIG=/usr/src/linux-headers-5.4.0-86-generic/include/config/auto.conf LINUXINCLUDE=-include generated/autoconf.h -I/usr/src/linux-headers-5.4.0-86-generic/arch/x86/include/mach-xen -D__XEN_INTERFACE_VERSION__= -I/usr/src/linux-headers-5.4.0-86-generic/arch/x86/include -Iarch/x86/include/generated -Iinclude -I/usr/src/linux-headers-5.4.0-86-generic/arch/x86/include/uapi -Iarch/x86/include/generated/uapi -I/usr/src/linux-headers-5.4.0-86-generic/include -I/usr/src/linux-headers-5.4.0-86-generic/include/uapi -Iinclude/generated/uapi -I/usr/src/linux-headers-5.4.0-86-generic/arch/x86/include -Iarch/x86/include/generated -I/usr/src/linux-headers-5.4.0-86-generic/arch/x86/include -I/usr/src/linux-headers-5.4.0-86-generic/arch/x86/include/generated -I/usr/src/linux-headers-5.4.0-86-generic/include -I/usr/src/linux-headers-5.4.0-86-generic/include -I/usr/src/linux-headers-5.4.0-86-generic/include2 -include /usr/src/linux-headers-5.4.0-86-generic/include/linux/kconfig.h -o tmp_include_depends -o scripts -o include/config/MARKER -C /usr/src/linux-headers-5.4.0-86-generic EXTRA_CFLAGS=-Werror-implicit-function-declaration -Wno-unused-variable -Wno-uninitialized  CROSS_COMPILE= M=/home/lingbo11/zxm/rdma-kerndriver/compat/build/build_AlFZ0 >/dev/null 2>/home/lingbo11/zxm/rdma-kerndriver/compat/build/build_AlFZ0/output.log; [ 0 -ne 0 ] && cat /home/lingbo11/zxm/rdma-kerndriver/compat/build/build_AlFZ0/output.log 1>&2 && false || config/warning_filter.sh /home/lingbo11/zxm/rdma-kerndriver/compat/build/build_AlFZ0/output.log
configure:13908: checking if devlink.h has devlink_register get 1 params
configure:12660: env CROSS_COMPILE= make -d modules LD=ld CC=gcc -f /home/lingbo11/zxm/rdma-kerndriver/compat/build/build_Iyz4z/Makefile MLNX_LINUX_CONFIG=/usr/src/linux-headers-5.4.0-86-generic/include/config/auto.conf LINUXINCLUDE=-include generated/autoconf.h -I/usr/src/linux-headers-5.4.0-86-generic/arch/x86/include/mach-xen -D__XEN_INTERFACE_VERSION__= -I/usr/src/linux-headers-5.4.0-86-generic/arch/x86/include -Iarch/x86/include/generated -Iinclude -I/usr/src/linux-headers-5.4.0-86-generic/arch/x86/include/uapi -Iarch/x86/include/generated/uapi -I/usr/src/linux-headers-5.4.0-86-generic/include -I/usr/src/linux-headers-5.4.0-86-generic/include/uapi -Iinclude/generated/uapi -I/usr/src/linux-headers-5.4.0-86-generic/arch/x86/include -Iarch/x86/include/generated -I/usr/src/linux-headers-5.4.0-86-generic/arch/x86/include -I/usr/src/linux-headers-5.4.0-86-generic/arch/x86/include/generated -I/usr/src/linux-headers-5.4.0-86-generic/include -I/usr/src/linux-headers-5.4.0-86-generic/include -I/usr/src/linux-headers-5.4.0-86-generic/include2 -include /usr/src/linux-headers-5.4.0-86-generic/include/linux/kconfig.h -o tmp_include_depends -o scripts -o include/config/MARKER -C /usr/src/linux-headers-5.4.0-86-generic EXTRA_CFLAGS=-Werror-implicit-function-declaration -Wno-unused-variable -Wno-uninitialized  CROSS_COMPILE= M=/home/lingbo11/zxm/rdma-kerndriver/compat/build/build_Iyz4z >/dev/null 2>/home/lingbo11/zxm/rdma-kerndriver/compat/build/build_Iyz4z/output.log; [ 0 -ne 0 ] && cat /home/lingbo11/zxm/rdma-kerndriver/compat/build/build_Iyz4z/output.log 1>&2 && false || config/warning_filter.sh /home/lingbo11/zxm/rdma-kerndriver/compat/build/build_Iyz4z/output.log
configure:14060: checking if devlink.h has devl_register
configure:12962: env CROSS_COMPILE= make -d modules LD=ld CC=gcc -f /home/lingbo11/zxm/rdma-kerndriver/compat/build/build_5p50m/Makefile MLNX_LINUX_CONFIG=/usr/src/linux-headers-5.4.0-86-generic/include/config/auto.conf LINUXINCLUDE=-include generated/autoconf.h -I/usr/src/linux-headers-5.4.0-86-generic/arch/x86/include/mach-xen -D__XEN_INTERFACE_VERSION__= -I/usr/src/linux-headers-5.4.0-86-generic/arch/x86/include -Iarch/x86/include/generated -Iinclude -I/usr/src/linux-headers-5.4.0-86-generic/arch/x86/include/uapi -Iarch/x86/include/generated/uapi -I/usr/src/linux-headers-5.4.0-86-generic/include -I/usr/src/linux-headers-5.4.0-86-generic/include/uapi -Iinclude/generated/uapi -I/usr/src/linux-headers-5.4.0-86-generic/arch/x86/include -Iarch/x86/include/generated -I/usr/src/linux-headers-5.4.0-86-generic/arch/x86/include -I/usr/src/linux-headers-5.4.0-86-generic/arch/x86/include/generated -I/usr/src/linux-headers-5.4.0-86-generic/include -I/usr/src/linux-headers-5.4.0-86-generic/include -I/usr/src/linux-headers-5.4.0-86-generic/include2 -include /usr/src/linux-headers-5.4.0-86-generic/include/linux/kconfig.h -o tmp_include_depends -o scripts -o include/config/MARKER -C /usr/src/linux-headers-5.4.0-86-generic EXTRA_CFLAGS=-Werror-implicit-function-declaration -Wno-unused-variable -Wno-uninitialized  CROSS_COMPILE= M=/home/lingbo11/zxm/rdma-kerndriver/compat/build/build_5p50m >/dev/null 2>/home/lingbo11/zxm/rdma-kerndriver/compat/build/build_5p50m/output.log; [ 0 -ne 0 ] && cat /home/lingbo11/zxm/rdma-kerndriver/compat/build/build_5p50m/output.log 1>&2 && false || config/warning_filter.sh /home/lingbo11/zxm/rdma-kerndriver/compat/build/build_5p50m/output.log
configure:14212: checking if devlink.h has devl_resource_register
configure:13114: env CROSS_COMPILE= make -d modules LD=ld CC=gcc -f /home/lingbo11/zxm/rdma-kerndriver/compat/build/build_jD1oj/Makefile MLNX_LINUX_CONFIG=/usr/src/linux-headers-5.4.0-86-generic/include/config/auto.conf LINUXINCLUDE=-include generated/autoconf.h -I/usr/src/linux-headers-5.4.0-86-generic/arch/x86/include/mach-xen -D__XEN_INTERFACE_VERSION__= -I/usr/src/linux-headers-5.4.0-86-generic/arch/x86/include -Iarch/x86/include/generated -Iinclude -I/usr/src/linux-headers-5.4.0-86-generic/arch/x86/include/uapi -Iarch/x86/include/generated/uapi -I/usr/src/linux-headers-5.4.0-86-generic/include -I/usr/src/linux-headers-5.4.0-86-generic/include/uapi -Iinclude/generated/uapi -I/usr/src/linux-headers-5.4.0-86-generic/arch/x86/include -Iarch/x86/include/generated -I/usr/src/linux-headers-5.4.0-86-generic/arch/x86/include -I/usr/src/linux-headers-5.4.0-86-generic/arch/x86/include/generated -I/usr/src/linux-headers-5.4.0-86-generic/include -I/usr/src/linux-headers-5.4.0-86-generic/include -I/usr/src/linux-headers-5.4.0-86-generic/include2 -include /usr/src/linux-headers-5.4.0-86-generic/include/linux/kconfig.h -o tmp_include_depends -o scripts -o include/config/MARKER -C /usr/src/linux-headers-5.4.0-86-generic EXTRA_CFLAGS=-Werror-implicit-function-declaration -Wno-unused-variable -Wno-uninitialized  CROSS_COMPILE= M=/home/lingbo11/zxm/rdma-kerndriver/compat/build/build_jD1oj >/dev/null 2>/home/lingbo11/zxm/rdma-kerndriver/compat/build/build_jD1oj/output.log; [ 0 -ne 0 ] && cat /home/lingbo11/zxm/rdma-kerndriver/compat/build/build_jD1oj/output.log 1>&2 && false || config/warning_filter.sh /home/lingbo11/zxm/rdma-kerndriver/compat/build/build_jD1oj/output.log
configure:14364: checking if devlink.h has devl_resources_unregister
configure:13266: env CROSS_COMPILE= make -d modules LD=ld CC=gcc -f /home/lingbo11/zxm/rdma-kerndriver/compat/build/build_tDddD/Makefile MLNX_LINUX_CONFIG=/usr/src/linux-headers-5.4.0-86-generic/include/config/auto.conf LINUXINCLUDE=-include generated/autoconf.h -I/usr/src/linux-headers-5.4.0-86-generic/arch/x86/include/mach-xen -D__XEN_INTERFACE_VERSION__= -I/usr/src/linux-headers-5.4.0-86-generic/arch/x86/include -Iarch/x86/include/generated -Iinclude -I/usr/src/linux-headers-5.4.0-86-generic/arch/x86/include/uapi -Iarch/x86/include/generated/uapi -I/usr/src/linux-headers-5.4.0-86-generic/include -I/usr/src/linux-headers-5.4.0-86-generic/include/uapi -Iinclude/generated/uapi -I/usr/src/linux-headers-5.4.0-86-generic/arch/x86/include -Iarch/x86/include/generated -I/usr/src/linux-headers-5.4.0-86-generic/arch/x86/include -I/usr/src/linux-headers-5.4.0-86-generic/arch/x86/include/generated -I/usr/src/linux-headers-5.4.0-86-generic/include -I/usr/src/linux-headers-5.4.0-86-generic/include -I/usr/src/linux-headers-5.4.0-86-generic/include2 -include /usr/src/linux-headers-5.4.0-86-generic/include/linux/kconfig.h -o tmp_include_depends -o scripts -o include/config/MARKER -C /usr/src/linux-headers-5.4.0-86-generic EXTRA_CFLAGS=-Werror-implicit-function-declaration -Wno-unused-variable -Wno-uninitialized  CROSS_COMPILE= M=/home/lingbo11/zxm/rdma-kerndriver/compat/build/build_tDddD >/dev/null 2>/home/lingbo11/zxm/rdma-kerndriver/compat/build/build_tDddD/output.log; [ 0 -ne 0 ] && cat /home/lingbo11/zxm/rdma-kerndriver/compat/build/build_tDddD/output.log 1>&2 && false || config/warning_filter.sh /home/lingbo11/zxm/rdma-kerndriver/compat/build/build_tDddD/output.log
configure:14516: checking if devlink.h has devlink_resources_unregister 2 params
configure:13418: env CROSS_COMPILE= make -d modules LD=ld CC=gcc -f /home/lingbo11/zxm/rdma-kerndriver/compat/build/build_BOt6H/Makefile MLNX_LINUX_CONFIG=/usr/src/linux-headers-5.4.0-86-generic/include/config/auto.conf LINUXINCLUDE=-include generated/autoconf.h -I/usr/src/linux-headers-5.4.0-86-generic/arch/x86/include/mach-xen -D__XEN_INTERFACE_VERSION__= -I/usr/src/linux-headers-5.4.0-86-generic/arch/x86/include -Iarch/x86/include/generated -Iinclude -I/usr/src/linux-headers-5.4.0-86-generic/arch/x86/include/uapi -Iarch/x86/include/generated/uapi -I/usr/src/linux-headers-5.4.0-86-generic/include -I/usr/src/linux-headers-5.4.0-86-generic/include/uapi -Iinclude/generated/uapi -I/usr/src/linux-headers-5.4.0-86-generic/arch/x86/include -Iarch/x86/include/generated -I/usr/src/linux-headers-5.4.0-86-generic/arch/x86/include -I/usr/src/linux-headers-5.4.0-86-generic/arch/x86/include/generated -I/usr/src/linux-headers-5.4.0-86-generic/include -I/usr/src/linux-headers-5.4.0-86-generic/include -I/usr/src/linux-headers-5.4.0-86-generic/include2 -include /usr/src/linux-headers-5.4.0-86-generic/include/linux/kconfig.h -o tmp_include_depends -o scripts -o include/config/MARKER -C /usr/src/linux-headers-5.4.0-86-generic EXTRA_CFLAGS=-Werror-implicit-function-declaration -Wno-unused-variable -Wno-uninitialized  CROSS_COMPILE= M=/home/lingbo11/zxm/rdma-kerndriver/compat/build/build_BOt6H >/dev/null 2>/home/lingbo11/zxm/rdma-kerndriver/compat/build/build_BOt6H/output.log; [ 0 -ne 0 ] && cat /home/lingbo11/zxm/rdma-kerndriver/compat/build/build_BOt6H/output.log 1>&2 && false || config/warning_filter.sh /home/lingbo11/zxm/rdma-kerndriver/compat/build/build_BOt6H/output.log
configure:14668: checking if devlink.h has devlink_resources_unregister 1 params
configure:13570: env CROSS_COMPILE= make -d modules LD=ld CC=gcc -f /home/lingbo11/zxm/rdma-kerndriver/compat/build/build_Xg61Q/Makefile MLNX_LINUX_CONFIG=/usr/src/linux-headers-5.4.0-86-generic/include/config/auto.conf LINUXINCLUDE=-include generated/autoconf.h -I/usr/src/linux-headers-5.4.0-86-generic/arch/x86/include/mach-xen -D__XEN_INTERFACE_VERSION__= -I/usr/src/linux-headers-5.4.0-86-generic/arch/x86/include -Iarch/x86/include/generated -Iinclude -I/usr/src/linux-headers-5.4.0-86-generic/arch/x86/include/uapi -Iarch/x86/include/generated/uapi -I/usr/src/linux-headers-5.4.0-86-generic/include -I/usr/src/linux-headers-5.4.0-86-generic/include/uapi -Iinclude/generated/uapi -I/usr/src/linux-headers-5.4.0-86-generic/arch/x86/include -Iarch/x86/include/generated -I/usr/src/linux-headers-5.4.0-86-generic/arch/x86/include -I/usr/src/linux-headers-5.4.0-86-generic/arch/x86/include/generated -I/usr/src/linux-headers-5.4.0-86-generic/include -I/usr/src/linux-headers-5.4.0-86-generic/include -I/usr/src/linux-headers-5.4.0-86-generic/include2 -include /usr/src/linux-headers-5.4.0-86-generic/include/linux/kconfig.h -o tmp_include_depends -o scripts -o include/config/MARKER -C /usr/src/linux-headers-5.4.0-86-generic EXTRA_CFLAGS=-Werror-implicit-function-declaration -Wno-unused-variable -Wno-uninitialized  CROSS_COMPILE= M=/home/lingbo11/zxm/rdma-kerndriver/compat/build/build_Xg61Q >/dev/null 2>/home/lingbo11/zxm/rdma-kerndriver/compat/build/build_Xg61Q/output.log; [ 0 -ne 0 ] && cat /home/lingbo11/zxm/rdma-kerndriver/compat/build/build_Xg61Q/output.log 1>&2 && false || config/warning_filter.sh /home/lingbo11/zxm/rdma-kerndriver/compat/build/build_Xg61Q/output.log
configure:14820: checking if devlink.h has devlink_alloc get 3 params
configure:14972: checking if devlink.h has devlink_port_attrs_pci_sf_set get 4 params
configure:15124: checking if devlink.h has devlink_port_attrs_pci_sf_set get 5 params
configure:15276: checking if devlink.h devlink_port_attrs_pci_vf_set get 3 params
configure:13722: env CROSS_COMPILE= make -d modules LD=ld CC=gcc -f /home/lingbo11/zxm/rdma-kerndriver/compat/build/build_GkAmi/Makefile MLNX_LINUX_CONFIG=/usr/src/linux-headers-5.4.0-86-generic/include/config/auto.conf LINUXINCLUDE=-include generated/autoconf.h -I/usr/src/linux-headers-5.4.0-86-generic/arch/x86/include/mach-xen -D__XEN_INTERFACE_VERSION__= -I/usr/src/linux-headers-5.4.0-86-generic/arch/x86/include -Iarch/x86/include/generated -Iinclude -I/usr/src/linux-headers-5.4.0-86-generic/arch/x86/include/uapi -Iarch/x86/include/generated/uapi -I/usr/src/linux-headers-5.4.0-86-generic/include -I/usr/src/linux-headers-5.4.0-86-generic/include/uapi -Iinclude/generated/uapi -I/usr/src/linux-headers-5.4.0-86-generic/arch/x86/include -Iarch/x86/include/generated -I/usr/src/linux-headers-5.4.0-86-generic/arch/x86/include -I/usr/src/linux-headers-5.4.0-86-generic/arch/x86/include/generated -I/usr/src/linux-headers-5.4.0-86-generic/include -I/usr/src/linux-headers-5.4.0-86-generic/include -I/usr/src/linux-headers-5.4.0-86-generic/include2 -include /usr/src/linux-headers-5.4.0-86-generic/include/linux/kconfig.h -o tmp_include_depends -o scripts -o include/config/MARKER -C /usr/src/linux-headers-5.4.0-86-generic EXTRA_CFLAGS=-Werror-implicit-function-declaration -Wno-unused-variable -Wno-uninitialized  CROSS_COMPILE= M=/home/lingbo11/zxm/rdma-kerndriver/compat/build/build_GkAmi >/dev/null 2>/home/lingbo11/zxm/rdma-kerndriver/compat/build/build_GkAmi/output.log; [ 0 -ne 0 ] && cat /home/lingbo11/zxm/rdma-kerndriver/compat/build/build_GkAmi/output.log 1>&2 && false || config/warning_filter.sh /home/lingbo11/zxm/rdma-kerndriver/compat/build/build_GkAmi/output.log
configure:15428: checking if devlink has devlink_port_attrs_pci_vf_set has 5 params
configure:13874: env CROSS_COMPILE= make -d modules LD=ld CC=gcc -f /home/lingbo11/zxm/rdma-kerndriver/compat/build/build_KWl3Q/Makefile MLNX_LINUX_CONFIG=/usr/src/linux-headers-5.4.0-86-generic/include/config/auto.conf LINUXINCLUDE=-include generated/autoconf.h -I/usr/src/linux-headers-5.4.0-86-generic/arch/x86/include/mach-xen -D__XEN_INTERFACE_VERSION__= -I/usr/src/linux-headers-5.4.0-86-generic/arch/x86/include -Iarch/x86/include/generated -Iinclude -I/usr/src/linux-headers-5.4.0-86-generic/arch/x86/include/uapi -Iarch/x86/include/generated/uapi -I/usr/src/linux-headers-5.4.0-86-generic/include -I/usr/src/linux-headers-5.4.0-86-generic/include/uapi -Iinclude/generated/uapi -I/usr/src/linux-headers-5.4.0-86-generic/arch/x86/include -Iarch/x86/include/generated -I/usr/src/linux-headers-5.4.0-86-generic/arch/x86/include -I/usr/src/linux-headers-5.4.0-86-generic/arch/x86/include/generated -I/usr/src/linux-headers-5.4.0-86-generic/include -I/usr/src/linux-headers-5.4.0-86-generic/include -I/usr/src/linux-headers-5.4.0-86-generic/include2 -include /usr/src/linux-headers-5.4.0-86-generic/include/linux/kconfig.h -o tmp_include_depends -o scripts -o include/config/MARKER -C /usr/src/linux-headers-5.4.0-86-generic EXTRA_CFLAGS=-Werror-implicit-function-declaration -Wno-unused-variable -Wno-uninitialized  CROSS_COMPILE= M=/home/lingbo11/zxm/rdma-kerndriver/compat/build/build_KWl3Q >/dev/null 2>/home/lingbo11/zxm/rdma-kerndriver/compat/build/build_KWl3Q/output.log; [ 0 -ne 0 ] && cat /home/lingbo11/zxm/rdma-kerndriver/compat/build/build_KWl3Q/output.log 1>&2 && false || config/warning_filter.sh /home/lingbo11/zxm/rdma-kerndriver/compat/build/build_KWl3Q/output.log
configure:14026: env CROSS_COMPILE= make -d modules LD=ld CC=gcc -f /home/lingbo11/zxm/rdma-kerndriver/compat/build/build_Y9PD1/Makefile MLNX_LINUX_CONFIG=/usr/src/linux-headers-5.4.0-86-generic/include/config/auto.conf LINUXINCLUDE=-include generated/autoconf.h -I/usr/src/linux-headers-5.4.0-86-generic/arch/x86/include/mach-xen -D__XEN_INTERFACE_VERSION__= -I/usr/src/linux-headers-5.4.0-86-generic/arch/x86/include -Iarch/x86/include/generated -Iinclude -I/usr/src/linux-headers-5.4.0-86-generic/arch/x86/include/uapi -Iarch/x86/include/generated/uapi -I/usr/src/linux-headers-5.4.0-86-generic/include -I/usr/src/linux-headers-5.4.0-86-generic/include/uapi -Iinclude/generated/uapi -I/usr/src/linux-headers-5.4.0-86-generic/arch/x86/include -Iarch/x86/include/generated -I/usr/src/linux-headers-5.4.0-86-generic/arch/x86/include -I/usr/src/linux-headers-5.4.0-86-generic/arch/x86/include/generated -I/usr/src/linux-headers-5.4.0-86-generic/include -I/usr/src/linux-headers-5.4.0-86-generic/include -I/usr/src/linux-headers-5.4.0-86-generic/include2 -include /usr/src/linux-headers-5.4.0-86-generic/include/linux/kconfig.h -o tmp_include_depends -o scripts -o include/config/MARKER -C /usr/src/linux-headers-5.4.0-86-generic EXTRA_CFLAGS=-Werror-implicit-function-declaration -Wno-unused-variable -Wno-uninitialized  CROSS_COMPILE= M=/home/lingbo11/zxm/rdma-kerndriver/compat/build/build_Y9PD1 >/dev/null 2>/home/lingbo11/zxm/rdma-kerndriver/compat/build/build_Y9PD1/output.log; [ 0 -ne 0 ] && cat /home/lingbo11/zxm/rdma-kerndriver/compat/build/build_Y9PD1/output.log 1>&2 && false || config/warning_filter.sh /home/lingbo11/zxm/rdma-kerndriver/compat/build/build_Y9PD1/output.log
configure:15578: checking if devlink has devlink_port_attrs_pci_vf_set has 5 params and controller num
configure:15728: checking if devlink.h devlink_port_attrs_pci_pf_set get 2 params
configure:14178: env CROSS_COMPILE= make -d modules LD=ld CC=gcc -f /home/lingbo11/zxm/rdma-kerndriver/compat/build/build_L1coz/Makefile MLNX_LINUX_CONFIG=/usr/src/linux-headers-5.4.0-86-generic/include/config/auto.conf LINUXINCLUDE=-include generated/autoconf.h -I/usr/src/linux-headers-5.4.0-86-generic/arch/x86/include/mach-xen -D__XEN_INTERFACE_VERSION__= -I/usr/src/linux-headers-5.4.0-86-generic/arch/x86/include -Iarch/x86/include/generated -Iinclude -I/usr/src/linux-headers-5.4.0-86-generic/arch/x86/include/uapi -Iarch/x86/include/generated/uapi -I/usr/src/linux-headers-5.4.0-86-generic/include -I/usr/src/linux-headers-5.4.0-86-generic/include/uapi -Iinclude/generated/uapi -I/usr/src/linux-headers-5.4.0-86-generic/arch/x86/include -Iarch/x86/include/generated -I/usr/src/linux-headers-5.4.0-86-generic/arch/x86/include -I/usr/src/linux-headers-5.4.0-86-generic/arch/x86/include/generated -I/usr/src/linux-headers-5.4.0-86-generic/include -I/usr/src/linux-headers-5.4.0-86-generic/include -I/usr/src/linux-headers-5.4.0-86-generic/include2 -include /usr/src/linux-headers-5.4.0-86-generic/include/linux/kconfig.h -o tmp_include_depends -o scripts -o include/config/MARKER -C /usr/src/linux-headers-5.4.0-86-generic EXTRA_CFLAGS=-Werror-implicit-function-declaration -Wno-unused-variable -Wno-uninitialized  CROSS_COMPILE= M=/home/lingbo11/zxm/rdma-kerndriver/compat/build/build_L1coz >/dev/null 2>/home/lingbo11/zxm/rdma-kerndriver/compat/build/build_L1coz/output.log; [ 0 -ne 0 ] && cat /home/lingbo11/zxm/rdma-kerndriver/compat/build/build_L1coz/output.log 1>&2 && false || config/warning_filter.sh /home/lingbo11/zxm/rdma-kerndriver/compat/build/build_L1coz/output.log
configure:14330: env CROSS_COMPILE= make -d modules LD=ld CC=gcc -f /home/lingbo11/zxm/rdma-kerndriver/compat/build/build_781Po/Makefile MLNX_LINUX_CONFIG=/usr/src/linux-headers-5.4.0-86-generic/include/config/auto.conf LINUXINCLUDE=-include generated/autoconf.h -I/usr/src/linux-headers-5.4.0-86-generic/arch/x86/include/mach-xen -D__XEN_INTERFACE_VERSION__= -I/usr/src/linux-headers-5.4.0-86-generic/arch/x86/include -Iarch/x86/include/generated -Iinclude -I/usr/src/linux-headers-5.4.0-86-generic/arch/x86/include/uapi -Iarch/x86/include/generated/uapi -I/usr/src/linux-headers-5.4.0-86-generic/include -I/usr/src/linux-headers-5.4.0-86-generic/include/uapi -Iinclude/generated/uapi -I/usr/src/linux-headers-5.4.0-86-generic/arch/x86/include -Iarch/x86/include/generated -I/usr/src/linux-headers-5.4.0-86-generic/arch/x86/include -I/usr/src/linux-headers-5.4.0-86-generic/arch/x86/include/generated -I/usr/src/linux-headers-5.4.0-86-generic/include -I/usr/src/linux-headers-5.4.0-86-generic/include -I/usr/src/linux-headers-5.4.0-86-generic/include2 -include /usr/src/linux-headers-5.4.0-86-generic/include/linux/kconfig.h -o tmp_include_depends -o scripts -o include/config/MARKER -C /usr/src/linux-headers-5.4.0-86-generic EXTRA_CFLAGS=-Werror-implicit-function-declaration -Wno-unused-variable -Wno-uninitialized  CROSS_COMPILE= M=/home/lingbo11/zxm/rdma-kerndriver/compat/build/build_781Po >/dev/null 2>/home/lingbo11/zxm/rdma-kerndriver/compat/build/build_781Po/output.log; [ 0 -ne 0 ] && cat /home/lingbo11/zxm/rdma-kerndriver/compat/build/build_781Po/output.log 1>&2 && false || config/warning_filter.sh /home/lingbo11/zxm/rdma-kerndriver/compat/build/build_781Po/output.log
configure:14482: env CROSS_COMPILE= make -d modules LD=ld CC=gcc -f /home/lingbo11/zxm/rdma-kerndriver/compat/build/build_Dqxvg/Makefile MLNX_LINUX_CONFIG=/usr/src/linux-headers-5.4.0-86-generic/include/config/auto.conf LINUXINCLUDE=-include generated/autoconf.h -I/usr/src/linux-headers-5.4.0-86-generic/arch/x86/include/mach-xen -D__XEN_INTERFACE_VERSION__= -I/usr/src/linux-headers-5.4.0-86-generic/arch/x86/include -Iarch/x86/include/generated -Iinclude -I/usr/src/linux-headers-5.4.0-86-generic/arch/x86/include/uapi -Iarch/x86/include/generated/uapi -I/usr/src/linux-headers-5.4.0-86-generic/include -I/usr/src/linux-headers-5.4.0-86-generic/include/uapi -Iinclude/generated/uapi -I/usr/src/linux-headers-5.4.0-86-generic/arch/x86/include -Iarch/x86/include/generated -I/usr/src/linux-headers-5.4.0-86-generic/arch/x86/include -I/usr/src/linux-headers-5.4.0-86-generic/arch/x86/include/generated -I/usr/src/linux-headers-5.4.0-86-generic/include -I/usr/src/linux-headers-5.4.0-86-generic/include -I/usr/src/linux-headers-5.4.0-86-generic/include2 -include /usr/src/linux-headers-5.4.0-86-generic/include/linux/kconfig.h -o tmp_include_depends -o scripts -o include/config/MARKER -C /usr/src/linux-headers-5.4.0-86-generic EXTRA_CFLAGS=-Werror-implicit-function-declaration -Wno-unused-variable -Wno-uninitialized  CROSS_COMPILE= M=/home/lingbo11/zxm/rdma-kerndriver/compat/build/build_Dqxvg >/dev/null 2>/home/lingbo11/zxm/rdma-kerndriver/compat/build/build_Dqxvg/output.log; [ 0 -ne 0 ] && cat /home/lingbo11/zxm/rdma-kerndriver/compat/build/build_Dqxvg/output.log 1>&2 && false || config/warning_filter.sh /home/lingbo11/zxm/rdma-kerndriver/compat/build/build_Dqxvg/output.log
configure:14634: env CROSS_COMPILE= make -d modules LD=ld CC=gcc -f /home/lingbo11/zxm/rdma-kerndriver/compat/build/build_RpvYL/Makefile MLNX_LINUX_CONFIG=/usr/src/linux-headers-5.4.0-86-generic/include/config/auto.conf LINUXINCLUDE=-include generated/autoconf.h -I/usr/src/linux-headers-5.4.0-86-generic/arch/x86/include/mach-xen -D__XEN_INTERFACE_VERSION__= -I/usr/src/linux-headers-5.4.0-86-generic/arch/x86/include -Iarch/x86/include/generated -Iinclude -I/usr/src/linux-headers-5.4.0-86-generic/arch/x86/include/uapi -Iarch/x86/include/generated/uapi -I/usr/src/linux-headers-5.4.0-86-generic/include -I/usr/src/linux-headers-5.4.0-86-generic/include/uapi -Iinclude/generated/uapi -I/usr/src/linux-headers-5.4.0-86-generic/arch/x86/include -Iarch/x86/include/generated -I/usr/src/linux-headers-5.4.0-86-generic/arch/x86/include -I/usr/src/linux-headers-5.4.0-86-generic/arch/x86/include/generated -I/usr/src/linux-headers-5.4.0-86-generic/include -I/usr/src/linux-headers-5.4.0-86-generic/include -I/usr/src/linux-headers-5.4.0-86-generic/include2 -include /usr/src/linux-headers-5.4.0-86-generic/include/linux/kconfig.h -o tmp_include_depends -o scripts -o include/config/MARKER -C /usr/src/linux-headers-5.4.0-86-generic EXTRA_CFLAGS=-Werror-implicit-function-declaration -Wno-unused-variable -Wno-uninitialized  CROSS_COMPILE= M=/home/lingbo11/zxm/rdma-kerndriver/compat/build/build_RpvYL >/dev/null 2>/home/lingbo11/zxm/rdma-kerndriver/compat/build/build_RpvYL/output.log; [ 0 -ne 0 ] && cat /home/lingbo11/zxm/rdma-kerndriver/compat/build/build_RpvYL/output.log 1>&2 && false || config/warning_filter.sh /home/lingbo11/zxm/rdma-kerndriver/compat/build/build_RpvYL/output.log
configure:14938: env CROSS_COMPILE= make -d modules LD=ld CC=gcc -f /home/lingbo11/zxm/rdma-kerndriver/compat/build/build_URUH5/Makefile MLNX_LINUX_CONFIG=/usr/src/linux-headers-5.4.0-86-generic/include/config/auto.conf LINUXINCLUDE=-include generated/autoconf.h -I/usr/src/linux-headers-5.4.0-86-generic/arch/x86/include/mach-xen -D__XEN_INTERFACE_VERSION__= -I/usr/src/linux-headers-5.4.0-86-generic/arch/x86/include -Iarch/x86/include/generated -Iinclude -I/usr/src/linux-headers-5.4.0-86-generic/arch/x86/include/uapi -Iarch/x86/include/generated/uapi -I/usr/src/linux-headers-5.4.0-86-generic/include -I/usr/src/linux-headers-5.4.0-86-generic/include/uapi -Iinclude/generated/uapi -I/usr/src/linux-headers-5.4.0-86-generic/arch/x86/include -Iarch/x86/include/generated -I/usr/src/linux-headers-5.4.0-86-generic/arch/x86/include -I/usr/src/linux-headers-5.4.0-86-generic/arch/x86/include/generated -I/usr/src/linux-headers-5.4.0-86-generic/include -I/usr/src/linux-headers-5.4.0-86-generic/include -I/usr/src/linux-headers-5.4.0-86-generic/include2 -include /usr/src/linux-headers-5.4.0-86-generic/include/linux/kconfig.h -o tmp_include_depends -o scripts -o include/config/MARKER -C /usr/src/linux-headers-5.4.0-86-generic EXTRA_CFLAGS=-Werror-implicit-function-declaration -Wno-unused-variable -Wno-uninitialized  CROSS_COMPILE= M=/home/lingbo11/zxm/rdma-kerndriver/compat/build/build_URUH5 >/dev/null 2>/home/lingbo11/zxm/rdma-kerndriver/compat/build/build_URUH5/output.log; [ 0 -ne 0 ] && cat /home/lingbo11/zxm/rdma-kerndriver/compat/build/build_URUH5/output.log 1>&2 && false || config/warning_filter.sh /home/lingbo11/zxm/rdma-kerndriver/compat/build/build_URUH5/output.log
configure:15090: env CROSS_COMPILE= make -d modules LD=ld CC=gcc -f /home/lingbo11/zxm/rdma-kerndriver/compat/build/build_I4nPz/Makefile MLNX_LINUX_CONFIG=/usr/src/linux-headers-5.4.0-86-generic/include/config/auto.conf LINUXINCLUDE=-include generated/autoconf.h -I/usr/src/linux-headers-5.4.0-86-generic/arch/x86/include/mach-xen -D__XEN_INTERFACE_VERSION__= -I/usr/src/linux-headers-5.4.0-86-generic/arch/x86/include -Iarch/x86/include/generated -Iinclude -I/usr/src/linux-headers-5.4.0-86-generic/arch/x86/include/uapi -Iarch/x86/include/generated/uapi -I/usr/src/linux-headers-5.4.0-86-generic/include -I/usr/src/linux-headers-5.4.0-86-generic/include/uapi -Iinclude/generated/uapi -I/usr/src/linux-headers-5.4.0-86-generic/arch/x86/include -Iarch/x86/include/generated -I/usr/src/linux-headers-5.4.0-86-generic/arch/x86/include -I/usr/src/linux-headers-5.4.0-86-generic/arch/x86/include/generated -I/usr/src/linux-headers-5.4.0-86-generic/include -I/usr/src/linux-headers-5.4.0-86-generic/include -I/usr/src/linux-headers-5.4.0-86-generic/include2 -include /usr/src/linux-headers-5.4.0-86-generic/include/linux/kconfig.h -o tmp_include_depends -o scripts -o include/config/MARKER -C /usr/src/linux-headers-5.4.0-86-generic EXTRA_CFLAGS=-Werror-implicit-function-declaration -Wno-unused-variable -Wno-uninitialized  CROSS_COMPILE= M=/home/lingbo11/zxm/rdma-kerndriver/compat/build/build_I4nPz >/dev/null 2>/home/lingbo11/zxm/rdma-kerndriver/compat/build/build_I4nPz/output.log; [ 0 -ne 0 ] && cat /home/lingbo11/zxm/rdma-kerndriver/compat/build/build_I4nPz/output.log 1>&2 && false || config/warning_filter.sh /home/lingbo11/zxm/rdma-kerndriver/compat/build/build_I4nPz/output.log
configure:14786: env CROSS_COMPILE= make -d modules LD=ld CC=gcc -f /home/lingbo11/zxm/rdma-kerndriver/compat/build/build_6xYaE/Makefile MLNX_LINUX_CONFIG=/usr/src/linux-headers-5.4.0-86-generic/include/config/auto.conf LINUXINCLUDE=-include generated/autoconf.h -I/usr/src/linux-headers-5.4.0-86-generic/arch/x86/include/mach-xen -D__XEN_INTERFACE_VERSION__= -I/usr/src/linux-headers-5.4.0-86-generic/arch/x86/include -Iarch/x86/include/generated -Iinclude -I/usr/src/linux-headers-5.4.0-86-generic/arch/x86/include/uapi -Iarch/x86/include/generated/uapi -I/usr/src/linux-headers-5.4.0-86-generic/include -I/usr/src/linux-headers-5.4.0-86-generic/include/uapi -Iinclude/generated/uapi -I/usr/src/linux-headers-5.4.0-86-generic/arch/x86/include -Iarch/x86/include/generated -I/usr/src/linux-headers-5.4.0-86-generic/arch/x86/include -I/usr/src/linux-headers-5.4.0-86-generic/arch/x86/include/generated -I/usr/src/linux-headers-5.4.0-86-generic/include -I/usr/src/linux-headers-5.4.0-86-generic/include -I/usr/src/linux-headers-5.4.0-86-generic/include2 -include /usr/src/linux-headers-5.4.0-86-generic/include/linux/kconfig.h -o tmp_include_depends -o scripts -o include/config/MARKER -C /usr/src/linux-headers-5.4.0-86-generic EXTRA_CFLAGS=-Werror-implicit-function-declaration -Wno-unused-variable -Wno-uninitialized  CROSS_COMPILE= M=/home/lingbo11/zxm/rdma-kerndriver/compat/build/build_6xYaE >/dev/null 2>/home/lingbo11/zxm/rdma-kerndriver/compat/build/build_6xYaE/output.log; [ 0 -ne 0 ] && cat /home/lingbo11/zxm/rdma-kerndriver/compat/build/build_6xYaE/output.log 1>&2 && false || config/warning_filter.sh /home/lingbo11/zxm/rdma-kerndriver/compat/build/build_6xYaE/output.log
configure:15394: env CROSS_COMPILE= make -d modules LD=ld CC=gcc -f /home/lingbo11/zxm/rdma-kerndriver/compat/build/build_F2Mdg/Makefile MLNX_LINUX_CONFIG=/usr/src/linux-headers-5.4.0-86-generic/include/config/auto.conf LINUXINCLUDE=-include generated/autoconf.h -I/usr/src/linux-headers-5.4.0-86-generic/arch/x86/include/mach-xen -D__XEN_INTERFACE_VERSION__= -I/usr/src/linux-headers-5.4.0-86-generic/arch/x86/include -Iarch/x86/include/generated -Iinclude -I/usr/src/linux-headers-5.4.0-86-generic/arch/x86/include/uapi -Iarch/x86/include/generated/uapi -I/usr/src/linux-headers-5.4.0-86-generic/include -I/usr/src/linux-headers-5.4.0-86-generic/include/uapi -Iinclude/generated/uapi -I/usr/src/linux-headers-5.4.0-86-generic/arch/x86/include -Iarch/x86/include/generated -I/usr/src/linux-headers-5.4.0-86-generic/arch/x86/include -I/usr/src/linux-headers-5.4.0-86-generic/arch/x86/include/generated -I/usr/src/linux-headers-5.4.0-86-generic/include -I/usr/src/linux-headers-5.4.0-86-generic/include -I/usr/src/linux-headers-5.4.0-86-generic/include2 -include /usr/src/linux-headers-5.4.0-86-generic/include/linux/kconfig.h -o tmp_include_depends -o scripts -o include/config/MARKER -C /usr/src/linux-headers-5.4.0-86-generic EXTRA_CFLAGS=-Werror-implicit-function-declaration -Wno-unused-variable -Wno-uninitialized  CROSS_COMPILE= M=/home/lingbo11/zxm/rdma-kerndriver/compat/build/build_F2Mdg >/dev/null 2>/home/lingbo11/zxm/rdma-kerndriver/compat/build/build_F2Mdg/output.log; [ 0 -ne 0 ] && cat /home/lingbo11/zxm/rdma-kerndriver/compat/build/build_F2Mdg/output.log 1>&2 && false || config/warning_filter.sh /home/lingbo11/zxm/rdma-kerndriver/compat/build/build_F2Mdg/output.log
configure:15242: env CROSS_COMPILE= make -d modules LD=ld CC=gcc -f /home/lingbo11/zxm/rdma-kerndriver/compat/build/build_cqUZx/Makefile MLNX_LINUX_CONFIG=/usr/src/linux-headers-5.4.0-86-generic/include/config/auto.conf LINUXINCLUDE=-include generated/autoconf.h -I/usr/src/linux-headers-5.4.0-86-generic/arch/x86/include/mach-xen -D__XEN_INTERFACE_VERSION__= -I/usr/src/linux-headers-5.4.0-86-generic/arch/x86/include -Iarch/x86/include/generated -Iinclude -I/usr/src/linux-headers-5.4.0-86-generic/arch/x86/include/uapi -Iarch/x86/include/generated/uapi -I/usr/src/linux-headers-5.4.0-86-generic/include -I/usr/src/linux-headers-5.4.0-86-generic/include/uapi -Iinclude/generated/uapi -I/usr/src/linux-headers-5.4.0-86-generic/arch/x86/include -Iarch/x86/include/generated -I/usr/src/linux-headers-5.4.0-86-generic/arch/x86/include -I/usr/src/linux-headers-5.4.0-86-generic/arch/x86/include/generated -I/usr/src/linux-headers-5.4.0-86-generic/include -I/usr/src/linux-headers-5.4.0-86-generic/include -I/usr/src/linux-headers-5.4.0-86-generic/include2 -include /usr/src/linux-headers-5.4.0-86-generic/include/linux/kconfig.h -o tmp_include_depends -o scripts -o include/config/MARKER -C /usr/src/linux-headers-5.4.0-86-generic EXTRA_CFLAGS=-Werror-implicit-function-declaration -Wno-unused-variable -Wno-uninitialized  CROSS_COMPILE= M=/home/lingbo11/zxm/rdma-kerndriver/compat/build/build_cqUZx >/dev/null 2>/home/lingbo11/zxm/rdma-kerndriver/compat/build/build_cqUZx/output.log; [ 0 -ne 0 ] && cat /home/lingbo11/zxm/rdma-kerndriver/compat/build/build_cqUZx/output.log 1>&2 && false || config/warning_filter.sh /home/lingbo11/zxm/rdma-kerndriver/compat/build/build_cqUZx/output.log
configure:15544: env CROSS_COMPILE= make -d modules LD=ld CC=gcc -f /home/lingbo11/zxm/rdma-kerndriver/compat/build/build_VVFyC/Makefile MLNX_LINUX_CONFIG=/usr/src/linux-headers-5.4.0-86-generic/include/config/auto.conf LINUXINCLUDE=-include generated/autoconf.h -I/usr/src/linux-headers-5.4.0-86-generic/arch/x86/include/mach-xen -D__XEN_INTERFACE_VERSION__= -I/usr/src/linux-headers-5.4.0-86-generic/arch/x86/include -Iarch/x86/include/generated -Iinclude -I/usr/src/linux-headers-5.4.0-86-generic/arch/x86/include/uapi -Iarch/x86/include/generated/uapi -I/usr/src/linux-headers-5.4.0-86-generic/include -I/usr/src/linux-headers-5.4.0-86-generic/include/uapi -Iinclude/generated/uapi -I/usr/src/linux-headers-5.4.0-86-generic/arch/x86/include -Iarch/x86/include/generated -I/usr/src/linux-headers-5.4.0-86-generic/arch/x86/include -I/usr/src/linux-headers-5.4.0-86-generic/arch/x86/include/generated -I/usr/src/linux-headers-5.4.0-86-generic/include -I/usr/src/linux-headers-5.4.0-86-generic/include -I/usr/src/linux-headers-5.4.0-86-generic/include2 -include /usr/src/linux-headers-5.4.0-86-generic/include/linux/kconfig.h -o tmp_include_depends -o scripts -o include/config/MARKER -C /usr/src/linux-headers-5.4.0-86-generic EXTRA_CFLAGS=-Werror-implicit-function-declaration -Wno-unused-variable -Wno-uninitialized  CROSS_COMPILE= M=/home/lingbo11/zxm/rdma-kerndriver/compat/build/build_VVFyC >/dev/null 2>/home/lingbo11/zxm/rdma-kerndriver/compat/build/build_VVFyC/output.log; [ 0 -ne 0 ] && cat /home/lingbo11/zxm/rdma-kerndriver/compat/build/build_VVFyC/output.log 1>&2 && false || config/warning_filter.sh /home/lingbo11/zxm/rdma-kerndriver/compat/build/build_VVFyC/output.log
configure:15694: env CROSS_COMPILE= make -d modules LD=ld CC=gcc -f /home/lingbo11/zxm/rdma-kerndriver/compat/build/build_bBKgr/Makefile MLNX_LINUX_CONFIG=/usr/src/linux-headers-5.4.0-86-generic/include/config/auto.conf LINUXINCLUDE=-include generated/autoconf.h -I/usr/src/linux-headers-5.4.0-86-generic/arch/x86/include/mach-xen -D__XEN_INTERFACE_VERSION__= -I/usr/src/linux-headers-5.4.0-86-generic/arch/x86/include -Iarch/x86/include/generated -Iinclude -I/usr/src/linux-headers-5.4.0-86-generic/arch/x86/include/uapi -Iarch/x86/include/generated/uapi -I/usr/src/linux-headers-5.4.0-86-generic/include -I/usr/src/linux-headers-5.4.0-86-generic/include/uapi -Iinclude/generated/uapi -I/usr/src/linux-headers-5.4.0-86-generic/arch/x86/include -Iarch/x86/include/generated -I/usr/src/linux-headers-5.4.0-86-generic/arch/x86/include -I/usr/src/linux-headers-5.4.0-86-generic/arch/x86/include/generated -I/usr/src/linux-headers-5.4.0-86-generic/include -I/usr/src/linux-headers-5.4.0-86-generic/include -I/usr/src/linux-headers-5.4.0-86-generic/include2 -include /usr/src/linux-headers-5.4.0-86-generic/include/linux/kconfig.h -o tmp_include_depends -o scripts -o include/config/MARKER -C /usr/src/linux-headers-5.4.0-86-generic EXTRA_CFLAGS=-Werror-implicit-function-declaration -Wno-unused-variable -Wno-uninitialized  CROSS_COMPILE= M=/home/lingbo11/zxm/rdma-kerndriver/compat/build/build_bBKgr >/dev/null 2>/home/lingbo11/zxm/rdma-kerndriver/compat/build/build_bBKgr/output.log; [ 0 -ne 0 ] && cat /home/lingbo11/zxm/rdma-kerndriver/compat/build/build_bBKgr/output.log 1>&2 && false || config/warning_filter.sh /home/lingbo11/zxm/rdma-kerndriver/compat/build/build_bBKgr/output.log
/home/lingbo11/zxm/rdma-kerndriver/compat/build/build_M86yw/conftest.c:26:25: fatal error: net/netdev_rx_queue.h: No such file or directory
   26 |                #include <net/netdev_rx_queue.h>
      |                         ^~~~~~~~~~~~~~~~~~~~~~~
compilation terminated.
make[1]: *** [scripts/Makefile.build:270: /home/lingbo11/zxm/rdma-kerndriver/compat/build/build_M86yw/conftest.o] Error 1
make: *** [Makefile:1762: /home/lingbo11/zxm/rdma-kerndriver/compat/build/build_M86yw] Error 2
/home/lingbo11/zxm/rdma-kerndriver/compat/build/build_M86yw/conftest.c:26:25: fatal error: net/netdev_rx_queue.h: No such file or directory
   26 |                #include <net/netdev_rx_queue.h>
      |                         ^~~~~~~~~~~~~~~~~~~~~~~
compilation terminated.
make[1]: *** [scripts/Makefile.build:270: /home/lingbo11/zxm/rdma-kerndriver/compat/build/build_M86yw/conftest.o] Error 1
make: *** [Makefile:1762: /home/lingbo11/zxm/rdma-kerndriver/compat/build/build_M86yw] Error 2
configure:12057: $? = 0
configure:12059: test -s /home/lingbo11/zxm/rdma-kerndriver/compat/build/build_M86yw/conftest.o
configure:12062: $? = 1
configure: failed program was:
| /* confdefs.h.  */
| /* confdefs.h */
| #define PACKAGE_NAME "compat_mlnx"
| #define PACKAGE_TARNAME "compat_mlnx"
| #define PACKAGE_VERSION "2.3"
| #define PACKAGE_STRING "compat_mlnx 2.3"
| #define PACKAGE_BUGREPORT "http://support.mellanox.com/SupportWeb/service_center/SelfService"
| #define PACKAGE_URL ""
| #define PACKAGE "compat_mlnx"
| #define VERSION "2.3"
| #define STDC_HEADERS 1
| #define HAVE_SYS_TYPES_H 1
| #define HAVE_SYS_STAT_H 1
| #define HAVE_STDLIB_H 1
| #define HAVE_STRING_H 1
| #define HAVE_MEMORY_H 1
| #define HAVE_STRINGS_H 1
| #define HAVE_INTTYPES_H 1
| #define HAVE_STDINT_H 1
| #define HAVE_UNISTD_H 1
| #define SIZEOF_UNSIGNED_LONG_LONG 8
| /* end confdefs.h.  */
| 
| #include <linux/kernel.h>
| 
|                #include <net/netdev_rx_queue.h>
| 
| int
| main (void)
| {
| 
|                struct napi_struct ns;
|                struct netdev_rx_queue nrq;
| 
|                ns.irq = 2;
|                nrq.napi = NULL;
| 
|                return 0;
| 
|   ;
|   return 0;
| }
configure:12077: result: no
/home/lingbo11/zxm/rdma-kerndriver/compat/build/build_oW2zb/conftest.c: In function ‘main’:
/home/lingbo11/zxm/rdma-kerndriver/compat/build/build_oW2zb/conftest.c:33:7: error: implicit declaration of function ‘get_random_u8’; did you mean ‘get_random_u64’? [-Werror=implicit-function-declaration]
   33 |   a = get_random_u8();
      |       ^~~~~~~~~~~~~
      |       get_random_u64
cc1: some warnings being treated as errors
make[1]: *** [scripts/Makefile.build:270: /home/lingbo11/zxm/rdma-kerndriver/compat/build/build_oW2zb/conftest.o] Error 1
make: *** [Makefile:1762: /home/lingbo11/zxm/rdma-kerndriver/compat/build/build_oW2zb] Error 2
/home/lingbo11/zxm/rdma-kerndriver/compat/build/build_oW2zb/conftest.c: In function ‘main’:
/home/lingbo11/zxm/rdma-kerndriver/compat/build/build_oW2zb/conftest.c:33:7: error: implicit declaration of function ‘get_random_u8’; did you mean ‘get_random_u64’? [-Werror=implicit-function-declaration]
   33 |   a = get_random_u8();
      |       ^~~~~~~~~~~~~
      |       get_random_u64
cc1: some warnings being treated as errors
make[1]: *** [scripts/Makefile.build:270: /home/lingbo11/zxm/rdma-kerndriver/compat/build/build_oW2zb/conftest.o] Error 1
make: *** [Makefile:1762: /home/lingbo11/zxm/rdma-kerndriver/compat/build/build_oW2zb] Error 2
configure:10805: $? = 0
configure:10807: test -s /home/lingbo11/zxm/rdma-kerndriver/compat/build/build_oW2zb/conftest.o
configure:10810: $? = 1
configure: failed program was:
| /* confdefs.h.  */
| /* confdefs.h */
| #define PACKAGE_NAME "compat_mlnx"
| #define PACKAGE_TARNAME "compat_mlnx"
| #define PACKAGE_VERSION "2.3"
| #define PACKAGE_STRING "compat_mlnx 2.3"
| #define PACKAGE_BUGREPORT "http://support.mellanox.com/SupportWeb/service_center/SelfService"
| #define PACKAGE_URL ""
| #define PACKAGE "compat_mlnx"
| #define VERSION "2.3"
| #define STDC_HEADERS 1
| #define HAVE_SYS_TYPES_H 1
| #define HAVE_SYS_STAT_H 1
| #define HAVE_STDLIB_H 1
| #define HAVE_STRING_H 1
| #define HAVE_MEMORY_H 1
| #define HAVE_STRINGS_H 1
| #define HAVE_INTTYPES_H 1
| #define HAVE_STDINT_H 1
| #define HAVE_UNISTD_H 1
| #define SIZEOF_UNSIGNED_LONG_LONG 8
| /* end confdefs.h.  */
| 
| #include <linux/kernel.h>
| 
| 		#include <linux/random.h>
| 
| int
| main (void)
| {
| 
| 		int a;
| 		a = get_random_u8();
| 
| 
|   ;
|   return 0;
| }
configure:10825: result: no
/home/lingbo11/zxm/rdma-kerndriver/compat/build/build_cqUZx/conftest.c: In function ‘main’:
/home/lingbo11/zxm/rdma-kerndriver/compat/build/build_cqUZx/conftest.c:32:3: error: implicit declaration of function ‘devlink_port_attrs_pci_sf_set’; did you mean ‘devlink_port_attrs_pci_vf_set’? [-Werror=implicit-function-declaration]
   32 |   devlink_port_attrs_pci_sf_set(NULL, 0, 0, 0, 0);
      |   ^~~~~~~~~~~~~~~~~~~~~~~~~~~~~
      |   devlink_port_attrs_pci_vf_set
cc1: some warnings being treated as errors
make[1]: *** [scripts/Makefile.build:270: /home/lingbo11/zxm/rdma-kerndriver/compat/build/build_cqUZx/conftest.o] Error 1
make: *** [Makefile:1762: /home/lingbo11/zxm/rdma-kerndriver/compat/build/build_cqUZx] Error 2
/home/lingbo11/zxm/rdma-kerndriver/compat/build/build_cqUZx/conftest.c: In function ‘main’:
/home/lingbo11/zxm/rdma-kerndriver/compat/build/build_cqUZx/conftest.c:32:3: error: implicit declaration of function ‘devlink_port_attrs_pci_sf_set’; did you mean ‘devlink_port_attrs_pci_vf_set’? [-Werror=implicit-function-declaration]
   32 |   devlink_port_attrs_pci_sf_set(NULL, 0, 0, 0, 0);
      |   ^~~~~~~~~~~~~~~~~~~~~~~~~~~~~
      |   devlink_port_attrs_pci_vf_set
cc1: some warnings being treated as errors
make[1]: *** [scripts/Makefile.build:270: /home/lingbo11/zxm/rdma-kerndriver/compat/build/build_cqUZx/conftest.o] Error 1
make: *** [Makefile:1762: /home/lingbo11/zxm/rdma-kerndriver/compat/build/build_cqUZx] Error 2
configure:15245: $? = 0
configure:15247: test -s /home/lingbo11/zxm/rdma-kerndriver/compat/build/build_cqUZx/conftest.o
configure:15250: $? = 1
configure: failed program was:
/home/lingbo11/zxm/rdma-kerndriver/compat/build/build_781Po/conftest.c: In function ‘main’:
/home/lingbo11/zxm/rdma-kerndriver/compat/build/build_781Po/conftest.c:32:3: error: implicit declaration of function ‘devl_resource_register’; did you mean ‘devlink_resource_register’? [-Werror=implicit-function-declaration]
   32 |   devl_resource_register(NULL, NULL, 0, 0, 0, NULL);
      |   ^~~~~~~~~~~~~~~~~~~~~~
      |   devlink_resource_register
cc1: some warnings being treated as errors
make[1]: *** [scripts/Makefile.build:270: /home/lingbo11/zxm/rdma-kerndriver/compat/build/build_781Po/conftest.o] Error 1
make: *** [Makefile:1762: /home/lingbo11/zxm/rdma-kerndriver/compat/build/build_781Po] Error 2
/home/lingbo11/zxm/rdma-kerndriver/compat/build/build_KWl3Q/conftest.c: In function ‘main’:
/home/lingbo11/zxm/rdma-kerndriver/compat/build/build_KWl3Q/conftest.c:32:3: error: implicit declaration of function ‘devlink_param_register’; did you mean ‘devlink_params_register’? [-Werror=implicit-function-declaration]
   32 |   devlink_param_register(NULL, NULL);
      |   ^~~~~~~~~~~~~~~~~~~~~~
      |   devlink_params_register
cc1: some warnings being treated as errors
make[1]: *** [scripts/Makefile.build:270: /home/lingbo11/zxm/rdma-kerndriver/compat/build/build_KWl3Q/conftest.o] Error 1
make: *** [Makefile:1762: /home/lingbo11/zxm/rdma-kerndriver/compat/build/build_KWl3Q] Error 2
| /* confdefs.h.  */
| /* confdefs.h */
| #define PACKAGE_NAME "compat_mlnx"
| #define PACKAGE_TARNAME "compat_mlnx"
| #define PACKAGE_VERSION "2.3"
| #define PACKAGE_STRING "compat_mlnx 2.3"
| #define PACKAGE_BUGREPORT "http://support.mellanox.com/SupportWeb/service_center/SelfService"
| #define PACKAGE_URL ""
| #define PACKAGE "compat_mlnx"
| #define VERSION "2.3"
| #define STDC_HEADERS 1
| #define HAVE_SYS_TYPES_H 1
| #define HAVE_SYS_STAT_H 1
| #define HAVE_STDLIB_H 1
| #define HAVE_STRING_H 1
| #define HAVE_MEMORY_H 1
| #define HAVE_STRINGS_H 1
| #define HAVE_INTTYPES_H 1
| #define HAVE_STDINT_H 1
| #define HAVE_UNISTD_H 1
| #define SIZEOF_UNSIGNED_LONG_LONG 8
| /* end confdefs.h.  */
| 
| #include <linux/kernel.h>
| 
| 		#include <net/devlink.h>
| 
| int
| main (void)
| {
| 
| 		devlink_port_attrs_pci_sf_set(NULL, 0, 0, 0, 0);
| 
| 		return 0;
| 
|   ;
|   return 0;
| }
configure:15265: result: no
/home/lingbo11/zxm/rdma-kerndriver/compat/build/build_vKwC2/conftest.c: In function ‘main’:
/home/lingbo11/zxm/rdma-kerndriver/compat/build/build_vKwC2/conftest.c:32:10: error: variable ‘dl_port_ops’ has initializer but incomplete type
   32 |   struct devlink_port_ops dl_port_ops  = {
      |          ^~~~~~~~~~~~~~~~
/home/lingbo11/zxm/rdma-kerndriver/compat/build/build_vKwC2/conftest.c:33:5: error: ‘struct devlink_port_ops’ has no member named ‘port_fn_ipsec_packet_get’
   33 |    .port_fn_ipsec_packet_get = NULL,
      |     ^~~~~~~~~~~~~~~~~~~~~~~~
In file included from /usr/src/linux-headers-5.4.0-86-generic/include/uapi/linux/posix_types.h:5,
                 from include/uapi/linux/types.h:14,
                 from include/linux/types.h:6,
                 from include/linux/limits.h:6,
                 from include/linux/kernel.h:7,
                 from /home/lingbo11/zxm/rdma-kerndriver/compat/build/build_vKwC2/conftest.c:24:
include/linux/stddef.h:8:14: warning: excess elements in struct initializer
    8 | #define NULL ((void *)0)
      |              ^
/home/lingbo11/zxm/rdma-kerndriver/compat/build/build_vKwC2/conftest.c:33:32: note: in expansion of macro ‘NULL’
   33 |    .port_fn_ipsec_packet_get = NULL,
      |                                ^~~~
include/linux/stddef.h:8:14: note: (near initialization for ‘dl_port_ops’)
    8 | #define NULL ((void *)0)
      |              ^
/home/lingbo11/zxm/rdma-kerndriver/compat/build/build_vKwC2/conftest.c:33:32: note: in expansion of macro ‘NULL’
   33 |    .port_fn_ipsec_packet_get = NULL,
      |                                ^~~~
/home/lingbo11/zxm/rdma-kerndriver/compat/build/build_vKwC2/conftest.c:32:27: error: storage size of ‘dl_port_ops’ isn’t known
   32 |   struct devlink_port_ops dl_port_ops  = {
      |                           ^~~~~~~~~~~
make[1]: *** [scripts/Makefile.build:270: /home/lingbo11/zxm/rdma-kerndriver/compat/build/build_vKwC2/conftest.o] Error 1
make: *** [Makefile:1762: /home/lingbo11/zxm/rdma-kerndriver/compat/build/build_vKwC2] Error 2
/home/lingbo11/zxm/rdma-kerndriver/compat/build/build_KWl3Q/conftest.c: In function ‘main’:
/home/lingbo11/zxm/rdma-kerndriver/compat/build/build_KWl3Q/conftest.c:32:3: error: implicit declaration of function ‘devlink_param_register’; did you mean ‘devlink_params_register’? [-Werror=implicit-function-declaration]
   32 |   devlink_param_register(NULL, NULL);
      |   ^~~~~~~~~~~~~~~~~~~~~~
      |   devlink_params_register
cc1: some warnings being treated as errors
make[1]: *** [scripts/Makefile.build:270: /home/lingbo11/zxm/rdma-kerndriver/compat/build/build_KWl3Q/conftest.o] Error 1
make: *** [Makefile:1762: /home/lingbo11/zxm/rdma-kerndriver/compat/build/build_KWl3Q] Error 2
/home/lingbo11/zxm/rdma-kerndriver/compat/build/build_781Po/conftest.c: In function ‘main’:
/home/lingbo11/zxm/rdma-kerndriver/compat/build/build_781Po/conftest.c:32:3: error: implicit declaration of function ‘devl_resource_register’; did you mean ‘devlink_resource_register’? [-Werror=implicit-function-declaration]
   32 |   devl_resource_register(NULL, NULL, 0, 0, 0, NULL);
      |   ^~~~~~~~~~~~~~~~~~~~~~
      |   devlink_resource_register
cc1: some warnings being treated as errors
make[1]: *** [scripts/Makefile.build:270: /home/lingbo11/zxm/rdma-kerndriver/compat/build/build_781Po/conftest.o] Error 1
make: *** [Makefile:1762: /home/lingbo11/zxm/rdma-kerndriver/compat/build/build_781Po] Error 2
/home/lingbo11/zxm/rdma-kerndriver/compat/build/build_vKwC2/conftest.c: In function ‘main’:
/home/lingbo11/zxm/rdma-kerndriver/compat/build/build_vKwC2/conftest.c:32:10: error: variable ‘dl_port_ops’ has initializer but incomplete type
   32 |   struct devlink_port_ops dl_port_ops  = {
      |          ^~~~~~~~~~~~~~~~
/home/lingbo11/zxm/rdma-kerndriver/compat/build/build_vKwC2/conftest.c:33:5: error: ‘struct devlink_port_ops’ has no member named ‘port_fn_ipsec_packet_get’
   33 |    .port_fn_ipsec_packet_get = NULL,
      |     ^~~~~~~~~~~~~~~~~~~~~~~~
In file included from /usr/src/linux-headers-5.4.0-86-generic/include/uapi/linux/posix_types.h:5,
                 from include/uapi/linux/types.h:14,
                 from include/linux/types.h:6,
                 from include/linux/limits.h:6,
                 from include/linux/kernel.h:7,
                 from /home/lingbo11/zxm/rdma-kerndriver/compat/build/build_vKwC2/conftest.c:24:
include/linux/stddef.h:8:14: warning: excess elements in struct initializer
    8 | #define NULL ((void *)0)
      |              ^
/home/lingbo11/zxm/rdma-kerndriver/compat/build/build_vKwC2/conftest.c:33:32: note: in expansion of macro ‘NULL’
   33 |    .port_fn_ipsec_packet_get = NULL,
      |                                ^~~~
include/linux/stddef.h:8:14: note: (near initialization for ‘dl_port_ops’)
    8 | #define NULL ((void *)0)
      |              ^
/home/lingbo11/zxm/rdma-kerndriver/compat/build/build_vKwC2/conftest.c:33:32: note: in expansion of macro ‘NULL’
   33 |    .port_fn_ipsec_packet_get = NULL,
      |                                ^~~~
/home/lingbo11/zxm/rdma-kerndriver/compat/build/build_vKwC2/conftest.c:32:27: error: storage size of ‘dl_port_ops’ isn’t known
   32 |   struct devlink_port_ops dl_port_ops  = {
      |                           ^~~~~~~~~~~
make[1]: *** [scripts/Makefile.build:270: /home/lingbo11/zxm/rdma-kerndriver/compat/build/build_vKwC2/conftest.o] Error 1
make: *** [Makefile:1762: /home/lingbo11/zxm/rdma-kerndriver/compat/build/build_vKwC2] Error 2
/home/lingbo11/zxm/rdma-kerndriver/compat/build/build_gxewo/conftest.c: In function ‘main’:
/home/lingbo11/zxm/rdma-kerndriver/compat/build/build_gxewo/conftest.c:33:5: error: ‘struct net_device’ has no member named ‘xdp_metadata_ops’
   33 |    .xdp_metadata_ops = NULL,
      |     ^~~~~~~~~~~~~~~~
In file included from /usr/src/linux-headers-5.4.0-86-generic/include/uapi/linux/posix_types.h:5,
                 from include/uapi/linux/types.h:14,
                 from include/linux/types.h:6,
                 from include/linux/limits.h:6,
                 from include/linux/kernel.h:7,
                 from /home/lingbo11/zxm/rdma-kerndriver/compat/build/build_gxewo/conftest.c:24:
include/linux/stddef.h:8:14: warning: initialization of ‘char’ from ‘void *’ makes integer from pointer without a cast [-Wint-conversion]
    8 | #define NULL ((void *)0)
      |              ^
/home/lingbo11/zxm/rdma-kerndriver/compat/build/build_gxewo/conftest.c:33:24: note: in expansion of macro ‘NULL’
   33 |    .xdp_metadata_ops = NULL,
      |                        ^~~~
include/linux/stddef.h:8:14: note: (near initialization for ‘nd.name[0]’)
    8 | #define NULL ((void *)0)
      |              ^
/home/lingbo11/zxm/rdma-kerndriver/compat/build/build_gxewo/conftest.c:33:24: note: in expansion of macro ‘NULL’
   33 |    .xdp_metadata_ops = NULL,
      |                        ^~~~
make[1]: *** [scripts/Makefile.build:270: /home/lingbo11/zxm/rdma-kerndriver/compat/build/build_gxewo/conftest.o] Error 1
make: *** [Makefile:1762: /home/lingbo11/zxm/rdma-kerndriver/compat/build/build_gxewo] Error 2
configure:13877: $? = 0
configure:13879: test -s /home/lingbo11/zxm/rdma-kerndriver/compat/build/build_KWl3Q/conftest.o
configure:14333: $? = 0
configure:14335: test -s /home/lingbo11/zxm/rdma-kerndriver/compat/build/build_781Po/conftest.o
configure:13882: $? = 1
configure: failed program was:
/home/lingbo11/zxm/rdma-kerndriver/compat/build/build_gxewo/conftest.c: In function ‘main’:
/home/lingbo11/zxm/rdma-kerndriver/compat/build/build_gxewo/conftest.c:33:5: error: ‘struct net_device’ has no member named ‘xdp_metadata_ops’
   33 |    .xdp_metadata_ops = NULL,
      |     ^~~~~~~~~~~~~~~~
In file included from /usr/src/linux-headers-5.4.0-86-generic/include/uapi/linux/posix_types.h:5,
                 from include/uapi/linux/types.h:14,
                 from include/linux/types.h:6,
                 from include/linux/limits.h:6,
                 from include/linux/kernel.h:7,
                 from /home/lingbo11/zxm/rdma-kerndriver/compat/build/build_gxewo/conftest.c:24:
include/linux/stddef.h:8:14: warning: initialization of ‘char’ from ‘void *’ makes integer from pointer without a cast [-Wint-conversion]
    8 | #define NULL ((void *)0)
      |              ^
/home/lingbo11/zxm/rdma-kerndriver/compat/build/build_gxewo/conftest.c:33:24: note: in expansion of macro ‘NULL’
   33 |    .xdp_metadata_ops = NULL,
      |                        ^~~~
include/linux/stddef.h:8:14: note: (near initialization for ‘nd.name[0]’)
    8 | #define NULL ((void *)0)
      |              ^
/home/lingbo11/zxm/rdma-kerndriver/compat/build/build_gxewo/conftest.c:33:24: note: in expansion of macro ‘NULL’
   33 |    .xdp_metadata_ops = NULL,
      |                        ^~~~
make[1]: *** [scripts/Makefile.build:270: /home/lingbo11/zxm/rdma-kerndriver/compat/build/build_gxewo/conftest.o] Error 1
make: *** [Makefile:1762: /home/lingbo11/zxm/rdma-kerndriver/compat/build/build_gxewo] Error 2
configure:14338: $? = 1
configure: failed program was:
configure:11425: $? = 0
configure:11427: test -s /home/lingbo11/zxm/rdma-kerndriver/compat/build/build_vKwC2/conftest.o
configure:11430: $? = 1
configure: failed program was:
| /* confdefs.h.  */
| /* confdefs.h */
| #define PACKAGE_NAME "compat_mlnx"
| #define PACKAGE_TARNAME "compat_mlnx"
| #define PACKAGE_VERSION "2.3"
| #define PACKAGE_STRING "compat_mlnx 2.3"
| #define PACKAGE_BUGREPORT "http://support.mellanox.com/SupportWeb/service_center/SelfService"
| #define PACKAGE_URL ""
| #define PACKAGE "compat_mlnx"
| #define VERSION "2.3"
| #define STDC_HEADERS 1
| #define HAVE_SYS_TYPES_H 1
| #define HAVE_SYS_STAT_H 1
| #define HAVE_STDLIB_H 1
| #define HAVE_STRING_H 1
| #define HAVE_MEMORY_H 1
| #define HAVE_STRINGS_H 1
| #define HAVE_INTTYPES_H 1
| #define HAVE_STDINT_H 1
| #define HAVE_UNISTD_H 1
| #define SIZEOF_UNSIGNED_LONG_LONG 8
| /* end confdefs.h.  */
| 
| #include <linux/kernel.h>
| 
| 		#include <net/devlink.h>
| 
| int
| main (void)
| {
| 
| 		devl_resource_register(NULL, NULL, 0, 0, 0, NULL);
| 
| 		return 0;
| 
|   ;
|   return 0;
| }
| /* confdefs.h.  */
| /* confdefs.h */
| #define PACKAGE_NAME "compat_mlnx"
| #define PACKAGE_TARNAME "compat_mlnx"
| #define PACKAGE_VERSION "2.3"
| #define PACKAGE_STRING "compat_mlnx 2.3"
| #define PACKAGE_BUGREPORT "http://support.mellanox.com/SupportWeb/service_center/SelfService"
| #define PACKAGE_URL ""
| #define PACKAGE "compat_mlnx"
| #define VERSION "2.3"
| #define STDC_HEADERS 1
| #define HAVE_SYS_TYPES_H 1
| #define HAVE_SYS_STAT_H 1
| #define HAVE_STDLIB_H 1
| #define HAVE_STRING_H 1
| #define HAVE_MEMORY_H 1
| #define HAVE_STRINGS_H 1
| #define HAVE_INTTYPES_H 1
| #define HAVE_STDINT_H 1
| #define HAVE_UNISTD_H 1
| #define SIZEOF_UNSIGNED_LONG_LONG 8
| /* end confdefs.h.  */
| 
| #include <linux/kernel.h>
| 
| 		#include <net/devlink.h>
| 
| int
| main (void)
| {
| 
| 		devlink_param_register(NULL, NULL);
| 
| 		return 0;
| 
|   ;
|   return 0;
| }
configure:14353: result: no
configure:13897: result: no
| /* confdefs.h.  */
| /* confdefs.h */
| #define PACKAGE_NAME "compat_mlnx"
| #define PACKAGE_TARNAME "compat_mlnx"
| #define PACKAGE_VERSION "2.3"
| #define PACKAGE_STRING "compat_mlnx 2.3"
| #define PACKAGE_BUGREPORT "http://support.mellanox.com/SupportWeb/service_center/SelfService"
| #define PACKAGE_URL ""
| #define PACKAGE "compat_mlnx"
| #define VERSION "2.3"
| #define STDC_HEADERS 1
| #define HAVE_SYS_TYPES_H 1
| #define HAVE_SYS_STAT_H 1
| #define HAVE_STDLIB_H 1
| #define HAVE_STRING_H 1
| #define HAVE_MEMORY_H 1
| #define HAVE_STRINGS_H 1
| #define HAVE_INTTYPES_H 1
| #define HAVE_STDINT_H 1
| #define HAVE_UNISTD_H 1
| #define SIZEOF_UNSIGNED_LONG_LONG 8
| /* end confdefs.h.  */
| 
| #include <linux/kernel.h>
| 
| 		#include <net/devlink.h>
| 
| int
| main (void)
| {
| 
| 		struct devlink_port_ops dl_port_ops  = {
| 			.port_fn_ipsec_packet_get = NULL,
| 		};
| 
| 		return 0;
| 
|   ;
|   return 0;
| }
/home/lingbo11/zxm/rdma-kerndriver/compat/build/build_Diil2/conftest.c: In function ‘main’:
/home/lingbo11/zxm/rdma-kerndriver/compat/build/build_Diil2/conftest.c:33:5: error: ‘struct net_device’ has no member named ‘devlink_port’; did you mean ‘dev_port’?
   33 |    .devlink_port = NULL,
      |     ^~~~~~~~~~~~
      |     dev_port
In file included from /usr/src/linux-headers-5.4.0-86-generic/include/uapi/linux/posix_types.h:5,
                 from include/uapi/linux/types.h:14,
                 from include/linux/types.h:6,
                 from include/linux/limits.h:6,
                 from include/linux/kernel.h:7,
                 from /home/lingbo11/zxm/rdma-kerndriver/compat/build/build_Diil2/conftest.c:24:
include/linux/stddef.h:8:14: warning: initialization of ‘char’ from ‘void *’ makes integer from pointer without a cast [-Wint-conversion]
    8 | #define NULL ((void *)0)
      |              ^
/home/lingbo11/zxm/rdma-kerndriver/compat/build/build_Diil2/conftest.c:33:20: note: in expansion of macro ‘NULL’
   33 |    .devlink_port = NULL,
      |                    ^~~~
include/linux/stddef.h:8:14: note: (near initialization for ‘nd.name[0]’)
    8 | #define NULL ((void *)0)
      |              ^
/home/lingbo11/zxm/rdma-kerndriver/compat/build/build_Diil2/conftest.c:33:20: note: in expansion of macro ‘NULL’
   33 |    .devlink_port = NULL,
      |                    ^~~~
make[1]: *** [scripts/Makefile.build:270: /home/lingbo11/zxm/rdma-kerndriver/compat/build/build_Diil2/conftest.o] Error 1
make: *** [Makefile:1762: /home/lingbo11/zxm/rdma-kerndriver/compat/build/build_Diil2] Error 2
configure:11445: result: no
configure:11897: $? = 0
configure:11899: test -s /home/lingbo11/zxm/rdma-kerndriver/compat/build/build_gxewo/conftest.o
/home/lingbo11/zxm/rdma-kerndriver/compat/build/build_F2Mdg/conftest.c: In function ‘main’:
/home/lingbo11/zxm/rdma-kerndriver/compat/build/build_F2Mdg/conftest.c:32:3: error: too few arguments to function ‘devlink_port_attrs_pci_vf_set’
   32 |   devlink_port_attrs_pci_vf_set(NULL, 0, 0);
      |   ^~~~~~~~~~~~~~~~~~~~~~~~~~~~~
In file included from /home/lingbo11/zxm/rdma-kerndriver/compat/build/build_F2Mdg/conftest.c:26:
include/net/devlink.h:803:6: note: declared here
  803 | void devlink_port_attrs_pci_vf_set(struct devlink_port *devlink_port,
      |      ^~~~~~~~~~~~~~~~~~~~~~~~~~~~~
make[1]: *** [scripts/Makefile.build:270: /home/lingbo11/zxm/rdma-kerndriver/compat/build/build_F2Mdg/conftest.o] Error 1
make: *** [Makefile:1762: /home/lingbo11/zxm/rdma-kerndriver/compat/build/build_F2Mdg] Error 2
configure:11902: $? = 1
configure: failed program was:
/home/lingbo11/zxm/rdma-kerndriver/compat/build/build_Diil2/conftest.c: In function ‘main’:
/home/lingbo11/zxm/rdma-kerndriver/compat/build/build_Diil2/conftest.c:33:5: error: ‘struct net_device’ has no member named ‘devlink_port’; did you mean ‘dev_port’?
   33 |    .devlink_port = NULL,
      |     ^~~~~~~~~~~~
      |     dev_port
In file included from /usr/src/linux-headers-5.4.0-86-generic/include/uapi/linux/posix_types.h:5,
                 from include/uapi/linux/types.h:14,
                 from include/linux/types.h:6,
                 from include/linux/limits.h:6,
                 from include/linux/kernel.h:7,
                 from /home/lingbo11/zxm/rdma-kerndriver/compat/build/build_Diil2/conftest.c:24:
include/linux/stddef.h:8:14: warning: initialization of ‘char’ from ‘void *’ makes integer from pointer without a cast [-Wint-conversion]
    8 | #define NULL ((void *)0)
      |              ^
/home/lingbo11/zxm/rdma-kerndriver/compat/build/build_Diil2/conftest.c:33:20: note: in expansion of macro ‘NULL’
   33 |    .devlink_port = NULL,
      |                    ^~~~
include/linux/stddef.h:8:14: note: (near initialization for ‘nd.name[0]’)
    8 | #define NULL ((void *)0)
      |              ^
/home/lingbo11/zxm/rdma-kerndriver/compat/build/build_Diil2/conftest.c:33:20: note: in expansion of macro ‘NULL’
   33 |    .devlink_port = NULL,
      |                    ^~~~
make[1]: *** [scripts/Makefile.build:270: /home/lingbo11/zxm/rdma-kerndriver/compat/build/build_Diil2/conftest.o] Error 1
make: *** [Makefile:1762: /home/lingbo11/zxm/rdma-kerndriver/compat/build/build_Diil2] Error 2
| /* confdefs.h.  */
| /* confdefs.h */
| #define PACKAGE_NAME "compat_mlnx"
| #define PACKAGE_TARNAME "compat_mlnx"
| #define PACKAGE_VERSION "2.3"
| #define PACKAGE_STRING "compat_mlnx 2.3"
| #define PACKAGE_BUGREPORT "http://support.mellanox.com/SupportWeb/service_center/SelfService"
| #define PACKAGE_URL ""
| #define PACKAGE "compat_mlnx"
| #define VERSION "2.3"
| #define STDC_HEADERS 1
| #define HAVE_SYS_TYPES_H 1
| #define HAVE_SYS_STAT_H 1
| #define HAVE_STDLIB_H 1
| #define HAVE_STRING_H 1
| #define HAVE_MEMORY_H 1
| #define HAVE_STRINGS_H 1
| #define HAVE_INTTYPES_H 1
| #define HAVE_STDINT_H 1
| #define HAVE_UNISTD_H 1
| #define SIZEOF_UNSIGNED_LONG_LONG 8
| /* end confdefs.h.  */
| 
| #include <linux/kernel.h>
| 
| 		#include <linux/netdevice.h>
| 
| int
| main (void)
| {
| 
| 		struct net_device nd = {
| 			.xdp_metadata_ops = NULL,
| 		};
| 
| 		return 0;
| 
|   ;
|   return 0;
| }
/home/lingbo11/zxm/rdma-kerndriver/compat/build/build_I4nPz/conftest.c: In function ‘main’:
/home/lingbo11/zxm/rdma-kerndriver/compat/build/build_I4nPz/conftest.c:32:3: error: implicit declaration of function ‘devlink_port_attrs_pci_sf_set’; did you mean ‘devlink_port_attrs_pci_vf_set’? [-Werror=implicit-function-declaration]
   32 |   devlink_port_attrs_pci_sf_set(NULL, 0, 0, 0);
      |   ^~~~~~~~~~~~~~~~~~~~~~~~~~~~~
      |   devlink_port_attrs_pci_vf_set
cc1: some warnings being treated as errors
make[1]: *** [scripts/Makefile.build:270: /home/lingbo11/zxm/rdma-kerndriver/compat/build/build_I4nPz/conftest.o] Error 1
make: *** [Makefile:1762: /home/lingbo11/zxm/rdma-kerndriver/compat/build/build_I4nPz] Error 2
configure:11917: result: no
/home/lingbo11/zxm/rdma-kerndriver/compat/build/build_F2Mdg/conftest.c: In function ‘main’:
/home/lingbo11/zxm/rdma-kerndriver/compat/build/build_F2Mdg/conftest.c:32:3: error: too few arguments to function ‘devlink_port_attrs_pci_vf_set’
   32 |   devlink_port_attrs_pci_vf_set(NULL, 0, 0);
      |   ^~~~~~~~~~~~~~~~~~~~~~~~~~~~~
In file included from /home/lingbo11/zxm/rdma-kerndriver/compat/build/build_F2Mdg/conftest.c:26:
include/net/devlink.h:803:6: note: declared here
  803 | void devlink_port_attrs_pci_vf_set(struct devlink_port *devlink_port,
      |      ^~~~~~~~~~~~~~~~~~~~~~~~~~~~~
make[1]: *** [scripts/Makefile.build:270: /home/lingbo11/zxm/rdma-kerndriver/compat/build/build_F2Mdg/conftest.o] Error 1
make: *** [Makefile:1762: /home/lingbo11/zxm/rdma-kerndriver/compat/build/build_F2Mdg] Error 2
/home/lingbo11/zxm/rdma-kerndriver/compat/build/build_wdgb8/conftest.c: In function ‘main’:
/home/lingbo11/zxm/rdma-kerndriver/compat/build/build_wdgb8/conftest.c:32:3: error: too few arguments to function ‘devlink_port_type_eth_set’
   32 |   devlink_port_type_eth_set(NULL);
      |   ^~~~~~~~~~~~~~~~~~~~~~~~~
In file included from /home/lingbo11/zxm/rdma-kerndriver/compat/build/build_wdgb8/conftest.c:26:
include/net/devlink.h:789:6: note: declared here
  789 | void devlink_port_type_eth_set(struct devlink_port *devlink_port,
      |      ^~~~~~~~~~~~~~~~~~~~~~~~~
make[1]: *** [scripts/Makefile.build:270: /home/lingbo11/zxm/rdma-kerndriver/compat/build/build_wdgb8/conftest.o] Error 1
make: *** [Makefile:1762: /home/lingbo11/zxm/rdma-kerndriver/compat/build/build_wdgb8] Error 2
/home/lingbo11/zxm/rdma-kerndriver/compat/build/build_qp4L8/conftest.c: In function ‘main’:
/home/lingbo11/zxm/rdma-kerndriver/compat/build/build_qp4L8/conftest.c:32:3: error: implicit declaration of function ‘devl_rate_leaf_create’ [-Werror=implicit-function-declaration]
   32 |   devl_rate_leaf_create(NULL, NULL, NULL);
      |   ^~~~~~~~~~~~~~~~~~~~~
cc1: some warnings being treated as errors
make[1]: *** [scripts/Makefile.build:270: /home/lingbo11/zxm/rdma-kerndriver/compat/build/build_qp4L8/conftest.o] Error 1
make: *** [Makefile:1762: /home/lingbo11/zxm/rdma-kerndriver/compat/build/build_qp4L8] Error 2
configure:11741: $? = 0
configure:11743: test -s /home/lingbo11/zxm/rdma-kerndriver/compat/build/build_Diil2/conftest.o
/home/lingbo11/zxm/rdma-kerndriver/compat/build/build_AlFZ0/conftest.c: In function ‘main’:
/home/lingbo11/zxm/rdma-kerndriver/compat/build/build_AlFZ0/conftest.c:32:3: error: implicit declaration of function ‘devl_port_health_reporter_create’; did you mean ‘devlink_health_reporter_create’? [-Werror=implicit-function-declaration]
   32 |   devl_port_health_reporter_create(NULL, NULL, 0, NULL);
      |   ^~~~~~~~~~~~~~~~~~~~~~~~~~~~~~~~
      |   devlink_health_reporter_create
cc1: some warnings being treated as errors
make[1]: *** [scripts/Makefile.build:270: /home/lingbo11/zxm/rdma-kerndriver/compat/build/build_AlFZ0/conftest.o] Error 1
make: *** [Makefile:1762: /home/lingbo11/zxm/rdma-kerndriver/compat/build/build_AlFZ0] Error 2
/home/lingbo11/zxm/rdma-kerndriver/compat/build/build_I4nPz/conftest.c: In function ‘main’:
/home/lingbo11/zxm/rdma-kerndriver/compat/build/build_I4nPz/conftest.c:32:3: error: implicit declaration of function ‘devlink_port_attrs_pci_sf_set’; did you mean ‘devlink_port_attrs_pci_vf_set’? [-Werror=implicit-function-declaration]
   32 |   devlink_port_attrs_pci_sf_set(NULL, 0, 0, 0);
      |   ^~~~~~~~~~~~~~~~~~~~~~~~~~~~~
      |   devlink_port_attrs_pci_vf_set
cc1: some warnings being treated as errors
make[1]: *** [scripts/Makefile.build:270: /home/lingbo11/zxm/rdma-kerndriver/compat/build/build_I4nPz/conftest.o] Error 1
make: *** [Makefile:1762: /home/lingbo11/zxm/rdma-kerndriver/compat/build/build_I4nPz] Error 2
configure:11746: $? = 1
configure: failed program was:
configure:15397: $? = 0
| /* confdefs.h.  */
| /* confdefs.h */
| #define PACKAGE_NAME "compat_mlnx"
| #define PACKAGE_TARNAME "compat_mlnx"
| #define PACKAGE_VERSION "2.3"
| #define PACKAGE_STRING "compat_mlnx 2.3"
| #define PACKAGE_BUGREPORT "http://support.mellanox.com/SupportWeb/service_center/SelfService"
| #define PACKAGE_URL ""
| #define PACKAGE "compat_mlnx"
| #define VERSION "2.3"
| #define STDC_HEADERS 1
| #define HAVE_SYS_TYPES_H 1
| #define HAVE_SYS_STAT_H 1
| #define HAVE_STDLIB_H 1
| #define HAVE_STRING_H 1
| #define HAVE_MEMORY_H 1
| #define HAVE_STRINGS_H 1
| #define HAVE_INTTYPES_H 1
| #define HAVE_STDINT_H 1
| #define HAVE_UNISTD_H 1
| #define SIZEOF_UNSIGNED_LONG_LONG 8
| /* end confdefs.h.  */
| 
| #include <linux/kernel.h>
| 
| 		#include <linux/netdevice.h>
| 
| int
| main (void)
| {
| 
| 		struct net_device nd = {
| 			.devlink_port = NULL,
| 		};
| 
| 		return 0;
| 
|   ;
|   return 0;
| }
configure:15399: test -s /home/lingbo11/zxm/rdma-kerndriver/compat/build/build_F2Mdg/conftest.o
/home/lingbo11/zxm/rdma-kerndriver/compat/build/build_wdgb8/conftest.c: In function ‘main’:
/home/lingbo11/zxm/rdma-kerndriver/compat/build/build_wdgb8/conftest.c:32:3: error: too few arguments to function ‘devlink_port_type_eth_set’
   32 |   devlink_port_type_eth_set(NULL);
      |   ^~~~~~~~~~~~~~~~~~~~~~~~~
In file included from /home/lingbo11/zxm/rdma-kerndriver/compat/build/build_wdgb8/conftest.c:26:
include/net/devlink.h:789:6: note: declared here
  789 | void devlink_port_type_eth_set(struct devlink_port *devlink_port,
      |      ^~~~~~~~~~~~~~~~~~~~~~~~~
make[1]: *** [scripts/Makefile.build:270: /home/lingbo11/zxm/rdma-kerndriver/compat/build/build_wdgb8/conftest.o] Error 1
make: *** [Makefile:1762: /home/lingbo11/zxm/rdma-kerndriver/compat/build/build_wdgb8] Error 2
configure:11761: result: no
configure:15402: $? = 1
configure: failed program was:
/home/lingbo11/zxm/rdma-kerndriver/compat/build/build_qp4L8/conftest.c: In function ‘main’:
/home/lingbo11/zxm/rdma-kerndriver/compat/build/build_qp4L8/conftest.c:32:3: error: implicit declaration of function ‘devl_rate_leaf_create’ [-Werror=implicit-function-declaration]
   32 |   devl_rate_leaf_create(NULL, NULL, NULL);
      |   ^~~~~~~~~~~~~~~~~~~~~
cc1: some warnings being treated as errors
make[1]: *** [scripts/Makefile.build:270: /home/lingbo11/zxm/rdma-kerndriver/compat/build/build_qp4L8/conftest.o] Error 1
make: *** [Makefile:1762: /home/lingbo11/zxm/rdma-kerndriver/compat/build/build_qp4L8] Error 2
/home/lingbo11/zxm/rdma-kerndriver/compat/build/build_AlFZ0/conftest.c: In function ‘main’:
/home/lingbo11/zxm/rdma-kerndriver/compat/build/build_AlFZ0/conftest.c:32:3: error: implicit declaration of function ‘devl_port_health_reporter_create’; did you mean ‘devlink_health_reporter_create’? [-Werror=implicit-function-declaration]
   32 |   devl_port_health_reporter_create(NULL, NULL, 0, NULL);
      |   ^~~~~~~~~~~~~~~~~~~~~~~~~~~~~~~~
      |   devlink_health_reporter_create
cc1: some warnings being treated as errors
make[1]: *** [scripts/Makefile.build:270: /home/lingbo11/zxm/rdma-kerndriver/compat/build/build_AlFZ0/conftest.o] Error 1
make: *** [Makefile:1762: /home/lingbo11/zxm/rdma-kerndriver/compat/build/build_AlFZ0] Error 2
configure:15093: $? = 0
configure:15095: test -s /home/lingbo11/zxm/rdma-kerndriver/compat/build/build_I4nPz/conftest.o
/home/lingbo11/zxm/rdma-kerndriver/compat/build/build_L1coz/conftest.c: In function ‘main’:
/home/lingbo11/zxm/rdma-kerndriver/compat/build/build_L1coz/conftest.c:32:3: error: implicit declaration of function ‘devl_register’; did you mean ‘devlink_register’? [-Werror=implicit-function-declaration]
   32 |   devl_register(NULL);
      |   ^~~~~~~~~~~~~
      |   devlink_register
cc1: some warnings being treated as errors
make[1]: *** [scripts/Makefile.build:270: /home/lingbo11/zxm/rdma-kerndriver/compat/build/build_L1coz/conftest.o] Error 1
make: *** [Makefile:1762: /home/lingbo11/zxm/rdma-kerndriver/compat/build/build_L1coz] Error 2
| /* confdefs.h.  */
| /* confdefs.h */
| #define PACKAGE_NAME "compat_mlnx"
| #define PACKAGE_TARNAME "compat_mlnx"
| #define PACKAGE_VERSION "2.3"
| #define PACKAGE_STRING "compat_mlnx 2.3"
| #define PACKAGE_BUGREPORT "http://support.mellanox.com/SupportWeb/service_center/SelfService"
| #define PACKAGE_URL ""
| #define PACKAGE "compat_mlnx"
| #define VERSION "2.3"
| #define STDC_HEADERS 1
| #define HAVE_SYS_TYPES_H 1
| #define HAVE_SYS_STAT_H 1
| #define HAVE_STDLIB_H 1
| #define HAVE_STRING_H 1
| #define HAVE_MEMORY_H 1
| #define HAVE_STRINGS_H 1
| #define HAVE_INTTYPES_H 1
| #define HAVE_STDINT_H 1
| #define HAVE_UNISTD_H 1
| #define SIZEOF_UNSIGNED_LONG_LONG 8
| /* end confdefs.h.  */
| 
| #include <linux/kernel.h>
| 
| 		#include <net/devlink.h>
| 
| int
| main (void)
| {
| 
| 		devlink_port_attrs_pci_vf_set(NULL, 0, 0);
| 
| 		return 0;
| 
|   ;
|   return 0;
| }
configure:15098: $? = 1
configure: failed program was:
configure:15417: result: no
configure:12511: $? = 0
configure:12513: test -s /home/lingbo11/zxm/rdma-kerndriver/compat/build/build_wdgb8/conftest.o
| /* confdefs.h.  */
| /* confdefs.h */
| #define PACKAGE_NAME "compat_mlnx"
| #define PACKAGE_TARNAME "compat_mlnx"
| #define PACKAGE_VERSION "2.3"
| #define PACKAGE_STRING "compat_mlnx 2.3"
| #define PACKAGE_BUGREPORT "http://support.mellanox.com/SupportWeb/service_center/SelfService"
| #define PACKAGE_URL ""
| #define PACKAGE "compat_mlnx"
| #define VERSION "2.3"
| #define STDC_HEADERS 1
| #define HAVE_SYS_TYPES_H 1
| #define HAVE_SYS_STAT_H 1
| #define HAVE_STDLIB_H 1
| #define HAVE_STRING_H 1
| #define HAVE_MEMORY_H 1
| #define HAVE_STRINGS_H 1
| #define HAVE_INTTYPES_H 1
| #define HAVE_STDINT_H 1
| #define HAVE_UNISTD_H 1
| #define SIZEOF_UNSIGNED_LONG_LONG 8
| /* end confdefs.h.  */
| 
| #include <linux/kernel.h>
| 
| 		#include <net/devlink.h>
| 
| int
| main (void)
| {
| 
| 		devlink_port_attrs_pci_sf_set(NULL, 0, 0, 0);
| 
| 		return 0;
| 
|   ;
|   return 0;
| }
/home/lingbo11/zxm/rdma-kerndriver/compat/build/build_L1coz/conftest.c: In function ‘main’:
/home/lingbo11/zxm/rdma-kerndriver/compat/build/build_L1coz/conftest.c:32:3: error: implicit declaration of function ‘devl_register’; did you mean ‘devlink_register’? [-Werror=implicit-function-declaration]
   32 |   devl_register(NULL);
      |   ^~~~~~~~~~~~~
      |   devlink_register
cc1: some warnings being treated as errors
make[1]: *** [scripts/Makefile.build:270: /home/lingbo11/zxm/rdma-kerndriver/compat/build/build_L1coz/conftest.o] Error 1
make: *** [Makefile:1762: /home/lingbo11/zxm/rdma-kerndriver/compat/build/build_L1coz] Error 2
configure:15113: result: no
configure:12516: $? = 1
configure: failed program was:
configure:12813: $? = 0
configure:12209: $? = 0
configure:12815: test -s /home/lingbo11/zxm/rdma-kerndriver/compat/build/build_AlFZ0/conftest.o
configure:12211: test -s /home/lingbo11/zxm/rdma-kerndriver/compat/build/build_qp4L8/conftest.o
configure:12214: $? = 1
configure:12818: $? = 1
configure: failed program was:
configure: failed program was:
| /* confdefs.h.  */
| /* confdefs.h */
| #define PACKAGE_NAME "compat_mlnx"
| #define PACKAGE_TARNAME "compat_mlnx"
| #define PACKAGE_VERSION "2.3"
| #define PACKAGE_STRING "compat_mlnx 2.3"
| #define PACKAGE_BUGREPORT "http://support.mellanox.com/SupportWeb/service_center/SelfService"
| #define PACKAGE_URL ""
| #define PACKAGE "compat_mlnx"
| #define VERSION "2.3"
| #define STDC_HEADERS 1
| #define HAVE_SYS_TYPES_H 1
| #define HAVE_SYS_STAT_H 1
| #define HAVE_STDLIB_H 1
| #define HAVE_STRING_H 1
| #define HAVE_MEMORY_H 1
| #define HAVE_STRINGS_H 1
| #define HAVE_INTTYPES_H 1
| #define HAVE_STDINT_H 1
| #define HAVE_UNISTD_H 1
| #define SIZEOF_UNSIGNED_LONG_LONG 8
| /* end confdefs.h.  */
| 
| #include <linux/kernel.h>
| 
| 		#include <net/devlink.h>
| 
| int
| main (void)
| {
| 
| 		devlink_port_type_eth_set(NULL);
| 
| 		return 0;
| 
|   ;
|   return 0;
| }
configure:12531: result: no
| /* confdefs.h.  */
| /* confdefs.h */
| #define PACKAGE_NAME "compat_mlnx"
| #define PACKAGE_TARNAME "compat_mlnx"
| #define PACKAGE_VERSION "2.3"
| #define PACKAGE_STRING "compat_mlnx 2.3"
| #define PACKAGE_BUGREPORT "http://support.mellanox.com/SupportWeb/service_center/SelfService"
| #define PACKAGE_URL ""
| #define PACKAGE "compat_mlnx"
| #define VERSION "2.3"
| #define STDC_HEADERS 1
| #define HAVE_SYS_TYPES_H 1
| #define HAVE_SYS_STAT_H 1
| #define HAVE_STDLIB_H 1
| #define HAVE_STRING_H 1
| #define HAVE_MEMORY_H 1
| #define HAVE_STRINGS_H 1
| #define HAVE_INTTYPES_H 1
| #define HAVE_STDINT_H 1
| #define HAVE_UNISTD_H 1
| #define SIZEOF_UNSIGNED_LONG_LONG 8
| /* end confdefs.h.  */
| 
| #include <linux/kernel.h>
| 
| 		#include <net/devlink.h>
| 
| int
| main (void)
| {
| 
| 		devl_rate_leaf_create(NULL, NULL, NULL);
| 
| 		return 0;
| 
|   ;
|   return 0;
| }
| /* confdefs.h.  */
| /* confdefs.h */
| #define PACKAGE_NAME "compat_mlnx"
| #define PACKAGE_TARNAME "compat_mlnx"
| #define PACKAGE_VERSION "2.3"
| #define PACKAGE_STRING "compat_mlnx 2.3"
| #define PACKAGE_BUGREPORT "http://support.mellanox.com/SupportWeb/service_center/SelfService"
| #define PACKAGE_URL ""
| #define PACKAGE "compat_mlnx"
| #define VERSION "2.3"
| #define STDC_HEADERS 1
| #define HAVE_SYS_TYPES_H 1
| #define HAVE_SYS_STAT_H 1
| #define HAVE_STDLIB_H 1
| #define HAVE_STRING_H 1
| #define HAVE_MEMORY_H 1
| #define HAVE_STRINGS_H 1
| #define HAVE_INTTYPES_H 1
| #define HAVE_STDINT_H 1
| #define HAVE_UNISTD_H 1
| #define SIZEOF_UNSIGNED_LONG_LONG 8
| /* end confdefs.h.  */
| 
| #include <linux/kernel.h>
| 
| 		#include <net/devlink.h>
| 
| int
| main (void)
| {
| 
| 		devl_port_health_reporter_create(NULL, NULL, 0, NULL);
| 		return 0;
| 
|   ;
|   return 0;
| }
configure:14181: $? = 0
configure:14183: test -s /home/lingbo11/zxm/rdma-kerndriver/compat/build/build_L1coz/conftest.o
configure:12229: result: no
configure:12833: result: no
configure:14186: $? = 1
configure: failed program was:
| /* confdefs.h.  */
| /* confdefs.h */
| #define PACKAGE_NAME "compat_mlnx"
| #define PACKAGE_TARNAME "compat_mlnx"
| #define PACKAGE_VERSION "2.3"
| #define PACKAGE_STRING "compat_mlnx 2.3"
| #define PACKAGE_BUGREPORT "http://support.mellanox.com/SupportWeb/service_center/SelfService"
| #define PACKAGE_URL ""
| #define PACKAGE "compat_mlnx"
| #define VERSION "2.3"
| #define STDC_HEADERS 1
| #define HAVE_SYS_TYPES_H 1
| #define HAVE_SYS_STAT_H 1
| #define HAVE_STDLIB_H 1
| #define HAVE_STRING_H 1
| #define HAVE_MEMORY_H 1
| #define HAVE_STRINGS_H 1
| #define HAVE_INTTYPES_H 1
| #define HAVE_STDINT_H 1
| #define HAVE_UNISTD_H 1
| #define SIZEOF_UNSIGNED_LONG_LONG 8
| /* end confdefs.h.  */
| 
| #include <linux/kernel.h>
| 
| 		#include <net/devlink.h>
| 
| int
| main (void)
| {
| 
| 		devl_register(NULL);
| 
| 		return 0;
| 
|   ;
|   return 0;
| }
configure:14201: result: no
/home/lingbo11/zxm/rdma-kerndriver/compat/build/build_W2uNB/conftest.c: In function ‘main’:
/home/lingbo11/zxm/rdma-kerndriver/compat/build/build_W2uNB/conftest.c:33:35: error: storage size of ‘attr’ isn’t known
   33 |   enum devlink_port_function_attr attr;
      |                                   ^~~~
/home/lingbo11/zxm/rdma-kerndriver/compat/build/build_W2uNB/conftest.c:35:5: error: ‘struct devlink_port’ has no member named ‘rel_index’
   35 |   dp.rel_index = 2;
      |     ^
/home/lingbo11/zxm/rdma-kerndriver/compat/build/build_W2uNB/conftest.c:36:10: error: ‘DEVLINK_PORT_FN_ATTR_DEVLINK’ undeclared (first use in this function)
   36 |   attr = DEVLINK_PORT_FN_ATTR_DEVLINK;
      |          ^~~~~~~~~~~~~~~~~~~~~~~~~~~~
/home/lingbo11/zxm/rdma-kerndriver/compat/build/build_W2uNB/conftest.c:36:10: note: each undeclared identifier is reported only once for each function it appears in
make[1]: *** [scripts/Makefile.build:270: /home/lingbo11/zxm/rdma-kerndriver/compat/build/build_W2uNB/conftest.o] Error 1
make: *** [Makefile:1762: /home/lingbo11/zxm/rdma-kerndriver/compat/build/build_W2uNB] Error 2
/home/lingbo11/zxm/rdma-kerndriver/compat/build/build_Iyz4z/conftest.c: In function ‘main’:
/home/lingbo11/zxm/rdma-kerndriver/compat/build/build_Iyz4z/conftest.c:32:3: error: implicit declaration of function ‘devl_param_driverinit_value_get’; did you mean ‘devlink_param_driverinit_value_get’? [-Werror=implicit-function-declaration]
   32 |   devl_param_driverinit_value_get(NULL, 0, NULL);
      |   ^~~~~~~~~~~~~~~~~~~~~~~~~~~~~~~
      |   devlink_param_driverinit_value_get
cc1: some warnings being treated as errors
make[1]: *** [scripts/Makefile.build:270: /home/lingbo11/zxm/rdma-kerndriver/compat/build/build_Iyz4z/conftest.o] Error 1
make: *** [Makefile:1762: /home/lingbo11/zxm/rdma-kerndriver/compat/build/build_Iyz4z] Error 2
/home/lingbo11/zxm/rdma-kerndriver/compat/build/build_W2uNB/conftest.c: In function ‘main’:
/home/lingbo11/zxm/rdma-kerndriver/compat/build/build_W2uNB/conftest.c:33:35: error: storage size of ‘attr’ isn’t known
   33 |   enum devlink_port_function_attr attr;
      |                                   ^~~~
/home/lingbo11/zxm/rdma-kerndriver/compat/build/build_W2uNB/conftest.c:35:5: error: ‘struct devlink_port’ has no member named ‘rel_index’
   35 |   dp.rel_index = 2;
      |     ^
/home/lingbo11/zxm/rdma-kerndriver/compat/build/build_W2uNB/conftest.c:36:10: error: ‘DEVLINK_PORT_FN_ATTR_DEVLINK’ undeclared (first use in this function)
   36 |   attr = DEVLINK_PORT_FN_ATTR_DEVLINK;
      |          ^~~~~~~~~~~~~~~~~~~~~~~~~~~~
/home/lingbo11/zxm/rdma-kerndriver/compat/build/build_W2uNB/conftest.c:36:10: note: each undeclared identifier is reported only once for each function it appears in
make[1]: *** [scripts/Makefile.build:270: /home/lingbo11/zxm/rdma-kerndriver/compat/build/build_W2uNB/conftest.o] Error 1
make: *** [Makefile:1762: /home/lingbo11/zxm/rdma-kerndriver/compat/build/build_W2uNB] Error 2
/home/lingbo11/zxm/rdma-kerndriver/compat/build/build_Iyz4z/conftest.c: In function ‘main’:
/home/lingbo11/zxm/rdma-kerndriver/compat/build/build_Iyz4z/conftest.c:32:3: error: implicit declaration of function ‘devl_param_driverinit_value_get’; did you mean ‘devlink_param_driverinit_value_get’? [-Werror=implicit-function-declaration]
   32 |   devl_param_driverinit_value_get(NULL, 0, NULL);
      |   ^~~~~~~~~~~~~~~~~~~~~~~~~~~~~~~
      |   devlink_param_driverinit_value_get
cc1: some warnings being treated as errors
make[1]: *** [scripts/Makefile.build:270: /home/lingbo11/zxm/rdma-kerndriver/compat/build/build_Iyz4z/conftest.o] Error 1
make: *** [Makefile:1762: /home/lingbo11/zxm/rdma-kerndriver/compat/build/build_Iyz4z] Error 2
configure:11585: $? = 0
configure:11587: test -s /home/lingbo11/zxm/rdma-kerndriver/compat/build/build_W2uNB/conftest.o
configure:11590: $? = 1
configure: failed program was:
configure:12663: $? = 0
configure:12665: test -s /home/lingbo11/zxm/rdma-kerndriver/compat/build/build_Iyz4z/conftest.o
| /* confdefs.h.  */
| /* confdefs.h */
| #define PACKAGE_NAME "compat_mlnx"
| #define PACKAGE_TARNAME "compat_mlnx"
| #define PACKAGE_VERSION "2.3"
| #define PACKAGE_STRING "compat_mlnx 2.3"
| #define PACKAGE_BUGREPORT "http://support.mellanox.com/SupportWeb/service_center/SelfService"
| #define PACKAGE_URL ""
| #define PACKAGE "compat_mlnx"
| #define VERSION "2.3"
| #define STDC_HEADERS 1
| #define HAVE_SYS_TYPES_H 1
| #define HAVE_SYS_STAT_H 1
| #define HAVE_STDLIB_H 1
| #define HAVE_STRING_H 1
| #define HAVE_MEMORY_H 1
| #define HAVE_STRINGS_H 1
| #define HAVE_INTTYPES_H 1
| #define HAVE_STDINT_H 1
| #define HAVE_UNISTD_H 1
| #define SIZEOF_UNSIGNED_LONG_LONG 8
| /* end confdefs.h.  */
| 
| #include <linux/kernel.h>
| 
| 		#include <net/devlink.h>
| 
| int
| main (void)
| {
| 
| 		struct devlink_port dp;
| 		enum devlink_port_function_attr attr;
| 
| 		dp.rel_index = 2;
| 		attr = DEVLINK_PORT_FN_ATTR_DEVLINK;
| 
| 		return 0;
| 
|   ;
|   return 0;
| }
configure:12668: $? = 1
configure: failed program was:
configure:11605: result: no
| /* confdefs.h.  */
| /* confdefs.h */
| #define PACKAGE_NAME "compat_mlnx"
| #define PACKAGE_TARNAME "compat_mlnx"
| #define PACKAGE_VERSION "2.3"
| #define PACKAGE_STRING "compat_mlnx 2.3"
| #define PACKAGE_BUGREPORT "http://support.mellanox.com/SupportWeb/service_center/SelfService"
| #define PACKAGE_URL ""
| #define PACKAGE "compat_mlnx"
| #define VERSION "2.3"
| #define STDC_HEADERS 1
| #define HAVE_SYS_TYPES_H 1
| #define HAVE_SYS_STAT_H 1
| #define HAVE_STDLIB_H 1
| #define HAVE_STRING_H 1
| #define HAVE_MEMORY_H 1
| #define HAVE_STRINGS_H 1
| #define HAVE_INTTYPES_H 1
| #define HAVE_STDINT_H 1
| #define HAVE_UNISTD_H 1
| #define SIZEOF_UNSIGNED_LONG_LONG 8
| /* end confdefs.h.  */
| 
| #include <linux/kernel.h>
| 
| 		#include <net/devlink.h>
| 
| int
| main (void)
| {
| 
| 		devl_param_driverinit_value_get(NULL, 0, NULL);
| 
| 		return 0;
| 
|   ;
|   return 0;
| }
/home/lingbo11/zxm/rdma-kerndriver/compat/build/build_URUH5/conftest.c: In function ‘main’:
/home/lingbo11/zxm/rdma-kerndriver/compat/build/build_URUH5/conftest.c:32:3: error: too many arguments to function ‘devlink_alloc’
   32 |   devlink_alloc(NULL, 0, NULL);
      |   ^~~~~~~~~~~~~
In file included from /home/lingbo11/zxm/rdma-kerndriver/compat/build/build_URUH5/conftest.c:26:
include/net/devlink.h:779:17: note: declared here
  779 | struct devlink *devlink_alloc(const struct devlink_ops *ops, size_t priv_size);
      |                 ^~~~~~~~~~~~~
make[1]: *** [scripts/Makefile.build:270: /home/lingbo11/zxm/rdma-kerndriver/compat/build/build_URUH5/conftest.o] Error 1
make: *** [Makefile:1762: /home/lingbo11/zxm/rdma-kerndriver/compat/build/build_URUH5] Error 2
configure:12683: result: no
/home/lingbo11/zxm/rdma-kerndriver/compat/build/build_6xYaE/conftest.c: In function ‘main’:
/home/lingbo11/zxm/rdma-kerndriver/compat/build/build_6xYaE/conftest.c:32:3: error: too few arguments to function ‘devlink_resources_unregister’
   32 |   devlink_resources_unregister(NULL);
      |   ^~~~~~~~~~~~~~~~~~~~~~~~~~~~
In file included from /home/lingbo11/zxm/rdma-kerndriver/compat/build/build_6xYaE/conftest.c:26:
include/net/devlink.h:842:6: note: declared here
  842 | void devlink_resources_unregister(struct devlink *devlink,
      |      ^~~~~~~~~~~~~~~~~~~~~~~~~~~~
make[1]: *** [scripts/Makefile.build:270: /home/lingbo11/zxm/rdma-kerndriver/compat/build/build_6xYaE/conftest.o] Error 1
make: *** [Makefile:1762: /home/lingbo11/zxm/rdma-kerndriver/compat/build/build_6xYaE] Error 2
/home/lingbo11/zxm/rdma-kerndriver/compat/build/build_URUH5/conftest.c: In function ‘main’:
/home/lingbo11/zxm/rdma-kerndriver/compat/build/build_URUH5/conftest.c:32:3: error: too many arguments to function ‘devlink_alloc’
   32 |   devlink_alloc(NULL, 0, NULL);
      |   ^~~~~~~~~~~~~
In file included from /home/lingbo11/zxm/rdma-kerndriver/compat/build/build_URUH5/conftest.c:26:
include/net/devlink.h:779:17: note: declared here
  779 | struct devlink *devlink_alloc(const struct devlink_ops *ops, size_t priv_size);
      |                 ^~~~~~~~~~~~~
make[1]: *** [scripts/Makefile.build:270: /home/lingbo11/zxm/rdma-kerndriver/compat/build/build_URUH5/conftest.o] Error 1
make: *** [Makefile:1762: /home/lingbo11/zxm/rdma-kerndriver/compat/build/build_URUH5] Error 2
/home/lingbo11/zxm/rdma-kerndriver/compat/build/build_pPMCP/conftest.c: In function ‘main’:
/home/lingbo11/zxm/rdma-kerndriver/compat/build/build_pPMCP/conftest.c:32:10: error: variable ‘dl_port_ops’ has initializer but incomplete type
   32 |   struct devlink_port_ops dl_port_ops  = {
      |          ^~~~~~~~~~~~~~~~
/home/lingbo11/zxm/rdma-kerndriver/compat/build/build_pPMCP/conftest.c:33:5: error: ‘struct devlink_port_ops’ has no member named ‘port_fn_ipsec_crypto_get’
   33 |    .port_fn_ipsec_crypto_get = NULL,
      |     ^~~~~~~~~~~~~~~~~~~~~~~~
In file included from /usr/src/linux-headers-5.4.0-86-generic/include/uapi/linux/posix_types.h:5,
                 from include/uapi/linux/types.h:14,
                 from include/linux/types.h:6,
                 from include/linux/limits.h:6,
                 from include/linux/kernel.h:7,
                 from /home/lingbo11/zxm/rdma-kerndriver/compat/build/build_pPMCP/conftest.c:24:
include/linux/stddef.h:8:14: warning: excess elements in struct initializer
    8 | #define NULL ((void *)0)
      |              ^
/home/lingbo11/zxm/rdma-kerndriver/compat/build/build_pPMCP/conftest.c:33:32: note: in expansion of macro ‘NULL’
   33 |    .port_fn_ipsec_crypto_get = NULL,
      |                                ^~~~
include/linux/stddef.h:8:14: note: (near initialization for ‘dl_port_ops’)
    8 | #define NULL ((void *)0)
      |              ^
/home/lingbo11/zxm/rdma-kerndriver/compat/build/build_pPMCP/conftest.c:33:32: note: in expansion of macro ‘NULL’
   33 |    .port_fn_ipsec_crypto_get = NULL,
      |                                ^~~~
/home/lingbo11/zxm/rdma-kerndriver/compat/build/build_pPMCP/conftest.c:32:27: error: storage size of ‘dl_port_ops’ isn’t known
   32 |   struct devlink_port_ops dl_port_ops  = {
      |                           ^~~~~~~~~~~
make[1]: *** [scripts/Makefile.build:270: /home/lingbo11/zxm/rdma-kerndriver/compat/build/build_pPMCP/conftest.o] Error 1
make: *** [Makefile:1762: /home/lingbo11/zxm/rdma-kerndriver/compat/build/build_pPMCP] Error 2
/home/lingbo11/zxm/rdma-kerndriver/compat/build/build_Y9PD1/conftest.c: In function ‘main’:
/home/lingbo11/zxm/rdma-kerndriver/compat/build/build_Y9PD1/conftest.c:32:3: error: too few arguments to function ‘devlink_register’
   32 |   devlink_register(NULL);
      |   ^~~~~~~~~~~~~~~~
In file included from /home/lingbo11/zxm/rdma-kerndriver/compat/build/build_Y9PD1/conftest.c:26:
include/net/devlink.h:780:5: note: declared here
  780 | int devlink_register(struct devlink *devlink, struct device *dev);
      |     ^~~~~~~~~~~~~~~~
make[1]: *** [scripts/Makefile.build:270: /home/lingbo11/zxm/rdma-kerndriver/compat/build/build_Y9PD1/conftest.o] Error 1
make: *** [Makefile:1762: /home/lingbo11/zxm/rdma-kerndriver/compat/build/build_Y9PD1] Error 2
/home/lingbo11/zxm/rdma-kerndriver/compat/build/build_6xYaE/conftest.c: In function ‘main’:
/home/lingbo11/zxm/rdma-kerndriver/compat/build/build_6xYaE/conftest.c:32:3: error: too few arguments to function ‘devlink_resources_unregister’
   32 |   devlink_resources_unregister(NULL);
      |   ^~~~~~~~~~~~~~~~~~~~~~~~~~~~
In file included from /home/lingbo11/zxm/rdma-kerndriver/compat/build/build_6xYaE/conftest.c:26:
include/net/devlink.h:842:6: note: declared here
  842 | void devlink_resources_unregister(struct devlink *devlink,
      |      ^~~~~~~~~~~~~~~~~~~~~~~~~~~~
make[1]: *** [scripts/Makefile.build:270: /home/lingbo11/zxm/rdma-kerndriver/compat/build/build_6xYaE/conftest.o] Error 1
make: *** [Makefile:1762: /home/lingbo11/zxm/rdma-kerndriver/compat/build/build_6xYaE] Error 2
configure:14941: $? = 0
configure:14943: test -s /home/lingbo11/zxm/rdma-kerndriver/compat/build/build_URUH5/conftest.o
configure:14946: $? = 1
/home/lingbo11/zxm/rdma-kerndriver/compat/build/build_pPMCP/conftest.c: In function ‘main’:
/home/lingbo11/zxm/rdma-kerndriver/compat/build/build_pPMCP/conftest.c:32:10: error: variable ‘dl_port_ops’ has initializer but incomplete type
   32 |   struct devlink_port_ops dl_port_ops  = {
      |          ^~~~~~~~~~~~~~~~
/home/lingbo11/zxm/rdma-kerndriver/compat/build/build_pPMCP/conftest.c:33:5: error: ‘struct devlink_port_ops’ has no member named ‘port_fn_ipsec_crypto_get’
   33 |    .port_fn_ipsec_crypto_get = NULL,
      |     ^~~~~~~~~~~~~~~~~~~~~~~~
In file included from /usr/src/linux-headers-5.4.0-86-generic/include/uapi/linux/posix_types.h:5,
                 from include/uapi/linux/types.h:14,
                 from include/linux/types.h:6,
                 from include/linux/limits.h:6,
                 from include/linux/kernel.h:7,
                 from /home/lingbo11/zxm/rdma-kerndriver/compat/build/build_pPMCP/conftest.c:24:
include/linux/stddef.h:8:14: warning: excess elements in struct initializer
    8 | #define NULL ((void *)0)
      |              ^
/home/lingbo11/zxm/rdma-kerndriver/compat/build/build_pPMCP/conftest.c:33:32: note: in expansion of macro ‘NULL’
   33 |    .port_fn_ipsec_crypto_get = NULL,
      |                                ^~~~
include/linux/stddef.h:8:14: note: (near initialization for ‘dl_port_ops’)
    8 | #define NULL ((void *)0)
      |              ^
/home/lingbo11/zxm/rdma-kerndriver/compat/build/build_pPMCP/conftest.c:33:32: note: in expansion of macro ‘NULL’
   33 |    .port_fn_ipsec_crypto_get = NULL,
      |                                ^~~~
/home/lingbo11/zxm/rdma-kerndriver/compat/build/build_pPMCP/conftest.c:32:27: error: storage size of ‘dl_port_ops’ isn’t known
   32 |   struct devlink_port_ops dl_port_ops  = {
      |                           ^~~~~~~~~~~
make[1]: *** [scripts/Makefile.build:270: /home/lingbo11/zxm/rdma-kerndriver/compat/build/build_pPMCP/conftest.o] Error 1
make: *** [Makefile:1762: /home/lingbo11/zxm/rdma-kerndriver/compat/build/build_pPMCP] Error 2
configure: failed program was:
/home/lingbo11/zxm/rdma-kerndriver/compat/build/build_Y9PD1/conftest.c: In function ‘main’:
/home/lingbo11/zxm/rdma-kerndriver/compat/build/build_Y9PD1/conftest.c:32:3: error: too few arguments to function ‘devlink_register’
   32 |   devlink_register(NULL);
      |   ^~~~~~~~~~~~~~~~
In file included from /home/lingbo11/zxm/rdma-kerndriver/compat/build/build_Y9PD1/conftest.c:26:
include/net/devlink.h:780:5: note: declared here
  780 | int devlink_register(struct devlink *devlink, struct device *dev);
      |     ^~~~~~~~~~~~~~~~
make[1]: *** [scripts/Makefile.build:270: /home/lingbo11/zxm/rdma-kerndriver/compat/build/build_Y9PD1/conftest.o] Error 1
make: *** [Makefile:1762: /home/lingbo11/zxm/rdma-kerndriver/compat/build/build_Y9PD1] Error 2
| /* confdefs.h.  */
| /* confdefs.h */
| #define PACKAGE_NAME "compat_mlnx"
| #define PACKAGE_TARNAME "compat_mlnx"
| #define PACKAGE_VERSION "2.3"
| #define PACKAGE_STRING "compat_mlnx 2.3"
| #define PACKAGE_BUGREPORT "http://support.mellanox.com/SupportWeb/service_center/SelfService"
| #define PACKAGE_URL ""
| #define PACKAGE "compat_mlnx"
| #define VERSION "2.3"
| #define STDC_HEADERS 1
| #define HAVE_SYS_TYPES_H 1
| #define HAVE_SYS_STAT_H 1
| #define HAVE_STDLIB_H 1
| #define HAVE_STRING_H 1
| #define HAVE_MEMORY_H 1
| #define HAVE_STRINGS_H 1
| #define HAVE_INTTYPES_H 1
| #define HAVE_STDINT_H 1
| #define HAVE_UNISTD_H 1
| #define SIZEOF_UNSIGNED_LONG_LONG 8
| /* end confdefs.h.  */
| 
| #include <linux/kernel.h>
| 
| 		#include <net/devlink.h>
| 
| int
| main (void)
| {
| 
| 		devlink_alloc(NULL, 0, NULL);
| 
| 		return 0;
| 
|   ;
|   return 0;
| }
configure:14789: $? = 0
configure:14961: result: no
configure:14791: test -s /home/lingbo11/zxm/rdma-kerndriver/compat/build/build_6xYaE/conftest.o
configure:14794: $? = 1
configure: failed program was:
configure:11269: $? = 0
configure:11271: test -s /home/lingbo11/zxm/rdma-kerndriver/compat/build/build_pPMCP/conftest.o
configure:14029: $? = 0
configure:14031: test -s /home/lingbo11/zxm/rdma-kerndriver/compat/build/build_Y9PD1/conftest.o
configure:14034: $? = 1
configure:11274: $? = 1
configure: failed program was:
| /* confdefs.h.  */
| /* confdefs.h */
| #define PACKAGE_NAME "compat_mlnx"
| #define PACKAGE_TARNAME "compat_mlnx"
| #define PACKAGE_VERSION "2.3"
| #define PACKAGE_STRING "compat_mlnx 2.3"
| #define PACKAGE_BUGREPORT "http://support.mellanox.com/SupportWeb/service_center/SelfService"
| #define PACKAGE_URL ""
| #define PACKAGE "compat_mlnx"
| #define VERSION "2.3"
| #define STDC_HEADERS 1
| #define HAVE_SYS_TYPES_H 1
| #define HAVE_SYS_STAT_H 1
| #define HAVE_STDLIB_H 1
| #define HAVE_STRING_H 1
| #define HAVE_MEMORY_H 1
| #define HAVE_STRINGS_H 1
| #define HAVE_INTTYPES_H 1
| #define HAVE_STDINT_H 1
| #define HAVE_UNISTD_H 1
| #define SIZEOF_UNSIGNED_LONG_LONG 8
| /* end confdefs.h.  */
| 
| #include <linux/kernel.h>
| 
| 		#include <net/devlink.h>
| 
| int
| main (void)
| {
| 
| 		devlink_resources_unregister(NULL);
| 
| 		return 0;
| 
|   ;
|   return 0;
| }
configure: failed program was:
configure:14809: result: no
| /* confdefs.h.  */
| /* confdefs.h */
| #define PACKAGE_NAME "compat_mlnx"
| #define PACKAGE_TARNAME "compat_mlnx"
| #define PACKAGE_VERSION "2.3"
| #define PACKAGE_STRING "compat_mlnx 2.3"
| #define PACKAGE_BUGREPORT "http://support.mellanox.com/SupportWeb/service_center/SelfService"
| #define PACKAGE_URL ""
| #define PACKAGE "compat_mlnx"
| #define VERSION "2.3"
| #define STDC_HEADERS 1
| #define HAVE_SYS_TYPES_H 1
| #define HAVE_SYS_STAT_H 1
| #define HAVE_STDLIB_H 1
| #define HAVE_STRING_H 1
| #define HAVE_MEMORY_H 1
| #define HAVE_STRINGS_H 1
| #define HAVE_INTTYPES_H 1
| #define HAVE_STDINT_H 1
| #define HAVE_UNISTD_H 1
| #define SIZEOF_UNSIGNED_LONG_LONG 8
| /* end confdefs.h.  */
| 
| #include <linux/kernel.h>
| 
| 		#include <net/devlink.h>
| 
| int
| main (void)
| {
| 
| 		devlink_register(NULL);
| 
| 		return 0;
| 
|   ;
|   return 0;
| }
| /* confdefs.h.  */
| /* confdefs.h */
| #define PACKAGE_NAME "compat_mlnx"
| #define PACKAGE_TARNAME "compat_mlnx"
| #define PACKAGE_VERSION "2.3"
| #define PACKAGE_STRING "compat_mlnx 2.3"
| #define PACKAGE_BUGREPORT "http://support.mellanox.com/SupportWeb/service_center/SelfService"
| #define PACKAGE_URL ""
| #define PACKAGE "compat_mlnx"
| #define VERSION "2.3"
| #define STDC_HEADERS 1
| #define HAVE_SYS_TYPES_H 1
| #define HAVE_SYS_STAT_H 1
| #define HAVE_STDLIB_H 1
| #define HAVE_STRING_H 1
| #define HAVE_MEMORY_H 1
| #define HAVE_STRINGS_H 1
| #define HAVE_INTTYPES_H 1
| #define HAVE_STDINT_H 1
| #define HAVE_UNISTD_H 1
| #define SIZEOF_UNSIGNED_LONG_LONG 8
| /* end confdefs.h.  */
| 
| #include <linux/kernel.h>
| 
| 		#include <net/devlink.h>
| 
| int
| main (void)
| {
| 
| 		struct devlink_port_ops dl_port_ops  = {
| 			.port_fn_ipsec_crypto_get = NULL,
| 		};
| 
| 		return 0;
| 
|   ;
|   return 0;
| }
configure:14049: result: no
configure:11289: result: no
/home/lingbo11/zxm/rdma-kerndriver/compat/build/build_tDddD/conftest.c: In function ‘main’:
/home/lingbo11/zxm/rdma-kerndriver/compat/build/build_tDddD/conftest.c:32:3: error: implicit declaration of function ‘devlink_set_features’; did you mean ‘netif_skb_features’? [-Werror=implicit-function-declaration]
   32 |   devlink_set_features(NULL, 0);
      |   ^~~~~~~~~~~~~~~~~~~~
      |   netif_skb_features
cc1: some warnings being treated as errors
make[1]: *** [scripts/Makefile.build:270: /home/lingbo11/zxm/rdma-kerndriver/compat/build/build_tDddD/conftest.o] Error 1
make: *** [Makefile:1762: /home/lingbo11/zxm/rdma-kerndriver/compat/build/build_tDddD] Error 2
/home/lingbo11/zxm/rdma-kerndriver/compat/build/build_tDddD/conftest.c: In function ‘main’:
/home/lingbo11/zxm/rdma-kerndriver/compat/build/build_tDddD/conftest.c:32:3: error: implicit declaration of function ‘devlink_set_features’; did you mean ‘netif_skb_features’? [-Werror=implicit-function-declaration]
   32 |   devlink_set_features(NULL, 0);
      |   ^~~~~~~~~~~~~~~~~~~~
      |   netif_skb_features
cc1: some warnings being treated as errors
make[1]: *** [scripts/Makefile.build:270: /home/lingbo11/zxm/rdma-kerndriver/compat/build/build_tDddD/conftest.o] Error 1
make: *** [Makefile:1762: /home/lingbo11/zxm/rdma-kerndriver/compat/build/build_tDddD] Error 2
/home/lingbo11/zxm/rdma-kerndriver/compat/build/build_Xg61Q/conftest.c: In function ‘main’:
/home/lingbo11/zxm/rdma-kerndriver/compat/build/build_Xg61Q/conftest.c:32:3: error: implicit declaration of function ‘devl_port_register’; did you mean ‘devlink_port_register’? [-Werror=implicit-function-declaration]
   32 |   devl_port_register(NULL, NULL, 0);
      |   ^~~~~~~~~~~~~~~~~~
      |   devlink_port_register
cc1: some warnings being treated as errors
make[1]: *** [scripts/Makefile.build:270: /home/lingbo11/zxm/rdma-kerndriver/compat/build/build_Xg61Q/conftest.o] Error 1
make: *** [Makefile:1762: /home/lingbo11/zxm/rdma-kerndriver/compat/build/build_Xg61Q] Error 2
configure:13269: $? = 0
configure:13271: test -s /home/lingbo11/zxm/rdma-kerndriver/compat/build/build_tDddD/conftest.o
configure:13274: $? = 1
/home/lingbo11/zxm/rdma-kerndriver/compat/build/build_Xg61Q/conftest.c: In function ‘main’:
/home/lingbo11/zxm/rdma-kerndriver/compat/build/build_Xg61Q/conftest.c:32:3: error: implicit declaration of function ‘devl_port_register’; did you mean ‘devlink_port_register’? [-Werror=implicit-function-declaration]
   32 |   devl_port_register(NULL, NULL, 0);
      |   ^~~~~~~~~~~~~~~~~~
      |   devlink_port_register
cc1: some warnings being treated as errors
make[1]: *** [scripts/Makefile.build:270: /home/lingbo11/zxm/rdma-kerndriver/compat/build/build_Xg61Q/conftest.o] Error 1
make: *** [Makefile:1762: /home/lingbo11/zxm/rdma-kerndriver/compat/build/build_Xg61Q] Error 2
configure: failed program was:
| /* confdefs.h.  */
| /* confdefs.h */
| #define PACKAGE_NAME "compat_mlnx"
| #define PACKAGE_TARNAME "compat_mlnx"
| #define PACKAGE_VERSION "2.3"
| #define PACKAGE_STRING "compat_mlnx 2.3"
| #define PACKAGE_BUGREPORT "http://support.mellanox.com/SupportWeb/service_center/SelfService"
| #define PACKAGE_URL ""
| #define PACKAGE "compat_mlnx"
| #define VERSION "2.3"
| #define STDC_HEADERS 1
| #define HAVE_SYS_TYPES_H 1
| #define HAVE_SYS_STAT_H 1
| #define HAVE_STDLIB_H 1
| #define HAVE_STRING_H 1
| #define HAVE_MEMORY_H 1
| #define HAVE_STRINGS_H 1
| #define HAVE_INTTYPES_H 1
| #define HAVE_STDINT_H 1
| #define HAVE_UNISTD_H 1
| #define SIZEOF_UNSIGNED_LONG_LONG 8
| /* end confdefs.h.  */
| 
| #include <linux/kernel.h>
| 
| 		#include <net/devlink.h>
| 
| int
| main (void)
| {
| 
| 		devlink_set_features(NULL, 0);
| 
| 		return 0;
| 
|   ;
|   return 0;
| }
configure:13289: result: no
/home/lingbo11/zxm/rdma-kerndriver/compat/build/build_Dqxvg/conftest.c: In function ‘main’:
/home/lingbo11/zxm/rdma-kerndriver/compat/build/build_Dqxvg/conftest.c:32:3: error: implicit declaration of function ‘devl_resources_unregister’; did you mean ‘devlink_resources_unregister’? [-Werror=implicit-function-declaration]
   32 |   devl_resources_unregister(NULL);
      |   ^~~~~~~~~~~~~~~~~~~~~~~~~
      |   devlink_resources_unregister
cc1: some warnings being treated as errors
make[1]: *** [scripts/Makefile.build:270: /home/lingbo11/zxm/rdma-kerndriver/compat/build/build_Dqxvg/conftest.o] Error 1
make: *** [Makefile:1762: /home/lingbo11/zxm/rdma-kerndriver/compat/build/build_Dqxvg] Error 2
configure:13573: $? = 0
configure:13575: test -s /home/lingbo11/zxm/rdma-kerndriver/compat/build/build_Xg61Q/conftest.o
configure:13578: $? = 1
configure: failed program was:
/home/lingbo11/zxm/rdma-kerndriver/compat/build/build_Dqxvg/conftest.c: In function ‘main’:
/home/lingbo11/zxm/rdma-kerndriver/compat/build/build_Dqxvg/conftest.c:32:3: error: implicit declaration of function ‘devl_resources_unregister’; did you mean ‘devlink_resources_unregister’? [-Werror=implicit-function-declaration]
   32 |   devl_resources_unregister(NULL);
      |   ^~~~~~~~~~~~~~~~~~~~~~~~~
      |   devlink_resources_unregister
cc1: some warnings being treated as errors
make[1]: *** [scripts/Makefile.build:270: /home/lingbo11/zxm/rdma-kerndriver/compat/build/build_Dqxvg/conftest.o] Error 1
make: *** [Makefile:1762: /home/lingbo11/zxm/rdma-kerndriver/compat/build/build_Dqxvg] Error 2
| /* confdefs.h.  */
| /* confdefs.h */
| #define PACKAGE_NAME "compat_mlnx"
| #define PACKAGE_TARNAME "compat_mlnx"
| #define PACKAGE_VERSION "2.3"
| #define PACKAGE_STRING "compat_mlnx 2.3"
| #define PACKAGE_BUGREPORT "http://support.mellanox.com/SupportWeb/service_center/SelfService"
| #define PACKAGE_URL ""
| #define PACKAGE "compat_mlnx"
| #define VERSION "2.3"
| #define STDC_HEADERS 1
| #define HAVE_SYS_TYPES_H 1
| #define HAVE_SYS_STAT_H 1
| #define HAVE_STDLIB_H 1
| #define HAVE_STRING_H 1
| #define HAVE_MEMORY_H 1
| #define HAVE_STRINGS_H 1
| #define HAVE_INTTYPES_H 1
| #define HAVE_STDINT_H 1
| #define HAVE_UNISTD_H 1
| #define SIZEOF_UNSIGNED_LONG_LONG 8
| /* end confdefs.h.  */
| 
| #include <linux/kernel.h>
| 
| 		#include <net/devlink.h>
| 
| int
| main (void)
| {
| 
| 		devl_port_register(NULL, NULL, 0);
| 
| 		return 0;
| 
|   ;
|   return 0;
| }
/home/lingbo11/zxm/rdma-kerndriver/compat/build/build_5p50m/conftest.c: In function ‘main’:
/home/lingbo11/zxm/rdma-kerndriver/compat/build/build_5p50m/conftest.c:32:3: error: implicit declaration of function ‘devl_health_reporter_create’; did you mean ‘devlink_health_reporter_create’? [-Werror=implicit-function-declaration]
   32 |   devl_health_reporter_create(NULL, NULL, 0, NULL);
      |   ^~~~~~~~~~~~~~~~~~~~~~~~~~~
      |   devlink_health_reporter_create
cc1: some warnings being treated as errors
make[1]: *** [scripts/Makefile.build:270: /home/lingbo11/zxm/rdma-kerndriver/compat/build/build_5p50m/conftest.o] Error 1
make: *** [Makefile:1762: /home/lingbo11/zxm/rdma-kerndriver/compat/build/build_5p50m] Error 2
configure:13593: result: no
/home/lingbo11/zxm/rdma-kerndriver/compat/build/build_5p50m/conftest.c: In function ‘main’:
/home/lingbo11/zxm/rdma-kerndriver/compat/build/build_5p50m/conftest.c:32:3: error: implicit declaration of function ‘devl_health_reporter_create’; did you mean ‘devlink_health_reporter_create’? [-Werror=implicit-function-declaration]
   32 |   devl_health_reporter_create(NULL, NULL, 0, NULL);
      |   ^~~~~~~~~~~~~~~~~~~~~~~~~~~
      |   devlink_health_reporter_create
cc1: some warnings being treated as errors
make[1]: *** [scripts/Makefile.build:270: /home/lingbo11/zxm/rdma-kerndriver/compat/build/build_5p50m/conftest.o] Error 1
make: *** [Makefile:1762: /home/lingbo11/zxm/rdma-kerndriver/compat/build/build_5p50m] Error 2
configure:14485: $? = 0
configure:14487: test -s /home/lingbo11/zxm/rdma-kerndriver/compat/build/build_Dqxvg/conftest.o
configure:14490: $? = 1
configure: failed program was:
| /* confdefs.h.  */
| /* confdefs.h */
| #define PACKAGE_NAME "compat_mlnx"
| #define PACKAGE_TARNAME "compat_mlnx"
| #define PACKAGE_VERSION "2.3"
| #define PACKAGE_STRING "compat_mlnx 2.3"
| #define PACKAGE_BUGREPORT "http://support.mellanox.com/SupportWeb/service_center/SelfService"
| #define PACKAGE_URL ""
| #define PACKAGE "compat_mlnx"
| #define VERSION "2.3"
| #define STDC_HEADERS 1
| #define HAVE_SYS_TYPES_H 1
| #define HAVE_SYS_STAT_H 1
| #define HAVE_STDLIB_H 1
| #define HAVE_STRING_H 1
| #define HAVE_MEMORY_H 1
| #define HAVE_STRINGS_H 1
| #define HAVE_INTTYPES_H 1
| #define HAVE_STDINT_H 1
| #define HAVE_UNISTD_H 1
| #define SIZEOF_UNSIGNED_LONG_LONG 8
| /* end confdefs.h.  */
| 
| #include <linux/kernel.h>
| 
| 		#include <net/devlink.h>
| 
| int
| main (void)
| {
| 
| 		devl_resources_unregister(NULL);
| 
| 		return 0;
| 
|   ;
|   return 0;
| }
configure:12965: $? = 0
configure:12967: test -s /home/lingbo11/zxm/rdma-kerndriver/compat/build/build_5p50m/conftest.o
configure:14505: result: no
configure:12970: $? = 1
configure: failed program was:
| /* confdefs.h.  */
| /* confdefs.h */
| #define PACKAGE_NAME "compat_mlnx"
| #define PACKAGE_TARNAME "compat_mlnx"
| #define PACKAGE_VERSION "2.3"
| #define PACKAGE_STRING "compat_mlnx 2.3"
| #define PACKAGE_BUGREPORT "http://support.mellanox.com/SupportWeb/service_center/SelfService"
| #define PACKAGE_URL ""
| #define PACKAGE "compat_mlnx"
| #define VERSION "2.3"
| #define STDC_HEADERS 1
| #define HAVE_SYS_TYPES_H 1
| #define HAVE_SYS_STAT_H 1
| #define HAVE_STDLIB_H 1
| #define HAVE_STRING_H 1
| #define HAVE_MEMORY_H 1
| #define HAVE_STRINGS_H 1
| #define HAVE_INTTYPES_H 1
| #define HAVE_STDINT_H 1
| #define HAVE_UNISTD_H 1
| #define SIZEOF_UNSIGNED_LONG_LONG 8
| /* end confdefs.h.  */
| 
| #include <linux/kernel.h>
| 
| 		#include <net/devlink.h>
| 
| int
| main (void)
| {
| 
| 		devl_health_reporter_create(NULL, NULL, 0, NULL);
| 
| 		return 0;
| 
|   ;
|   return 0;
| }
configure:12985: result: no
/home/lingbo11/zxm/rdma-kerndriver/compat/build/build_BOt6H/conftest.c: In function ‘main’:
/home/lingbo11/zxm/rdma-kerndriver/compat/build/build_BOt6H/conftest.c:32:3: error: implicit declaration of function ‘devlink_to_dev’; did you mean ‘devlink_free’? [-Werror=implicit-function-declaration]
   32 |   devlink_to_dev(NULL);
      |   ^~~~~~~~~~~~~~
      |   devlink_free
cc1: some warnings being treated as errors
make[1]: *** [scripts/Makefile.build:270: /home/lingbo11/zxm/rdma-kerndriver/compat/build/build_BOt6H/conftest.o] Error 1
make: *** [Makefile:1762: /home/lingbo11/zxm/rdma-kerndriver/compat/build/build_BOt6H] Error 2
/home/lingbo11/zxm/rdma-kerndriver/compat/build/build_BOt6H/conftest.c: In function ‘main’:
/home/lingbo11/zxm/rdma-kerndriver/compat/build/build_BOt6H/conftest.c:32:3: error: implicit declaration of function ‘devlink_to_dev’; did you mean ‘devlink_free’? [-Werror=implicit-function-declaration]
   32 |   devlink_to_dev(NULL);
      |   ^~~~~~~~~~~~~~
      |   devlink_free
cc1: some warnings being treated as errors
make[1]: *** [scripts/Makefile.build:270: /home/lingbo11/zxm/rdma-kerndriver/compat/build/build_BOt6H/conftest.o] Error 1
make: *** [Makefile:1762: /home/lingbo11/zxm/rdma-kerndriver/compat/build/build_BOt6H] Error 2
/home/lingbo11/zxm/rdma-kerndriver/compat/build/build_GkAmi/conftest.c: In function ‘main’:
/home/lingbo11/zxm/rdma-kerndriver/compat/build/build_GkAmi/conftest.c:32:3: error: implicit declaration of function ‘devl_trap_groups_register’; did you mean ‘devlink_traps_register’? [-Werror=implicit-function-declaration]
   32 |   devl_trap_groups_register(NULL, NULL, 0);
      |   ^~~~~~~~~~~~~~~~~~~~~~~~~
      |   devlink_traps_register
cc1: some warnings being treated as errors
make[1]: *** [scripts/Makefile.build:270: /home/lingbo11/zxm/rdma-kerndriver/compat/build/build_GkAmi/conftest.o] Error 1
make: *** [Makefile:1762: /home/lingbo11/zxm/rdma-kerndriver/compat/build/build_GkAmi] Error 2
configure:13421: $? = 0
configure:13423: test -s /home/lingbo11/zxm/rdma-kerndriver/compat/build/build_BOt6H/conftest.o
configure:13426: $? = 1
configure: failed program was:
/home/lingbo11/zxm/rdma-kerndriver/compat/build/build_GkAmi/conftest.c: In function ‘main’:
/home/lingbo11/zxm/rdma-kerndriver/compat/build/build_GkAmi/conftest.c:32:3: error: implicit declaration of function ‘devl_trap_groups_register’; did you mean ‘devlink_traps_register’? [-Werror=implicit-function-declaration]
   32 |   devl_trap_groups_register(NULL, NULL, 0);
      |   ^~~~~~~~~~~~~~~~~~~~~~~~~
      |   devlink_traps_register
cc1: some warnings being treated as errors
make[1]: *** [scripts/Makefile.build:270: /home/lingbo11/zxm/rdma-kerndriver/compat/build/build_GkAmi/conftest.o] Error 1
make: *** [Makefile:1762: /home/lingbo11/zxm/rdma-kerndriver/compat/build/build_GkAmi] Error 2
| /* confdefs.h.  */
| /* confdefs.h */
| #define PACKAGE_NAME "compat_mlnx"
| #define PACKAGE_TARNAME "compat_mlnx"
| #define PACKAGE_VERSION "2.3"
| #define PACKAGE_STRING "compat_mlnx 2.3"
| #define PACKAGE_BUGREPORT "http://support.mellanox.com/SupportWeb/service_center/SelfService"
| #define PACKAGE_URL ""
| #define PACKAGE "compat_mlnx"
| #define VERSION "2.3"
| #define STDC_HEADERS 1
| #define HAVE_SYS_TYPES_H 1
| #define HAVE_SYS_STAT_H 1
| #define HAVE_STDLIB_H 1
| #define HAVE_STRING_H 1
| #define HAVE_MEMORY_H 1
| #define HAVE_STRINGS_H 1
| #define HAVE_INTTYPES_H 1
| #define HAVE_STDINT_H 1
| #define HAVE_UNISTD_H 1
| #define SIZEOF_UNSIGNED_LONG_LONG 8
| /* end confdefs.h.  */
| 
| #include <linux/kernel.h>
| 
| 		#include <net/devlink.h>
| 
| int
| main (void)
| {
| 
| 		devlink_to_dev(NULL);
| 
| 		return 0;
| 
|   ;
|   return 0;
| }
configure:13441: result: no
configure:13725: $? = 0
configure:13727: test -s /home/lingbo11/zxm/rdma-kerndriver/compat/build/build_GkAmi/conftest.o
configure:13730: $? = 1
configure: failed program was:
| /* confdefs.h.  */
| /* confdefs.h */
| #define PACKAGE_NAME "compat_mlnx"
| #define PACKAGE_TARNAME "compat_mlnx"
| #define PACKAGE_VERSION "2.3"
| #define PACKAGE_STRING "compat_mlnx 2.3"
| #define PACKAGE_BUGREPORT "http://support.mellanox.com/SupportWeb/service_center/SelfService"
| #define PACKAGE_URL ""
| #define PACKAGE "compat_mlnx"
| #define VERSION "2.3"
| #define STDC_HEADERS 1
| #define HAVE_SYS_TYPES_H 1
| #define HAVE_SYS_STAT_H 1
| #define HAVE_STDLIB_H 1
| #define HAVE_STRING_H 1
| #define HAVE_MEMORY_H 1
| #define HAVE_STRINGS_H 1
| #define HAVE_INTTYPES_H 1
| #define HAVE_STDINT_H 1
| #define HAVE_UNISTD_H 1
| #define SIZEOF_UNSIGNED_LONG_LONG 8
| /* end confdefs.h.  */
| 
| #include <linux/kernel.h>
| 
| 		#include <net/devlink.h>
| 
| int
| main (void)
| {
| 
| 		devl_trap_groups_register(NULL, NULL, 0);
| 
| 		return 0;
| 
|   ;
|   return 0;
| }
configure:13745: result: no
WARNING: modpost: missing MODULE_LICENSE() in /home/lingbo11/zxm/rdma-kerndriver/compat/build/build_hPhdt/conftest.o
see include/linux/module.h for more information
configure:10961: $? = 0
configure:10963: test -s /home/lingbo11/zxm/rdma-kerndriver/compat/build/build_hPhdt/conftest.o
configure:10966: $? = 0
configure:10969: result: yes
WARNING: modpost: missing MODULE_LICENSE() in /home/lingbo11/zxm/rdma-kerndriver/compat/build/build_VVFyC/conftest.o
see include/linux/module.h for more information
WARNING: modpost: missing MODULE_LICENSE() in /home/lingbo11/zxm/rdma-kerndriver/compat/build/build_lGm9m/conftest.o
see include/linux/module.h for more information
configure:15547: $? = 0
configure:15549: test -s /home/lingbo11/zxm/rdma-kerndriver/compat/build/build_VVFyC/conftest.o
WARNING: modpost: missing MODULE_LICENSE() in /home/lingbo11/zxm/rdma-kerndriver/compat/build/build_1VuVA/conftest.o
see include/linux/module.h for more information
configure:15552: $? = 0
configure:15555: result: yes
configure:11113: $? = 0
configure:11115: test -s /home/lingbo11/zxm/rdma-kerndriver/compat/build/build_lGm9m/conftest.o
configure:11118: $? = 0
configure:11121: result: yes
configure:12359: $? = 0
configure:12361: test -s /home/lingbo11/zxm/rdma-kerndriver/compat/build/build_1VuVA/conftest.o
configure:12364: $? = 0
configure:12367: result: yes
WARNING: modpost: missing MODULE_LICENSE() in /home/lingbo11/zxm/rdma-kerndriver/compat/build/build_jD1oj/conftest.o
see include/linux/module.h for more information
configure:13117: $? = 0
configure:13119: test -s /home/lingbo11/zxm/rdma-kerndriver/compat/build/build_jD1oj/conftest.o
configure:13122: $? = 0
configure:13125: result: yes
/home/lingbo11/zxm/rdma-kerndriver/compat/build/build_bBKgr/conftest.c: In function ‘main’:
/home/lingbo11/zxm/rdma-kerndriver/compat/build/build_bBKgr/conftest.c:32:39: warning: passing argument 2 of ‘devlink_port_attrs_pci_vf_set’ makes pointer from integer without a cast [-Wint-conversion]
   32 |   devlink_port_attrs_pci_vf_set(NULL, 1, 0, 0, 0);
      |                                       ^
      |                                       |
      |                                       int
In file included from /home/lingbo11/zxm/rdma-kerndriver/compat/build/build_bBKgr/conftest.c:26:
include/net/devlink.h:804:29: note: expected ‘const unsigned char *’ but argument is of type ‘int’
  804 |        const unsigned char *switch_id,
      |        ~~~~~~~~~~~~~~~~~~~~~^~~~~~~~~
WARNING: modpost: missing MODULE_LICENSE() in /home/lingbo11/zxm/rdma-kerndriver/compat/build/build_bBKgr/conftest.o
see include/linux/module.h for more information
warning_filter.sh: treating warnings as errors!
/home/lingbo11/zxm/rdma-kerndriver/compat/build/build_bBKgr/conftest.c:32:39: warning: passing argument 2 of ‘devlink_port_attrs_pci_vf_set’ makes pointer from integer without a cast [-Wint-conversion]
include/net/devlink.h:804:29: note: expected ‘const unsigned char *’ but argument is of type ‘int’
configure:15697: $? = 1
configure: failed program was:
| /* confdefs.h.  */
| /* confdefs.h */
| #define PACKAGE_NAME "compat_mlnx"
| #define PACKAGE_TARNAME "compat_mlnx"
| #define PACKAGE_VERSION "2.3"
| #define PACKAGE_STRING "compat_mlnx 2.3"
| #define PACKAGE_BUGREPORT "http://support.mellanox.com/SupportWeb/service_center/SelfService"
| #define PACKAGE_URL ""
| #define PACKAGE "compat_mlnx"
| #define VERSION "2.3"
| #define STDC_HEADERS 1
| #define HAVE_SYS_TYPES_H 1
| #define HAVE_SYS_STAT_H 1
| #define HAVE_STDLIB_H 1
| #define HAVE_STRING_H 1
| #define HAVE_MEMORY_H 1
| #define HAVE_STRINGS_H 1
| #define HAVE_INTTYPES_H 1
| #define HAVE_STDINT_H 1
| #define HAVE_UNISTD_H 1
| #define SIZEOF_UNSIGNED_LONG_LONG 8
| /* end confdefs.h.  */
| 
| #include <linux/kernel.h>
| 
| 		#include <net/devlink.h>
| 
| int
| main (void)
| {
| 
| 		devlink_port_attrs_pci_vf_set(NULL, 1, 0, 0, 0);
| 		return 0;
| 
|   ;
|   return 0;
| }
configure:15717: result: no
WARNING: modpost: missing MODULE_LICENSE() in /home/lingbo11/zxm/rdma-kerndriver/compat/build/build_RpvYL/conftest.o
see include/linux/module.h for more information
configure:14637: $? = 0
configure:14639: test -s /home/lingbo11/zxm/rdma-kerndriver/compat/build/build_RpvYL/conftest.o
configure:14642: $? = 0
configure:14645: result: yes
configure:15880: checking if devlink.h has devlink_fmsg_binary_pair_nest_start
configure:16032: checking if devlink has devlink_flash_update_status_notify
configure:16182: checking if devlink has devlink_flash_update_end_notify
configure:16332: checking if devlink has devlink_port_type_eth_set
configure:16482: checking if devlink has devlink_health_reporter_state_update
configure:16632: checking if devlink_health_reporter_ops.recover has extack parameter
configure:16796: checking if struct devlink_param set function pointer has extack parameter
configure:15846: env CROSS_COMPILE= make -d modules LD=ld CC=gcc -f /home/lingbo11/zxm/rdma-kerndriver/compat/build/build_wckdJ/Makefile MLNX_LINUX_CONFIG=/usr/src/linux-headers-5.4.0-86-generic/include/config/auto.conf LINUXINCLUDE=-include generated/autoconf.h -I/usr/src/linux-headers-5.4.0-86-generic/arch/x86/include/mach-xen -D__XEN_INTERFACE_VERSION__= -I/usr/src/linux-headers-5.4.0-86-generic/arch/x86/include -Iarch/x86/include/generated -Iinclude -I/usr/src/linux-headers-5.4.0-86-generic/arch/x86/include/uapi -Iarch/x86/include/generated/uapi -I/usr/src/linux-headers-5.4.0-86-generic/include -I/usr/src/linux-headers-5.4.0-86-generic/include/uapi -Iinclude/generated/uapi -I/usr/src/linux-headers-5.4.0-86-generic/arch/x86/include -Iarch/x86/include/generated -I/usr/src/linux-headers-5.4.0-86-generic/arch/x86/include -I/usr/src/linux-headers-5.4.0-86-generic/arch/x86/include/generated -I/usr/src/linux-headers-5.4.0-86-generic/include -I/usr/src/linux-headers-5.4.0-86-generic/include -I/usr/src/linux-headers-5.4.0-86-generic/include2 -include /usr/src/linux-headers-5.4.0-86-generic/include/linux/kconfig.h -o tmp_include_depends -o scripts -o include/config/MARKER -C /usr/src/linux-headers-5.4.0-86-generic EXTRA_CFLAGS=-Werror-implicit-function-declaration -Wno-unused-variable -Wno-uninitialized  CROSS_COMPILE= M=/home/lingbo11/zxm/rdma-kerndriver/compat/build/build_wckdJ >/dev/null 2>/home/lingbo11/zxm/rdma-kerndriver/compat/build/build_wckdJ/output.log; [ 0 -ne 0 ] && cat /home/lingbo11/zxm/rdma-kerndriver/compat/build/build_wckdJ/output.log 1>&2 && false || config/warning_filter.sh /home/lingbo11/zxm/rdma-kerndriver/compat/build/build_wckdJ/output.log
configure:16956: checking if devlink has devlink_param_driverinit_value_get
configure:15998: env CROSS_COMPILE= make -d modules LD=ld CC=gcc -f /home/lingbo11/zxm/rdma-kerndriver/compat/build/build_5BjWV/Makefile MLNX_LINUX_CONFIG=/usr/src/linux-headers-5.4.0-86-generic/include/config/auto.conf LINUXINCLUDE=-include generated/autoconf.h -I/usr/src/linux-headers-5.4.0-86-generic/arch/x86/include/mach-xen -D__XEN_INTERFACE_VERSION__= -I/usr/src/linux-headers-5.4.0-86-generic/arch/x86/include -Iarch/x86/include/generated -Iinclude -I/usr/src/linux-headers-5.4.0-86-generic/arch/x86/include/uapi -Iarch/x86/include/generated/uapi -I/usr/src/linux-headers-5.4.0-86-generic/include -I/usr/src/linux-headers-5.4.0-86-generic/include/uapi -Iinclude/generated/uapi -I/usr/src/linux-headers-5.4.0-86-generic/arch/x86/include -Iarch/x86/include/generated -I/usr/src/linux-headers-5.4.0-86-generic/arch/x86/include -I/usr/src/linux-headers-5.4.0-86-generic/arch/x86/include/generated -I/usr/src/linux-headers-5.4.0-86-generic/include -I/usr/src/linux-headers-5.4.0-86-generic/include -I/usr/src/linux-headers-5.4.0-86-generic/include2 -include /usr/src/linux-headers-5.4.0-86-generic/include/linux/kconfig.h -o tmp_include_depends -o scripts -o include/config/MARKER -C /usr/src/linux-headers-5.4.0-86-generic EXTRA_CFLAGS=-Werror-implicit-function-declaration -Wno-unused-variable -Wno-uninitialized  CROSS_COMPILE= M=/home/lingbo11/zxm/rdma-kerndriver/compat/build/build_5BjWV >/dev/null 2>/home/lingbo11/zxm/rdma-kerndriver/compat/build/build_5BjWV/output.log; [ 0 -ne 0 ] && cat /home/lingbo11/zxm/rdma-kerndriver/compat/build/build_5BjWV/output.log 1>&2 && false || config/warning_filter.sh /home/lingbo11/zxm/rdma-kerndriver/compat/build/build_5BjWV/output.log
configure:17106: checking if devlink enum has DEVLINK_PARAM_GENERIC_ID_IO_EQ_SIZE
configure:16148: env CROSS_COMPILE= make -d modules LD=ld CC=gcc -f /home/lingbo11/zxm/rdma-kerndriver/compat/build/build_LmwK7/Makefile MLNX_LINUX_CONFIG=/usr/src/linux-headers-5.4.0-86-generic/include/config/auto.conf LINUXINCLUDE=-include generated/autoconf.h -I/usr/src/linux-headers-5.4.0-86-generic/arch/x86/include/mach-xen -D__XEN_INTERFACE_VERSION__= -I/usr/src/linux-headers-5.4.0-86-generic/arch/x86/include -Iarch/x86/include/generated -Iinclude -I/usr/src/linux-headers-5.4.0-86-generic/arch/x86/include/uapi -Iarch/x86/include/generated/uapi -I/usr/src/linux-headers-5.4.0-86-generic/include -I/usr/src/linux-headers-5.4.0-86-generic/include/uapi -Iinclude/generated/uapi -I/usr/src/linux-headers-5.4.0-86-generic/arch/x86/include -Iarch/x86/include/generated -I/usr/src/linux-headers-5.4.0-86-generic/arch/x86/include -I/usr/src/linux-headers-5.4.0-86-generic/arch/x86/include/generated -I/usr/src/linux-headers-5.4.0-86-generic/include -I/usr/src/linux-headers-5.4.0-86-generic/include -I/usr/src/linux-headers-5.4.0-86-generic/include2 -include /usr/src/linux-headers-5.4.0-86-generic/include/linux/kconfig.h -o tmp_include_depends -o scripts -o include/config/MARKER -C /usr/src/linux-headers-5.4.0-86-generic EXTRA_CFLAGS=-Werror-implicit-function-declaration -Wno-unused-variable -Wno-uninitialized  CROSS_COMPILE= M=/home/lingbo11/zxm/rdma-kerndriver/compat/build/build_LmwK7 >/dev/null 2>/home/lingbo11/zxm/rdma-kerndriver/compat/build/build_LmwK7/output.log; [ 0 -ne 0 ] && cat /home/lingbo11/zxm/rdma-kerndriver/compat/build/build_LmwK7/output.log 1>&2 && false || config/warning_filter.sh /home/lingbo11/zxm/rdma-kerndriver/compat/build/build_LmwK7/output.log
configure:17256: checking if devlink enum has HAVE_DEVLINK_PARAM_GENERIC_ID_ENABLE_ETH
configure:17406: checking if devlink struct devlink_port_new_attrs exist
configure:16298: env CROSS_COMPILE= make -d modules LD=ld CC=gcc -f /home/lingbo11/zxm/rdma-kerndriver/compat/build/build_jrcGV/Makefile MLNX_LINUX_CONFIG=/usr/src/linux-headers-5.4.0-86-generic/include/config/auto.conf LINUXINCLUDE=-include generated/autoconf.h -I/usr/src/linux-headers-5.4.0-86-generic/arch/x86/include/mach-xen -D__XEN_INTERFACE_VERSION__= -I/usr/src/linux-headers-5.4.0-86-generic/arch/x86/include -Iarch/x86/include/generated -Iinclude -I/usr/src/linux-headers-5.4.0-86-generic/arch/x86/include/uapi -Iarch/x86/include/generated/uapi -I/usr/src/linux-headers-5.4.0-86-generic/include -I/usr/src/linux-headers-5.4.0-86-generic/include/uapi -Iinclude/generated/uapi -I/usr/src/linux-headers-5.4.0-86-generic/arch/x86/include -Iarch/x86/include/generated -I/usr/src/linux-headers-5.4.0-86-generic/arch/x86/include -I/usr/src/linux-headers-5.4.0-86-generic/arch/x86/include/generated -I/usr/src/linux-headers-5.4.0-86-generic/include -I/usr/src/linux-headers-5.4.0-86-generic/include -I/usr/src/linux-headers-5.4.0-86-generic/include2 -include /usr/src/linux-headers-5.4.0-86-generic/include/linux/kconfig.h -o tmp_include_depends -o scripts -o include/config/MARKER -C /usr/src/linux-headers-5.4.0-86-generic EXTRA_CFLAGS=-Werror-implicit-function-declaration -Wno-unused-variable -Wno-uninitialized  CROSS_COMPILE= M=/home/lingbo11/zxm/rdma-kerndriver/compat/build/build_jrcGV >/dev/null 2>/home/lingbo11/zxm/rdma-kerndriver/compat/build/build_jrcGV/output.log; [ 0 -ne 0 ] && cat /home/lingbo11/zxm/rdma-kerndriver/compat/build/build_jrcGV/output.log 1>&2 && false || config/warning_filter.sh /home/lingbo11/zxm/rdma-kerndriver/compat/build/build_jrcGV/output.log
configure:16448: env CROSS_COMPILE= make -d modules LD=ld CC=gcc -f /home/lingbo11/zxm/rdma-kerndriver/compat/build/build_wTskG/Makefile MLNX_LINUX_CONFIG=/usr/src/linux-headers-5.4.0-86-generic/include/config/auto.conf LINUXINCLUDE=-include generated/autoconf.h -I/usr/src/linux-headers-5.4.0-86-generic/arch/x86/include/mach-xen -D__XEN_INTERFACE_VERSION__= -I/usr/src/linux-headers-5.4.0-86-generic/arch/x86/include -Iarch/x86/include/generated -Iinclude -I/usr/src/linux-headers-5.4.0-86-generic/arch/x86/include/uapi -Iarch/x86/include/generated/uapi -I/usr/src/linux-headers-5.4.0-86-generic/include -I/usr/src/linux-headers-5.4.0-86-generic/include/uapi -Iinclude/generated/uapi -I/usr/src/linux-headers-5.4.0-86-generic/arch/x86/include -Iarch/x86/include/generated -I/usr/src/linux-headers-5.4.0-86-generic/arch/x86/include -I/usr/src/linux-headers-5.4.0-86-generic/arch/x86/include/generated -I/usr/src/linux-headers-5.4.0-86-generic/include -I/usr/src/linux-headers-5.4.0-86-generic/include -I/usr/src/linux-headers-5.4.0-86-generic/include2 -include /usr/src/linux-headers-5.4.0-86-generic/include/linux/kconfig.h -o tmp_include_depends -o scripts -o include/config/MARKER -C /usr/src/linux-headers-5.4.0-86-generic EXTRA_CFLAGS=-Werror-implicit-function-declaration -Wno-unused-variable -Wno-uninitialized  CROSS_COMPILE= M=/home/lingbo11/zxm/rdma-kerndriver/compat/build/build_wTskG >/dev/null 2>/home/lingbo11/zxm/rdma-kerndriver/compat/build/build_wTskG/output.log; [ 0 -ne 0 ] && cat /home/lingbo11/zxm/rdma-kerndriver/compat/build/build_wTskG/output.log 1>&2 && false || config/warning_filter.sh /home/lingbo11/zxm/rdma-kerndriver/compat/build/build_wTskG/output.log
configure:17556: checking if devlink_port_attrs_set has 7 parameters
configure:17706: checking if devlink_port_attrs_set has 5 parameters
configure:16598: env CROSS_COMPILE= make -d modules LD=ld CC=gcc -f /home/lingbo11/zxm/rdma-kerndriver/compat/build/build_q5npz/Makefile MLNX_LINUX_CONFIG=/usr/src/linux-headers-5.4.0-86-generic/include/config/auto.conf LINUXINCLUDE=-include generated/autoconf.h -I/usr/src/linux-headers-5.4.0-86-generic/arch/x86/include/mach-xen -D__XEN_INTERFACE_VERSION__= -I/usr/src/linux-headers-5.4.0-86-generic/arch/x86/include -Iarch/x86/include/generated -Iinclude -I/usr/src/linux-headers-5.4.0-86-generic/arch/x86/include/uapi -Iarch/x86/include/generated/uapi -I/usr/src/linux-headers-5.4.0-86-generic/include -I/usr/src/linux-headers-5.4.0-86-generic/include/uapi -Iinclude/generated/uapi -I/usr/src/linux-headers-5.4.0-86-generic/arch/x86/include -Iarch/x86/include/generated -I/usr/src/linux-headers-5.4.0-86-generic/arch/x86/include -I/usr/src/linux-headers-5.4.0-86-generic/arch/x86/include/generated -I/usr/src/linux-headers-5.4.0-86-generic/include -I/usr/src/linux-headers-5.4.0-86-generic/include -I/usr/src/linux-headers-5.4.0-86-generic/include2 -include /usr/src/linux-headers-5.4.0-86-generic/include/linux/kconfig.h -o tmp_include_depends -o scripts -o include/config/MARKER -C /usr/src/linux-headers-5.4.0-86-generic EXTRA_CFLAGS=-Werror-implicit-function-declaration -Wno-unused-variable -Wno-uninitialized  CROSS_COMPILE= M=/home/lingbo11/zxm/rdma-kerndriver/compat/build/build_q5npz >/dev/null 2>/home/lingbo11/zxm/rdma-kerndriver/compat/build/build_q5npz/output.log; [ 0 -ne 0 ] && cat /home/lingbo11/zxm/rdma-kerndriver/compat/build/build_q5npz/output.log 1>&2 && false || config/warning_filter.sh /home/lingbo11/zxm/rdma-kerndriver/compat/build/build_q5npz/output.log
configure:17856: checking if devlink_port_attrs_set has 2 parameters
configure:16762: env CROSS_COMPILE= make -d modules LD=ld CC=gcc -f /home/lingbo11/zxm/rdma-kerndriver/compat/build/build_Xy3BB/Makefile MLNX_LINUX_CONFIG=/usr/src/linux-headers-5.4.0-86-generic/include/config/auto.conf LINUXINCLUDE=-include generated/autoconf.h -I/usr/src/linux-headers-5.4.0-86-generic/arch/x86/include/mach-xen -D__XEN_INTERFACE_VERSION__= -I/usr/src/linux-headers-5.4.0-86-generic/arch/x86/include -Iarch/x86/include/generated -Iinclude -I/usr/src/linux-headers-5.4.0-86-generic/arch/x86/include/uapi -Iarch/x86/include/generated/uapi -I/usr/src/linux-headers-5.4.0-86-generic/include -I/usr/src/linux-headers-5.4.0-86-generic/include/uapi -Iinclude/generated/uapi -I/usr/src/linux-headers-5.4.0-86-generic/arch/x86/include -Iarch/x86/include/generated -I/usr/src/linux-headers-5.4.0-86-generic/arch/x86/include -I/usr/src/linux-headers-5.4.0-86-generic/arch/x86/include/generated -I/usr/src/linux-headers-5.4.0-86-generic/include -I/usr/src/linux-headers-5.4.0-86-generic/include -I/usr/src/linux-headers-5.4.0-86-generic/include2 -include /usr/src/linux-headers-5.4.0-86-generic/include/linux/kconfig.h -o tmp_include_depends -o scripts -o include/config/MARKER -C /usr/src/linux-headers-5.4.0-86-generic EXTRA_CFLAGS=-Werror-implicit-function-declaration -Wno-unused-variable -Wno-uninitialized  CROSS_COMPILE= M=/home/lingbo11/zxm/rdma-kerndriver/compat/build/build_Xy3BB >/dev/null 2>/home/lingbo11/zxm/rdma-kerndriver/compat/build/build_Xy3BB/output.log; [ 0 -ne 0 ] && cat /home/lingbo11/zxm/rdma-kerndriver/compat/build/build_Xy3BB/output.log 1>&2 && false || config/warning_filter.sh /home/lingbo11/zxm/rdma-kerndriver/compat/build/build_Xy3BB/output.log
configure:16922: env CROSS_COMPILE= make -d modules LD=ld CC=gcc -f /home/lingbo11/zxm/rdma-kerndriver/compat/build/build_n5G79/Makefile MLNX_LINUX_CONFIG=/usr/src/linux-headers-5.4.0-86-generic/include/config/auto.conf LINUXINCLUDE=-include generated/autoconf.h -I/usr/src/linux-headers-5.4.0-86-generic/arch/x86/include/mach-xen -D__XEN_INTERFACE_VERSION__= -I/usr/src/linux-headers-5.4.0-86-generic/arch/x86/include -Iarch/x86/include/generated -Iinclude -I/usr/src/linux-headers-5.4.0-86-generic/arch/x86/include/uapi -Iarch/x86/include/generated/uapi -I/usr/src/linux-headers-5.4.0-86-generic/include -I/usr/src/linux-headers-5.4.0-86-generic/include/uapi -Iinclude/generated/uapi -I/usr/src/linux-headers-5.4.0-86-generic/arch/x86/include -Iarch/x86/include/generated -I/usr/src/linux-headers-5.4.0-86-generic/arch/x86/include -I/usr/src/linux-headers-5.4.0-86-generic/arch/x86/include/generated -I/usr/src/linux-headers-5.4.0-86-generic/include -I/usr/src/linux-headers-5.4.0-86-generic/include -I/usr/src/linux-headers-5.4.0-86-generic/include2 -include /usr/src/linux-headers-5.4.0-86-generic/include/linux/kconfig.h -o tmp_include_depends -o scripts -o include/config/MARKER -C /usr/src/linux-headers-5.4.0-86-generic EXTRA_CFLAGS=-Werror-implicit-function-declaration -Wno-unused-variable -Wno-uninitialized  CROSS_COMPILE= M=/home/lingbo11/zxm/rdma-kerndriver/compat/build/build_n5G79 >/dev/null 2>/home/lingbo11/zxm/rdma-kerndriver/compat/build/build_n5G79/output.log; [ 0 -ne 0 ] && cat /home/lingbo11/zxm/rdma-kerndriver/compat/build/build_n5G79/output.log 1>&2 && false || config/warning_filter.sh /home/lingbo11/zxm/rdma-kerndriver/compat/build/build_n5G79/output.log
configure:18006: checking if devlink enum has DEVLINK_PARAM_GENERIC_ID_ENABLE_ROCE
configure:18156: checking if devlink enum has DEVLINK_PARAM_GENERIC_ID_ENABLE_REMOTE_DEV_RESET
configure:17072: env CROSS_COMPILE= make -d modules LD=ld CC=gcc -f /home/lingbo11/zxm/rdma-kerndriver/compat/build/build_P176u/Makefile MLNX_LINUX_CONFIG=/usr/src/linux-headers-5.4.0-86-generic/include/config/auto.conf LINUXINCLUDE=-include generated/autoconf.h -I/usr/src/linux-headers-5.4.0-86-generic/arch/x86/include/mach-xen -D__XEN_INTERFACE_VERSION__= -I/usr/src/linux-headers-5.4.0-86-generic/arch/x86/include -Iarch/x86/include/generated -Iinclude -I/usr/src/linux-headers-5.4.0-86-generic/arch/x86/include/uapi -Iarch/x86/include/generated/uapi -I/usr/src/linux-headers-5.4.0-86-generic/include -I/usr/src/linux-headers-5.4.0-86-generic/include/uapi -Iinclude/generated/uapi -I/usr/src/linux-headers-5.4.0-86-generic/arch/x86/include -Iarch/x86/include/generated -I/usr/src/linux-headers-5.4.0-86-generic/arch/x86/include -I/usr/src/linux-headers-5.4.0-86-generic/arch/x86/include/generated -I/usr/src/linux-headers-5.4.0-86-generic/include -I/usr/src/linux-headers-5.4.0-86-generic/include -I/usr/src/linux-headers-5.4.0-86-generic/include2 -include /usr/src/linux-headers-5.4.0-86-generic/include/linux/kconfig.h -o tmp_include_depends -o scripts -o include/config/MARKER -C /usr/src/linux-headers-5.4.0-86-generic EXTRA_CFLAGS=-Werror-implicit-function-declaration -Wno-unused-variable -Wno-uninitialized  CROSS_COMPILE= M=/home/lingbo11/zxm/rdma-kerndriver/compat/build/build_P176u >/dev/null 2>/home/lingbo11/zxm/rdma-kerndriver/compat/build/build_P176u/output.log; [ 0 -ne 0 ] && cat /home/lingbo11/zxm/rdma-kerndriver/compat/build/build_P176u/output.log 1>&2 && false || config/warning_filter.sh /home/lingbo11/zxm/rdma-kerndriver/compat/build/build_P176u/output.log
configure:18306: checking if devlink enum devlink_port_fn_state exist
configure:17222: env CROSS_COMPILE= make -d modules LD=ld CC=gcc -f /home/lingbo11/zxm/rdma-kerndriver/compat/build/build_xPSMK/Makefile MLNX_LINUX_CONFIG=/usr/src/linux-headers-5.4.0-86-generic/include/config/auto.conf LINUXINCLUDE=-include generated/autoconf.h -I/usr/src/linux-headers-5.4.0-86-generic/arch/x86/include/mach-xen -D__XEN_INTERFACE_VERSION__= -I/usr/src/linux-headers-5.4.0-86-generic/arch/x86/include -Iarch/x86/include/generated -Iinclude -I/usr/src/linux-headers-5.4.0-86-generic/arch/x86/include/uapi -Iarch/x86/include/generated/uapi -I/usr/src/linux-headers-5.4.0-86-generic/include -I/usr/src/linux-headers-5.4.0-86-generic/include/uapi -Iinclude/generated/uapi -I/usr/src/linux-headers-5.4.0-86-generic/arch/x86/include -Iarch/x86/include/generated -I/usr/src/linux-headers-5.4.0-86-generic/arch/x86/include -I/usr/src/linux-headers-5.4.0-86-generic/arch/x86/include/generated -I/usr/src/linux-headers-5.4.0-86-generic/include -I/usr/src/linux-headers-5.4.0-86-generic/include -I/usr/src/linux-headers-5.4.0-86-generic/include2 -include /usr/src/linux-headers-5.4.0-86-generic/include/linux/kconfig.h -o tmp_include_depends -o scripts -o include/config/MARKER -C /usr/src/linux-headers-5.4.0-86-generic EXTRA_CFLAGS=-Werror-implicit-function-declaration -Wno-unused-variable -Wno-uninitialized  CROSS_COMPILE= M=/home/lingbo11/zxm/rdma-kerndriver/compat/build/build_xPSMK >/dev/null 2>/home/lingbo11/zxm/rdma-kerndriver/compat/build/build_xPSMK/output.log; [ 0 -ne 0 ] && cat /home/lingbo11/zxm/rdma-kerndriver/compat/build/build_xPSMK/output.log 1>&2 && false || config/warning_filter.sh /home/lingbo11/zxm/rdma-kerndriver/compat/build/build_xPSMK/output.log
configure:18456: checking if devlink enum devlink_port_fn_opstate exist
configure:17372: env CROSS_COMPILE= make -d modules LD=ld CC=gcc -f /home/lingbo11/zxm/rdma-kerndriver/compat/build/build_uyrjF/Makefile MLNX_LINUX_CONFIG=/usr/src/linux-headers-5.4.0-86-generic/include/config/auto.conf LINUXINCLUDE=-include generated/autoconf.h -I/usr/src/linux-headers-5.4.0-86-generic/arch/x86/include/mach-xen -D__XEN_INTERFACE_VERSION__= -I/usr/src/linux-headers-5.4.0-86-generic/arch/x86/include -Iarch/x86/include/generated -Iinclude -I/usr/src/linux-headers-5.4.0-86-generic/arch/x86/include/uapi -Iarch/x86/include/generated/uapi -I/usr/src/linux-headers-5.4.0-86-generic/include -I/usr/src/linux-headers-5.4.0-86-generic/include/uapi -Iinclude/generated/uapi -I/usr/src/linux-headers-5.4.0-86-generic/arch/x86/include -Iarch/x86/include/generated -I/usr/src/linux-headers-5.4.0-86-generic/arch/x86/include -I/usr/src/linux-headers-5.4.0-86-generic/arch/x86/include/generated -I/usr/src/linux-headers-5.4.0-86-generic/include -I/usr/src/linux-headers-5.4.0-86-generic/include -I/usr/src/linux-headers-5.4.0-86-generic/include2 -include /usr/src/linux-headers-5.4.0-86-generic/include/linux/kconfig.h -o tmp_include_depends -o scripts -o include/config/MARKER -C /usr/src/linux-headers-5.4.0-86-generic EXTRA_CFLAGS=-Werror-implicit-function-declaration -Wno-unused-variable -Wno-uninitialized  CROSS_COMPILE= M=/home/lingbo11/zxm/rdma-kerndriver/compat/build/build_uyrjF >/dev/null 2>/home/lingbo11/zxm/rdma-kerndriver/compat/build/build_uyrjF/output.log; [ 0 -ne 0 ] && cat /home/lingbo11/zxm/rdma-kerndriver/compat/build/build_uyrjF/output.log 1>&2 && false || config/warning_filter.sh /home/lingbo11/zxm/rdma-kerndriver/compat/build/build_uyrjF/output.log
configure:18606: checking if devlink enum has DEVLINK_PORT_FLAVOUR_VIRTUAL
configure:17522: env CROSS_COMPILE= make -d modules LD=ld CC=gcc -f /home/lingbo11/zxm/rdma-kerndriver/compat/build/build_XT6By/Makefile MLNX_LINUX_CONFIG=/usr/src/linux-headers-5.4.0-86-generic/include/config/auto.conf LINUXINCLUDE=-include generated/autoconf.h -I/usr/src/linux-headers-5.4.0-86-generic/arch/x86/include/mach-xen -D__XEN_INTERFACE_VERSION__= -I/usr/src/linux-headers-5.4.0-86-generic/arch/x86/include -Iarch/x86/include/generated -Iinclude -I/usr/src/linux-headers-5.4.0-86-generic/arch/x86/include/uapi -Iarch/x86/include/generated/uapi -I/usr/src/linux-headers-5.4.0-86-generic/include -I/usr/src/linux-headers-5.4.0-86-generic/include/uapi -Iinclude/generated/uapi -I/usr/src/linux-headers-5.4.0-86-generic/arch/x86/include -Iarch/x86/include/generated -I/usr/src/linux-headers-5.4.0-86-generic/arch/x86/include -I/usr/src/linux-headers-5.4.0-86-generic/arch/x86/include/generated -I/usr/src/linux-headers-5.4.0-86-generic/include -I/usr/src/linux-headers-5.4.0-86-generic/include -I/usr/src/linux-headers-5.4.0-86-generic/include2 -include /usr/src/linux-headers-5.4.0-86-generic/include/linux/kconfig.h -o tmp_include_depends -o scripts -o include/config/MARKER -C /usr/src/linux-headers-5.4.0-86-generic EXTRA_CFLAGS=-Werror-implicit-function-declaration -Wno-unused-variable -Wno-uninitialized  CROSS_COMPILE= M=/home/lingbo11/zxm/rdma-kerndriver/compat/build/build_XT6By >/dev/null 2>/home/lingbo11/zxm/rdma-kerndriver/compat/build/build_XT6By/output.log; [ 0 -ne 0 ] && cat /home/lingbo11/zxm/rdma-kerndriver/compat/build/build_XT6By/output.log 1>&2 && false || config/warning_filter.sh /home/lingbo11/zxm/rdma-kerndriver/compat/build/build_XT6By/output.log
configure:17672: env CROSS_COMPILE= make -d modules LD=ld CC=gcc -f /home/lingbo11/zxm/rdma-kerndriver/compat/build/build_u7L1L/Makefile MLNX_LINUX_CONFIG=/usr/src/linux-headers-5.4.0-86-generic/include/config/auto.conf LINUXINCLUDE=-include generated/autoconf.h -I/usr/src/linux-headers-5.4.0-86-generic/arch/x86/include/mach-xen -D__XEN_INTERFACE_VERSION__= -I/usr/src/linux-headers-5.4.0-86-generic/arch/x86/include -Iarch/x86/include/generated -Iinclude -I/usr/src/linux-headers-5.4.0-86-generic/arch/x86/include/uapi -Iarch/x86/include/generated/uapi -I/usr/src/linux-headers-5.4.0-86-generic/include -I/usr/src/linux-headers-5.4.0-86-generic/include/uapi -Iinclude/generated/uapi -I/usr/src/linux-headers-5.4.0-86-generic/arch/x86/include -Iarch/x86/include/generated -I/usr/src/linux-headers-5.4.0-86-generic/arch/x86/include -I/usr/src/linux-headers-5.4.0-86-generic/arch/x86/include/generated -I/usr/src/linux-headers-5.4.0-86-generic/include -I/usr/src/linux-headers-5.4.0-86-generic/include -I/usr/src/linux-headers-5.4.0-86-generic/include2 -include /usr/src/linux-headers-5.4.0-86-generic/include/linux/kconfig.h -o tmp_include_depends -o scripts -o include/config/MARKER -C /usr/src/linux-headers-5.4.0-86-generic EXTRA_CFLAGS=-Werror-implicit-function-declaration -Wno-unused-variable -Wno-uninitialized  CROSS_COMPILE= M=/home/lingbo11/zxm/rdma-kerndriver/compat/build/build_u7L1L >/dev/null 2>/home/lingbo11/zxm/rdma-kerndriver/compat/build/build_u7L1L/output.log; [ 0 -ne 0 ] && cat /home/lingbo11/zxm/rdma-kerndriver/compat/build/build_u7L1L/output.log 1>&2 && false || config/warning_filter.sh /home/lingbo11/zxm/rdma-kerndriver/compat/build/build_u7L1L/output.log
configure:18756: checking if devlink enum has DEVLINK_PORT_FLAVOUR_PCI_SF
configure:18906: checking if devlink has devlink_reload_disable
configure:17822: env CROSS_COMPILE= make -d modules LD=ld CC=gcc -f /home/lingbo11/zxm/rdma-kerndriver/compat/build/build_06UIY/Makefile MLNX_LINUX_CONFIG=/usr/src/linux-headers-5.4.0-86-generic/include/config/auto.conf LINUXINCLUDE=-include generated/autoconf.h -I/usr/src/linux-headers-5.4.0-86-generic/arch/x86/include/mach-xen -D__XEN_INTERFACE_VERSION__= -I/usr/src/linux-headers-5.4.0-86-generic/arch/x86/include -Iarch/x86/include/generated -Iinclude -I/usr/src/linux-headers-5.4.0-86-generic/arch/x86/include/uapi -Iarch/x86/include/generated/uapi -I/usr/src/linux-headers-5.4.0-86-generic/include -I/usr/src/linux-headers-5.4.0-86-generic/include/uapi -Iinclude/generated/uapi -I/usr/src/linux-headers-5.4.0-86-generic/arch/x86/include -Iarch/x86/include/generated -I/usr/src/linux-headers-5.4.0-86-generic/arch/x86/include -I/usr/src/linux-headers-5.4.0-86-generic/arch/x86/include/generated -I/usr/src/linux-headers-5.4.0-86-generic/include -I/usr/src/linux-headers-5.4.0-86-generic/include -I/usr/src/linux-headers-5.4.0-86-generic/include2 -include /usr/src/linux-headers-5.4.0-86-generic/include/linux/kconfig.h -o tmp_include_depends -o scripts -o include/config/MARKER -C /usr/src/linux-headers-5.4.0-86-generic EXTRA_CFLAGS=-Werror-implicit-function-declaration -Wno-unused-variable -Wno-uninitialized  CROSS_COMPILE= M=/home/lingbo11/zxm/rdma-kerndriver/compat/build/build_06UIY >/dev/null 2>/home/lingbo11/zxm/rdma-kerndriver/compat/build/build_06UIY/output.log; [ 0 -ne 0 ] && cat /home/lingbo11/zxm/rdma-kerndriver/compat/build/build_06UIY/output.log 1>&2 && false || config/warning_filter.sh /home/lingbo11/zxm/rdma-kerndriver/compat/build/build_06UIY/output.log
configure:19056: checking if devlink has devlink_reload_enable
configure:17972: env CROSS_COMPILE= make -d modules LD=ld CC=gcc -f /home/lingbo11/zxm/rdma-kerndriver/compat/build/build_Yonoq/Makefile MLNX_LINUX_CONFIG=/usr/src/linux-headers-5.4.0-86-generic/include/config/auto.conf LINUXINCLUDE=-include generated/autoconf.h -I/usr/src/linux-headers-5.4.0-86-generic/arch/x86/include/mach-xen -D__XEN_INTERFACE_VERSION__= -I/usr/src/linux-headers-5.4.0-86-generic/arch/x86/include -Iarch/x86/include/generated -Iinclude -I/usr/src/linux-headers-5.4.0-86-generic/arch/x86/include/uapi -Iarch/x86/include/generated/uapi -I/usr/src/linux-headers-5.4.0-86-generic/include -I/usr/src/linux-headers-5.4.0-86-generic/include/uapi -Iinclude/generated/uapi -I/usr/src/linux-headers-5.4.0-86-generic/arch/x86/include -Iarch/x86/include/generated -I/usr/src/linux-headers-5.4.0-86-generic/arch/x86/include -I/usr/src/linux-headers-5.4.0-86-generic/arch/x86/include/generated -I/usr/src/linux-headers-5.4.0-86-generic/include -I/usr/src/linux-headers-5.4.0-86-generic/include -I/usr/src/linux-headers-5.4.0-86-generic/include2 -include /usr/src/linux-headers-5.4.0-86-generic/include/linux/kconfig.h -o tmp_include_depends -o scripts -o include/config/MARKER -C /usr/src/linux-headers-5.4.0-86-generic EXTRA_CFLAGS=-Werror-implicit-function-declaration -Wno-unused-variable -Wno-uninitialized  CROSS_COMPILE= M=/home/lingbo11/zxm/rdma-kerndriver/compat/build/build_Yonoq >/dev/null 2>/home/lingbo11/zxm/rdma-kerndriver/compat/build/build_Yonoq/output.log; [ 0 -ne 0 ] && cat /home/lingbo11/zxm/rdma-kerndriver/compat/build/build_Yonoq/output.log 1>&2 && false || config/warning_filter.sh /home/lingbo11/zxm/rdma-kerndriver/compat/build/build_Yonoq/output.log
configure:19206: checking if devlink has devlink_net
configure:18122: env CROSS_COMPILE= make -d modules LD=ld CC=gcc -f /home/lingbo11/zxm/rdma-kerndriver/compat/build/build_J87I5/Makefile MLNX_LINUX_CONFIG=/usr/src/linux-headers-5.4.0-86-generic/include/config/auto.conf LINUXINCLUDE=-include generated/autoconf.h -I/usr/src/linux-headers-5.4.0-86-generic/arch/x86/include/mach-xen -D__XEN_INTERFACE_VERSION__= -I/usr/src/linux-headers-5.4.0-86-generic/arch/x86/include -Iarch/x86/include/generated -Iinclude -I/usr/src/linux-headers-5.4.0-86-generic/arch/x86/include/uapi -Iarch/x86/include/generated/uapi -I/usr/src/linux-headers-5.4.0-86-generic/include -I/usr/src/linux-headers-5.4.0-86-generic/include/uapi -Iinclude/generated/uapi -I/usr/src/linux-headers-5.4.0-86-generic/arch/x86/include -Iarch/x86/include/generated -I/usr/src/linux-headers-5.4.0-86-generic/arch/x86/include -I/usr/src/linux-headers-5.4.0-86-generic/arch/x86/include/generated -I/usr/src/linux-headers-5.4.0-86-generic/include -I/usr/src/linux-headers-5.4.0-86-generic/include -I/usr/src/linux-headers-5.4.0-86-generic/include2 -include /usr/src/linux-headers-5.4.0-86-generic/include/linux/kconfig.h -o tmp_include_depends -o scripts -o include/config/MARKER -C /usr/src/linux-headers-5.4.0-86-generic EXTRA_CFLAGS=-Werror-implicit-function-declaration -Wno-unused-variable -Wno-uninitialized  CROSS_COMPILE= M=/home/lingbo11/zxm/rdma-kerndriver/compat/build/build_J87I5 >/dev/null 2>/home/lingbo11/zxm/rdma-kerndriver/compat/build/build_J87I5/output.log; [ 0 -ne 0 ] && cat /home/lingbo11/zxm/rdma-kerndriver/compat/build/build_J87I5/output.log 1>&2 && false || config/warning_filter.sh /home/lingbo11/zxm/rdma-kerndriver/compat/build/build_J87I5/output.log
configure:19356: checking if struct devlink_ops has reload has 2 params
configure:19526: checking if struct devlink_ops has reload_up/down
configure:18272: env CROSS_COMPILE= make -d modules LD=ld CC=gcc -f /home/lingbo11/zxm/rdma-kerndriver/compat/build/build_IlYbO/Makefile MLNX_LINUX_CONFIG=/usr/src/linux-headers-5.4.0-86-generic/include/config/auto.conf LINUXINCLUDE=-include generated/autoconf.h -I/usr/src/linux-headers-5.4.0-86-generic/arch/x86/include/mach-xen -D__XEN_INTERFACE_VERSION__= -I/usr/src/linux-headers-5.4.0-86-generic/arch/x86/include -Iarch/x86/include/generated -Iinclude -I/usr/src/linux-headers-5.4.0-86-generic/arch/x86/include/uapi -Iarch/x86/include/generated/uapi -I/usr/src/linux-headers-5.4.0-86-generic/include -I/usr/src/linux-headers-5.4.0-86-generic/include/uapi -Iinclude/generated/uapi -I/usr/src/linux-headers-5.4.0-86-generic/arch/x86/include -Iarch/x86/include/generated -I/usr/src/linux-headers-5.4.0-86-generic/arch/x86/include -I/usr/src/linux-headers-5.4.0-86-generic/arch/x86/include/generated -I/usr/src/linux-headers-5.4.0-86-generic/include -I/usr/src/linux-headers-5.4.0-86-generic/include -I/usr/src/linux-headers-5.4.0-86-generic/include2 -include /usr/src/linux-headers-5.4.0-86-generic/include/linux/kconfig.h -o tmp_include_depends -o scripts -o include/config/MARKER -C /usr/src/linux-headers-5.4.0-86-generic EXTRA_CFLAGS=-Werror-implicit-function-declaration -Wno-unused-variable -Wno-uninitialized  CROSS_COMPILE= M=/home/lingbo11/zxm/rdma-kerndriver/compat/build/build_IlYbO >/dev/null 2>/home/lingbo11/zxm/rdma-kerndriver/compat/build/build_IlYbO/output.log; [ 0 -ne 0 ] && cat /home/lingbo11/zxm/rdma-kerndriver/compat/build/build_IlYbO/output.log 1>&2 && false || config/warning_filter.sh /home/lingbo11/zxm/rdma-kerndriver/compat/build/build_IlYbO/output.log
configure:18422: env CROSS_COMPILE= make -d modules LD=ld CC=gcc -f /home/lingbo11/zxm/rdma-kerndriver/compat/build/build_uJRQS/Makefile MLNX_LINUX_CONFIG=/usr/src/linux-headers-5.4.0-86-generic/include/config/auto.conf LINUXINCLUDE=-include generated/autoconf.h -I/usr/src/linux-headers-5.4.0-86-generic/arch/x86/include/mach-xen -D__XEN_INTERFACE_VERSION__= -I/usr/src/linux-headers-5.4.0-86-generic/arch/x86/include -Iarch/x86/include/generated -Iinclude -I/usr/src/linux-headers-5.4.0-86-generic/arch/x86/include/uapi -Iarch/x86/include/generated/uapi -I/usr/src/linux-headers-5.4.0-86-generic/include -I/usr/src/linux-headers-5.4.0-86-generic/include/uapi -Iinclude/generated/uapi -I/usr/src/linux-headers-5.4.0-86-generic/arch/x86/include -Iarch/x86/include/generated -I/usr/src/linux-headers-5.4.0-86-generic/arch/x86/include -I/usr/src/linux-headers-5.4.0-86-generic/arch/x86/include/generated -I/usr/src/linux-headers-5.4.0-86-generic/include -I/usr/src/linux-headers-5.4.0-86-generic/include -I/usr/src/linux-headers-5.4.0-86-generic/include2 -include /usr/src/linux-headers-5.4.0-86-generic/include/linux/kconfig.h -o tmp_include_depends -o scripts -o include/config/MARKER -C /usr/src/linux-headers-5.4.0-86-generic EXTRA_CFLAGS=-Werror-implicit-function-declaration -Wno-unused-variable -Wno-uninitialized  CROSS_COMPILE= M=/home/lingbo11/zxm/rdma-kerndriver/compat/build/build_uJRQS >/dev/null 2>/home/lingbo11/zxm/rdma-kerndriver/compat/build/build_uJRQS/output.log; [ 0 -ne 0 ] && cat /home/lingbo11/zxm/rdma-kerndriver/compat/build/build_uJRQS/output.log 1>&2 && false || config/warning_filter.sh /home/lingbo11/zxm/rdma-kerndriver/compat/build/build_uJRQS/output.log
configure:19684: checking if devlink_ops.port_function_hw_addr_get has 4 params
configure:19856: checking if devlink_ops.port_function_state_get has 4 params
configure:20030: checking if struct devlink_ops has port_function_state_get/set
configure:18722: env CROSS_COMPILE= make -d modules LD=ld CC=gcc -f /home/lingbo11/zxm/rdma-kerndriver/compat/build/build_T5SmW/Makefile MLNX_LINUX_CONFIG=/usr/src/linux-headers-5.4.0-86-generic/include/config/auto.conf LINUXINCLUDE=-include generated/autoconf.h -I/usr/src/linux-headers-5.4.0-86-generic/arch/x86/include/mach-xen -D__XEN_INTERFACE_VERSION__= -I/usr/src/linux-headers-5.4.0-86-generic/arch/x86/include -Iarch/x86/include/generated -Iinclude -I/usr/src/linux-headers-5.4.0-86-generic/arch/x86/include/uapi -Iarch/x86/include/generated/uapi -I/usr/src/linux-headers-5.4.0-86-generic/include -I/usr/src/linux-headers-5.4.0-86-generic/include/uapi -Iinclude/generated/uapi -I/usr/src/linux-headers-5.4.0-86-generic/arch/x86/include -Iarch/x86/include/generated -I/usr/src/linux-headers-5.4.0-86-generic/arch/x86/include -I/usr/src/linux-headers-5.4.0-86-generic/arch/x86/include/generated -I/usr/src/linux-headers-5.4.0-86-generic/include -I/usr/src/linux-headers-5.4.0-86-generic/include -I/usr/src/linux-headers-5.4.0-86-generic/include2 -include /usr/src/linux-headers-5.4.0-86-generic/include/linux/kconfig.h -o tmp_include_depends -o scripts -o include/config/MARKER -C /usr/src/linux-headers-5.4.0-86-generic EXTRA_CFLAGS=-Werror-implicit-function-declaration -Wno-unused-variable -Wno-uninitialized  CROSS_COMPILE= M=/home/lingbo11/zxm/rdma-kerndriver/compat/build/build_T5SmW >/dev/null 2>/home/lingbo11/zxm/rdma-kerndriver/compat/build/build_T5SmW/output.log; [ 0 -ne 0 ] && cat /home/lingbo11/zxm/rdma-kerndriver/compat/build/build_T5SmW/output.log 1>&2 && false || config/warning_filter.sh /home/lingbo11/zxm/rdma-kerndriver/compat/build/build_T5SmW/output.log
configure:20188: checking if devlink_ops.reload_down has 3 params
configure:18872: env CROSS_COMPILE= make -d modules LD=ld CC=gcc -f /home/lingbo11/zxm/rdma-kerndriver/compat/build/build_5j6WE/Makefile MLNX_LINUX_CONFIG=/usr/src/linux-headers-5.4.0-86-generic/include/config/auto.conf LINUXINCLUDE=-include generated/autoconf.h -I/usr/src/linux-headers-5.4.0-86-generic/arch/x86/include/mach-xen -D__XEN_INTERFACE_VERSION__= -I/usr/src/linux-headers-5.4.0-86-generic/arch/x86/include -Iarch/x86/include/generated -Iinclude -I/usr/src/linux-headers-5.4.0-86-generic/arch/x86/include/uapi -Iarch/x86/include/generated/uapi -I/usr/src/linux-headers-5.4.0-86-generic/include -I/usr/src/linux-headers-5.4.0-86-generic/include/uapi -Iinclude/generated/uapi -I/usr/src/linux-headers-5.4.0-86-generic/arch/x86/include -Iarch/x86/include/generated -I/usr/src/linux-headers-5.4.0-86-generic/arch/x86/include -I/usr/src/linux-headers-5.4.0-86-generic/arch/x86/include/generated -I/usr/src/linux-headers-5.4.0-86-generic/include -I/usr/src/linux-headers-5.4.0-86-generic/include -I/usr/src/linux-headers-5.4.0-86-generic/include2 -include /usr/src/linux-headers-5.4.0-86-generic/include/linux/kconfig.h -o tmp_include_depends -o scripts -o include/config/MARKER -C /usr/src/linux-headers-5.4.0-86-generic EXTRA_CFLAGS=-Werror-implicit-function-declaration -Wno-unused-variable -Wno-uninitialized  CROSS_COMPILE= M=/home/lingbo11/zxm/rdma-kerndriver/compat/build/build_5j6WE >/dev/null 2>/home/lingbo11/zxm/rdma-kerndriver/compat/build/build_5j6WE/output.log; [ 0 -ne 0 ] && cat /home/lingbo11/zxm/rdma-kerndriver/compat/build/build_5j6WE/output.log 1>&2 && false || config/warning_filter.sh /home/lingbo11/zxm/rdma-kerndriver/compat/build/build_5j6WE/output.log
configure:20358: checking if devlink_ops.reload_down has 5 params
configure:18572: env CROSS_COMPILE= make -d modules LD=ld CC=gcc -f /home/lingbo11/zxm/rdma-kerndriver/compat/build/build_vGoB5/Makefile MLNX_LINUX_CONFIG=/usr/src/linux-headers-5.4.0-86-generic/include/config/auto.conf LINUXINCLUDE=-include generated/autoconf.h -I/usr/src/linux-headers-5.4.0-86-generic/arch/x86/include/mach-xen -D__XEN_INTERFACE_VERSION__= -I/usr/src/linux-headers-5.4.0-86-generic/arch/x86/include -Iarch/x86/include/generated -Iinclude -I/usr/src/linux-headers-5.4.0-86-generic/arch/x86/include/uapi -Iarch/x86/include/generated/uapi -I/usr/src/linux-headers-5.4.0-86-generic/include -I/usr/src/linux-headers-5.4.0-86-generic/include/uapi -Iinclude/generated/uapi -I/usr/src/linux-headers-5.4.0-86-generic/arch/x86/include -Iarch/x86/include/generated -I/usr/src/linux-headers-5.4.0-86-generic/arch/x86/include -I/usr/src/linux-headers-5.4.0-86-generic/arch/x86/include/generated -I/usr/src/linux-headers-5.4.0-86-generic/include -I/usr/src/linux-headers-5.4.0-86-generic/include -I/usr/src/linux-headers-5.4.0-86-generic/include2 -include /usr/src/linux-headers-5.4.0-86-generic/include/linux/kconfig.h -o tmp_include_depends -o scripts -o include/config/MARKER -C /usr/src/linux-headers-5.4.0-86-generic EXTRA_CFLAGS=-Werror-implicit-function-declaration -Wno-unused-variable -Wno-uninitialized  CROSS_COMPILE= M=/home/lingbo11/zxm/rdma-kerndriver/compat/build/build_vGoB5 >/dev/null 2>/home/lingbo11/zxm/rdma-kerndriver/compat/build/build_vGoB5/output.log; [ 0 -ne 0 ] && cat /home/lingbo11/zxm/rdma-kerndriver/compat/build/build_vGoB5/output.log 1>&2 && false || config/warning_filter.sh /home/lingbo11/zxm/rdma-kerndriver/compat/build/build_vGoB5/output.log
configure:20530: checking if struct devlink_port_ops exists
configure:19172: env CROSS_COMPILE= make -d modules LD=ld CC=gcc -f /home/lingbo11/zxm/rdma-kerndriver/compat/build/build_86ifx/Makefile MLNX_LINUX_CONFIG=/usr/src/linux-headers-5.4.0-86-generic/include/config/auto.conf LINUXINCLUDE=-include generated/autoconf.h -I/usr/src/linux-headers-5.4.0-86-generic/arch/x86/include/mach-xen -D__XEN_INTERFACE_VERSION__= -I/usr/src/linux-headers-5.4.0-86-generic/arch/x86/include -Iarch/x86/include/generated -Iinclude -I/usr/src/linux-headers-5.4.0-86-generic/arch/x86/include/uapi -Iarch/x86/include/generated/uapi -I/usr/src/linux-headers-5.4.0-86-generic/include -I/usr/src/linux-headers-5.4.0-86-generic/include/uapi -Iinclude/generated/uapi -I/usr/src/linux-headers-5.4.0-86-generic/arch/x86/include -Iarch/x86/include/generated -I/usr/src/linux-headers-5.4.0-86-generic/arch/x86/include -I/usr/src/linux-headers-5.4.0-86-generic/arch/x86/include/generated -I/usr/src/linux-headers-5.4.0-86-generic/include -I/usr/src/linux-headers-5.4.0-86-generic/include -I/usr/src/linux-headers-5.4.0-86-generic/include2 -include /usr/src/linux-headers-5.4.0-86-generic/include/linux/kconfig.h -o tmp_include_depends -o scripts -o include/config/MARKER -C /usr/src/linux-headers-5.4.0-86-generic EXTRA_CFLAGS=-Werror-implicit-function-declaration -Wno-unused-variable -Wno-uninitialized  CROSS_COMPILE= M=/home/lingbo11/zxm/rdma-kerndriver/compat/build/build_86ifx >/dev/null 2>/home/lingbo11/zxm/rdma-kerndriver/compat/build/build_86ifx/output.log; [ 0 -ne 0 ] && cat /home/lingbo11/zxm/rdma-kerndriver/compat/build/build_86ifx/output.log 1>&2 && false || config/warning_filter.sh /home/lingbo11/zxm/rdma-kerndriver/compat/build/build_86ifx/output.log
configure:20684: checking if struct devlink_ops has info_get
configure:19022: env CROSS_COMPILE= make -d modules LD=ld CC=gcc -f /home/lingbo11/zxm/rdma-kerndriver/compat/build/build_OP63v/Makefile MLNX_LINUX_CONFIG=/usr/src/linux-headers-5.4.0-86-generic/include/config/auto.conf LINUXINCLUDE=-include generated/autoconf.h -I/usr/src/linux-headers-5.4.0-86-generic/arch/x86/include/mach-xen -D__XEN_INTERFACE_VERSION__= -I/usr/src/linux-headers-5.4.0-86-generic/arch/x86/include -Iarch/x86/include/generated -Iinclude -I/usr/src/linux-headers-5.4.0-86-generic/arch/x86/include/uapi -Iarch/x86/include/generated/uapi -I/usr/src/linux-headers-5.4.0-86-generic/include -I/usr/src/linux-headers-5.4.0-86-generic/include/uapi -Iinclude/generated/uapi -I/usr/src/linux-headers-5.4.0-86-generic/arch/x86/include -Iarch/x86/include/generated -I/usr/src/linux-headers-5.4.0-86-generic/arch/x86/include -I/usr/src/linux-headers-5.4.0-86-generic/arch/x86/include/generated -I/usr/src/linux-headers-5.4.0-86-generic/include -I/usr/src/linux-headers-5.4.0-86-generic/include -I/usr/src/linux-headers-5.4.0-86-generic/include2 -include /usr/src/linux-headers-5.4.0-86-generic/include/linux/kconfig.h -o tmp_include_depends -o scripts -o include/config/MARKER -C /usr/src/linux-headers-5.4.0-86-generic EXTRA_CFLAGS=-Werror-implicit-function-declaration -Wno-unused-variable -Wno-uninitialized  CROSS_COMPILE= M=/home/lingbo11/zxm/rdma-kerndriver/compat/build/build_OP63v >/dev/null 2>/home/lingbo11/zxm/rdma-kerndriver/compat/build/build_OP63v/output.log; [ 0 -ne 0 ] && cat /home/lingbo11/zxm/rdma-kerndriver/compat/build/build_OP63v/output.log 1>&2 && false || config/warning_filter.sh /home/lingbo11/zxm/rdma-kerndriver/compat/build/build_OP63v/output.log
configure:20840: checking if devlink struct devlink_trap exists
configure:19322: env CROSS_COMPILE= make -d modules LD=ld CC=gcc -f /home/lingbo11/zxm/rdma-kerndriver/compat/build/build_EGRtv/Makefile MLNX_LINUX_CONFIG=/usr/src/linux-headers-5.4.0-86-generic/include/config/auto.conf LINUXINCLUDE=-include generated/autoconf.h -I/usr/src/linux-headers-5.4.0-86-generic/arch/x86/include/mach-xen -D__XEN_INTERFACE_VERSION__= -I/usr/src/linux-headers-5.4.0-86-generic/arch/x86/include -Iarch/x86/include/generated -Iinclude -I/usr/src/linux-headers-5.4.0-86-generic/arch/x86/include/uapi -Iarch/x86/include/generated/uapi -I/usr/src/linux-headers-5.4.0-86-generic/include -I/usr/src/linux-headers-5.4.0-86-generic/include/uapi -Iinclude/generated/uapi -I/usr/src/linux-headers-5.4.0-86-generic/arch/x86/include -Iarch/x86/include/generated -I/usr/src/linux-headers-5.4.0-86-generic/arch/x86/include -I/usr/src/linux-headers-5.4.0-86-generic/arch/x86/include/generated -I/usr/src/linux-headers-5.4.0-86-generic/include -I/usr/src/linux-headers-5.4.0-86-generic/include -I/usr/src/linux-headers-5.4.0-86-generic/include2 -include /usr/src/linux-headers-5.4.0-86-generic/include/linux/kconfig.h -o tmp_include_depends -o scripts -o include/config/MARKER -C /usr/src/linux-headers-5.4.0-86-generic EXTRA_CFLAGS=-Werror-implicit-function-declaration -Wno-unused-variable -Wno-uninitialized  CROSS_COMPILE= M=/home/lingbo11/zxm/rdma-kerndriver/compat/build/build_EGRtv >/dev/null 2>/home/lingbo11/zxm/rdma-kerndriver/compat/build/build_EGRtv/output.log; [ 0 -ne 0 ] && cat /home/lingbo11/zxm/rdma-kerndriver/compat/build/build_EGRtv/output.log 1>&2 && false || config/warning_filter.sh /home/lingbo11/zxm/rdma-kerndriver/compat/build/build_EGRtv/output.log
configure:19492: env CROSS_COMPILE= make -d modules LD=ld CC=gcc -f /home/lingbo11/zxm/rdma-kerndriver/compat/build/build_gAmyD/Makefile MLNX_LINUX_CONFIG=/usr/src/linux-headers-5.4.0-86-generic/include/config/auto.conf LINUXINCLUDE=-include generated/autoconf.h -I/usr/src/linux-headers-5.4.0-86-generic/arch/x86/include/mach-xen -D__XEN_INTERFACE_VERSION__= -I/usr/src/linux-headers-5.4.0-86-generic/arch/x86/include -Iarch/x86/include/generated -Iinclude -I/usr/src/linux-headers-5.4.0-86-generic/arch/x86/include/uapi -Iarch/x86/include/generated/uapi -I/usr/src/linux-headers-5.4.0-86-generic/include -I/usr/src/linux-headers-5.4.0-86-generic/include/uapi -Iinclude/generated/uapi -I/usr/src/linux-headers-5.4.0-86-generic/arch/x86/include -Iarch/x86/include/generated -I/usr/src/linux-headers-5.4.0-86-generic/arch/x86/include -I/usr/src/linux-headers-5.4.0-86-generic/arch/x86/include/generated -I/usr/src/linux-headers-5.4.0-86-generic/include -I/usr/src/linux-headers-5.4.0-86-generic/include -I/usr/src/linux-headers-5.4.0-86-generic/include2 -include /usr/src/linux-headers-5.4.0-86-generic/include/linux/kconfig.h -o tmp_include_depends -o scripts -o include/config/MARKER -C /usr/src/linux-headers-5.4.0-86-generic EXTRA_CFLAGS=-Werror-implicit-function-declaration -Wno-unused-variable -Wno-uninitialized  CROSS_COMPILE= M=/home/lingbo11/zxm/rdma-kerndriver/compat/build/build_gAmyD >/dev/null 2>/home/lingbo11/zxm/rdma-kerndriver/compat/build/build_gAmyD/output.log; [ 0 -ne 0 ] && cat /home/lingbo11/zxm/rdma-kerndriver/compat/build/build_gAmyD/output.log 1>&2 && false || config/warning_filter.sh /home/lingbo11/zxm/rdma-kerndriver/compat/build/build_gAmyD/output.log
configure:19650: env CROSS_COMPILE= make -d modules LD=ld CC=gcc -f /home/lingbo11/zxm/rdma-kerndriver/compat/build/build_rQxgC/Makefile MLNX_LINUX_CONFIG=/usr/src/linux-headers-5.4.0-86-generic/include/config/auto.conf LINUXINCLUDE=-include generated/autoconf.h -I/usr/src/linux-headers-5.4.0-86-generic/arch/x86/include/mach-xen -D__XEN_INTERFACE_VERSION__= -I/usr/src/linux-headers-5.4.0-86-generic/arch/x86/include -Iarch/x86/include/generated -Iinclude -I/usr/src/linux-headers-5.4.0-86-generic/arch/x86/include/uapi -Iarch/x86/include/generated/uapi -I/usr/src/linux-headers-5.4.0-86-generic/include -I/usr/src/linux-headers-5.4.0-86-generic/include/uapi -Iinclude/generated/uapi -I/usr/src/linux-headers-5.4.0-86-generic/arch/x86/include -Iarch/x86/include/generated -I/usr/src/linux-headers-5.4.0-86-generic/arch/x86/include -I/usr/src/linux-headers-5.4.0-86-generic/arch/x86/include/generated -I/usr/src/linux-headers-5.4.0-86-generic/include -I/usr/src/linux-headers-5.4.0-86-generic/include -I/usr/src/linux-headers-5.4.0-86-generic/include2 -include /usr/src/linux-headers-5.4.0-86-generic/include/linux/kconfig.h -o tmp_include_depends -o scripts -o include/config/MARKER -C /usr/src/linux-headers-5.4.0-86-generic EXTRA_CFLAGS=-Werror-implicit-function-declaration -Wno-unused-variable -Wno-uninitialized  CROSS_COMPILE= M=/home/lingbo11/zxm/rdma-kerndriver/compat/build/build_rQxgC >/dev/null 2>/home/lingbo11/zxm/rdma-kerndriver/compat/build/build_rQxgC/output.log; [ 0 -ne 0 ] && cat /home/lingbo11/zxm/rdma-kerndriver/compat/build/build_rQxgC/output.log 1>&2 && false || config/warning_filter.sh /home/lingbo11/zxm/rdma-kerndriver/compat/build/build_rQxgC/output.log
configure:19822: env CROSS_COMPILE= make -d modules LD=ld CC=gcc -f /home/lingbo11/zxm/rdma-kerndriver/compat/build/build_s8aAq/Makefile MLNX_LINUX_CONFIG=/usr/src/linux-headers-5.4.0-86-generic/include/config/auto.conf LINUXINCLUDE=-include generated/autoconf.h -I/usr/src/linux-headers-5.4.0-86-generic/arch/x86/include/mach-xen -D__XEN_INTERFACE_VERSION__= -I/usr/src/linux-headers-5.4.0-86-generic/arch/x86/include -Iarch/x86/include/generated -Iinclude -I/usr/src/linux-headers-5.4.0-86-generic/arch/x86/include/uapi -Iarch/x86/include/generated/uapi -I/usr/src/linux-headers-5.4.0-86-generic/include -I/usr/src/linux-headers-5.4.0-86-generic/include/uapi -Iinclude/generated/uapi -I/usr/src/linux-headers-5.4.0-86-generic/arch/x86/include -Iarch/x86/include/generated -I/usr/src/linux-headers-5.4.0-86-generic/arch/x86/include -I/usr/src/linux-headers-5.4.0-86-generic/arch/x86/include/generated -I/usr/src/linux-headers-5.4.0-86-generic/include -I/usr/src/linux-headers-5.4.0-86-generic/include -I/usr/src/linux-headers-5.4.0-86-generic/include2 -include /usr/src/linux-headers-5.4.0-86-generic/include/linux/kconfig.h -o tmp_include_depends -o scripts -o include/config/MARKER -C /usr/src/linux-headers-5.4.0-86-generic EXTRA_CFLAGS=-Werror-implicit-function-declaration -Wno-unused-variable -Wno-uninitialized  CROSS_COMPILE= M=/home/lingbo11/zxm/rdma-kerndriver/compat/build/build_s8aAq >/dev/null 2>/home/lingbo11/zxm/rdma-kerndriver/compat/build/build_s8aAq/output.log; [ 0 -ne 0 ] && cat /home/lingbo11/zxm/rdma-kerndriver/compat/build/build_s8aAq/output.log 1>&2 && false || config/warning_filter.sh /home/lingbo11/zxm/rdma-kerndriver/compat/build/build_s8aAq/output.log
configure:20154: env CROSS_COMPILE= make -d modules LD=ld CC=gcc -f /home/lingbo11/zxm/rdma-kerndriver/compat/build/build_I1P9M/Makefile MLNX_LINUX_CONFIG=/usr/src/linux-headers-5.4.0-86-generic/include/config/auto.conf LINUXINCLUDE=-include generated/autoconf.h -I/usr/src/linux-headers-5.4.0-86-generic/arch/x86/include/mach-xen -D__XEN_INTERFACE_VERSION__= -I/usr/src/linux-headers-5.4.0-86-generic/arch/x86/include -Iarch/x86/include/generated -Iinclude -I/usr/src/linux-headers-5.4.0-86-generic/arch/x86/include/uapi -Iarch/x86/include/generated/uapi -I/usr/src/linux-headers-5.4.0-86-generic/include -I/usr/src/linux-headers-5.4.0-86-generic/include/uapi -Iinclude/generated/uapi -I/usr/src/linux-headers-5.4.0-86-generic/arch/x86/include -Iarch/x86/include/generated -I/usr/src/linux-headers-5.4.0-86-generic/arch/x86/include -I/usr/src/linux-headers-5.4.0-86-generic/arch/x86/include/generated -I/usr/src/linux-headers-5.4.0-86-generic/include -I/usr/src/linux-headers-5.4.0-86-generic/include -I/usr/src/linux-headers-5.4.0-86-generic/include2 -include /usr/src/linux-headers-5.4.0-86-generic/include/linux/kconfig.h -o tmp_include_depends -o scripts -o include/config/MARKER -C /usr/src/linux-headers-5.4.0-86-generic EXTRA_CFLAGS=-Werror-implicit-function-declaration -Wno-unused-variable -Wno-uninitialized  CROSS_COMPILE= M=/home/lingbo11/zxm/rdma-kerndriver/compat/build/build_I1P9M >/dev/null 2>/home/lingbo11/zxm/rdma-kerndriver/compat/build/build_I1P9M/output.log; [ 0 -ne 0 ] && cat /home/lingbo11/zxm/rdma-kerndriver/compat/build/build_I1P9M/output.log 1>&2 && false || config/warning_filter.sh /home/lingbo11/zxm/rdma-kerndriver/compat/build/build_I1P9M/output.log
configure:19996: env CROSS_COMPILE= make -d modules LD=ld CC=gcc -f /home/lingbo11/zxm/rdma-kerndriver/compat/build/build_gadeR/Makefile MLNX_LINUX_CONFIG=/usr/src/linux-headers-5.4.0-86-generic/include/config/auto.conf LINUXINCLUDE=-include generated/autoconf.h -I/usr/src/linux-headers-5.4.0-86-generic/arch/x86/include/mach-xen -D__XEN_INTERFACE_VERSION__= -I/usr/src/linux-headers-5.4.0-86-generic/arch/x86/include -Iarch/x86/include/generated -Iinclude -I/usr/src/linux-headers-5.4.0-86-generic/arch/x86/include/uapi -Iarch/x86/include/generated/uapi -I/usr/src/linux-headers-5.4.0-86-generic/include -I/usr/src/linux-headers-5.4.0-86-generic/include/uapi -Iinclude/generated/uapi -I/usr/src/linux-headers-5.4.0-86-generic/arch/x86/include -Iarch/x86/include/generated -I/usr/src/linux-headers-5.4.0-86-generic/arch/x86/include -I/usr/src/linux-headers-5.4.0-86-generic/arch/x86/include/generated -I/usr/src/linux-headers-5.4.0-86-generic/include -I/usr/src/linux-headers-5.4.0-86-generic/include -I/usr/src/linux-headers-5.4.0-86-generic/include2 -include /usr/src/linux-headers-5.4.0-86-generic/include/linux/kconfig.h -o tmp_include_depends -o scripts -o include/config/MARKER -C /usr/src/linux-headers-5.4.0-86-generic EXTRA_CFLAGS=-Werror-implicit-function-declaration -Wno-unused-variable -Wno-uninitialized  CROSS_COMPILE= M=/home/lingbo11/zxm/rdma-kerndriver/compat/build/build_gadeR >/dev/null 2>/home/lingbo11/zxm/rdma-kerndriver/compat/build/build_gadeR/output.log; [ 0 -ne 0 ] && cat /home/lingbo11/zxm/rdma-kerndriver/compat/build/build_gadeR/output.log 1>&2 && false || config/warning_filter.sh /home/lingbo11/zxm/rdma-kerndriver/compat/build/build_gadeR/output.log
configure:20324: env CROSS_COMPILE= make -d modules LD=ld CC=gcc -f /home/lingbo11/zxm/rdma-kerndriver/compat/build/build_LiqpI/Makefile MLNX_LINUX_CONFIG=/usr/src/linux-headers-5.4.0-86-generic/include/config/auto.conf LINUXINCLUDE=-include generated/autoconf.h -I/usr/src/linux-headers-5.4.0-86-generic/arch/x86/include/mach-xen -D__XEN_INTERFACE_VERSION__= -I/usr/src/linux-headers-5.4.0-86-generic/arch/x86/include -Iarch/x86/include/generated -Iinclude -I/usr/src/linux-headers-5.4.0-86-generic/arch/x86/include/uapi -Iarch/x86/include/generated/uapi -I/usr/src/linux-headers-5.4.0-86-generic/include -I/usr/src/linux-headers-5.4.0-86-generic/include/uapi -Iinclude/generated/uapi -I/usr/src/linux-headers-5.4.0-86-generic/arch/x86/include -Iarch/x86/include/generated -I/usr/src/linux-headers-5.4.0-86-generic/arch/x86/include -I/usr/src/linux-headers-5.4.0-86-generic/arch/x86/include/generated -I/usr/src/linux-headers-5.4.0-86-generic/include -I/usr/src/linux-headers-5.4.0-86-generic/include -I/usr/src/linux-headers-5.4.0-86-generic/include2 -include /usr/src/linux-headers-5.4.0-86-generic/include/linux/kconfig.h -o tmp_include_depends -o scripts -o include/config/MARKER -C /usr/src/linux-headers-5.4.0-86-generic EXTRA_CFLAGS=-Werror-implicit-function-declaration -Wno-unused-variable -Wno-uninitialized  CROSS_COMPILE= M=/home/lingbo11/zxm/rdma-kerndriver/compat/build/build_LiqpI >/dev/null 2>/home/lingbo11/zxm/rdma-kerndriver/compat/build/build_LiqpI/output.log; [ 0 -ne 0 ] && cat /home/lingbo11/zxm/rdma-kerndriver/compat/build/build_LiqpI/output.log 1>&2 && false || config/warning_filter.sh /home/lingbo11/zxm/rdma-kerndriver/compat/build/build_LiqpI/output.log
configure:20496: env CROSS_COMPILE= make -d modules LD=ld CC=gcc -f /home/lingbo11/zxm/rdma-kerndriver/compat/build/build_dm1QJ/Makefile MLNX_LINUX_CONFIG=/usr/src/linux-headers-5.4.0-86-generic/include/config/auto.conf LINUXINCLUDE=-include generated/autoconf.h -I/usr/src/linux-headers-5.4.0-86-generic/arch/x86/include/mach-xen -D__XEN_INTERFACE_VERSION__= -I/usr/src/linux-headers-5.4.0-86-generic/arch/x86/include -Iarch/x86/include/generated -Iinclude -I/usr/src/linux-headers-5.4.0-86-generic/arch/x86/include/uapi -Iarch/x86/include/generated/uapi -I/usr/src/linux-headers-5.4.0-86-generic/include -I/usr/src/linux-headers-5.4.0-86-generic/include/uapi -Iinclude/generated/uapi -I/usr/src/linux-headers-5.4.0-86-generic/arch/x86/include -Iarch/x86/include/generated -I/usr/src/linux-headers-5.4.0-86-generic/arch/x86/include -I/usr/src/linux-headers-5.4.0-86-generic/arch/x86/include/generated -I/usr/src/linux-headers-5.4.0-86-generic/include -I/usr/src/linux-headers-5.4.0-86-generic/include -I/usr/src/linux-headers-5.4.0-86-generic/include2 -include /usr/src/linux-headers-5.4.0-86-generic/include/linux/kconfig.h -o tmp_include_depends -o scripts -o include/config/MARKER -C /usr/src/linux-headers-5.4.0-86-generic EXTRA_CFLAGS=-Werror-implicit-function-declaration -Wno-unused-variable -Wno-uninitialized  CROSS_COMPILE= M=/home/lingbo11/zxm/rdma-kerndriver/compat/build/build_dm1QJ >/dev/null 2>/home/lingbo11/zxm/rdma-kerndriver/compat/build/build_dm1QJ/output.log; [ 0 -ne 0 ] && cat /home/lingbo11/zxm/rdma-kerndriver/compat/build/build_dm1QJ/output.log 1>&2 && false || config/warning_filter.sh /home/lingbo11/zxm/rdma-kerndriver/compat/build/build_dm1QJ/output.log
configure:20806: env CROSS_COMPILE= make -d modules LD=ld CC=gcc -f /home/lingbo11/zxm/rdma-kerndriver/compat/build/build_3gR9e/Makefile MLNX_LINUX_CONFIG=/usr/src/linux-headers-5.4.0-86-generic/include/config/auto.conf LINUXINCLUDE=-include generated/autoconf.h -I/usr/src/linux-headers-5.4.0-86-generic/arch/x86/include/mach-xen -D__XEN_INTERFACE_VERSION__= -I/usr/src/linux-headers-5.4.0-86-generic/arch/x86/include -Iarch/x86/include/generated -Iinclude -I/usr/src/linux-headers-5.4.0-86-generic/arch/x86/include/uapi -Iarch/x86/include/generated/uapi -I/usr/src/linux-headers-5.4.0-86-generic/include -I/usr/src/linux-headers-5.4.0-86-generic/include/uapi -Iinclude/generated/uapi -I/usr/src/linux-headers-5.4.0-86-generic/arch/x86/include -Iarch/x86/include/generated -I/usr/src/linux-headers-5.4.0-86-generic/arch/x86/include -I/usr/src/linux-headers-5.4.0-86-generic/arch/x86/include/generated -I/usr/src/linux-headers-5.4.0-86-generic/include -I/usr/src/linux-headers-5.4.0-86-generic/include -I/usr/src/linux-headers-5.4.0-86-generic/include2 -include /usr/src/linux-headers-5.4.0-86-generic/include/linux/kconfig.h -o tmp_include_depends -o scripts -o include/config/MARKER -C /usr/src/linux-headers-5.4.0-86-generic EXTRA_CFLAGS=-Werror-implicit-function-declaration -Wno-unused-variable -Wno-uninitialized  CROSS_COMPILE= M=/home/lingbo11/zxm/rdma-kerndriver/compat/build/build_3gR9e >/dev/null 2>/home/lingbo11/zxm/rdma-kerndriver/compat/build/build_3gR9e/output.log; [ 0 -ne 0 ] && cat /home/lingbo11/zxm/rdma-kerndriver/compat/build/build_3gR9e/output.log 1>&2 && false || config/warning_filter.sh /home/lingbo11/zxm/rdma-kerndriver/compat/build/build_3gR9e/output.log
configure:20650: env CROSS_COMPILE= make -d modules LD=ld CC=gcc -f /home/lingbo11/zxm/rdma-kerndriver/compat/build/build_7kngA/Makefile MLNX_LINUX_CONFIG=/usr/src/linux-headers-5.4.0-86-generic/include/config/auto.conf LINUXINCLUDE=-include generated/autoconf.h -I/usr/src/linux-headers-5.4.0-86-generic/arch/x86/include/mach-xen -D__XEN_INTERFACE_VERSION__= -I/usr/src/linux-headers-5.4.0-86-generic/arch/x86/include -Iarch/x86/include/generated -Iinclude -I/usr/src/linux-headers-5.4.0-86-generic/arch/x86/include/uapi -Iarch/x86/include/generated/uapi -I/usr/src/linux-headers-5.4.0-86-generic/include -I/usr/src/linux-headers-5.4.0-86-generic/include/uapi -Iinclude/generated/uapi -I/usr/src/linux-headers-5.4.0-86-generic/arch/x86/include -Iarch/x86/include/generated -I/usr/src/linux-headers-5.4.0-86-generic/arch/x86/include -I/usr/src/linux-headers-5.4.0-86-generic/arch/x86/include/generated -I/usr/src/linux-headers-5.4.0-86-generic/include -I/usr/src/linux-headers-5.4.0-86-generic/include -I/usr/src/linux-headers-5.4.0-86-generic/include2 -include /usr/src/linux-headers-5.4.0-86-generic/include/linux/kconfig.h -o tmp_include_depends -o scripts -o include/config/MARKER -C /usr/src/linux-headers-5.4.0-86-generic EXTRA_CFLAGS=-Werror-implicit-function-declaration -Wno-unused-variable -Wno-uninitialized  CROSS_COMPILE= M=/home/lingbo11/zxm/rdma-kerndriver/compat/build/build_7kngA >/dev/null 2>/home/lingbo11/zxm/rdma-kerndriver/compat/build/build_7kngA/output.log; [ 0 -ne 0 ] && cat /home/lingbo11/zxm/rdma-kerndriver/compat/build/build_7kngA/output.log 1>&2 && false || config/warning_filter.sh /home/lingbo11/zxm/rdma-kerndriver/compat/build/build_7kngA/output.log
/home/lingbo11/zxm/rdma-kerndriver/compat/build/build_uJRQS/conftest.c: In function ‘main’:
/home/lingbo11/zxm/rdma-kerndriver/compat/build/build_uJRQS/conftest.c:32:44: error: storage size of ‘fn_state’ isn’t known
   32 |                 enum devlink_port_fn_state fn_state;
      |                                            ^~~~~~~~
make[1]: *** [scripts/Makefile.build:270: /home/lingbo11/zxm/rdma-kerndriver/compat/build/build_uJRQS/conftest.o] Error 1
make: *** [Makefile:1762: /home/lingbo11/zxm/rdma-kerndriver/compat/build/build_uJRQS] Error 2
/home/lingbo11/zxm/rdma-kerndriver/compat/build/build_uJRQS/conftest.c: In function ‘main’:
/home/lingbo11/zxm/rdma-kerndriver/compat/build/build_uJRQS/conftest.c:32:44: error: storage size of ‘fn_state’ isn’t known
   32 |                 enum devlink_port_fn_state fn_state;
      |                                            ^~~~~~~~
make[1]: *** [scripts/Makefile.build:270: /home/lingbo11/zxm/rdma-kerndriver/compat/build/build_uJRQS/conftest.o] Error 1
make: *** [Makefile:1762: /home/lingbo11/zxm/rdma-kerndriver/compat/build/build_uJRQS] Error 2
configure:18425: $? = 0
configure:18427: test -s /home/lingbo11/zxm/rdma-kerndriver/compat/build/build_uJRQS/conftest.o
configure:18430: $? = 1
configure: failed program was:
| /* confdefs.h.  */
| /* confdefs.h */
| #define PACKAGE_NAME "compat_mlnx"
| #define PACKAGE_TARNAME "compat_mlnx"
| #define PACKAGE_VERSION "2.3"
| #define PACKAGE_STRING "compat_mlnx 2.3"
| #define PACKAGE_BUGREPORT "http://support.mellanox.com/SupportWeb/service_center/SelfService"
| #define PACKAGE_URL ""
| #define PACKAGE "compat_mlnx"
| #define VERSION "2.3"
| #define STDC_HEADERS 1
| #define HAVE_SYS_TYPES_H 1
| #define HAVE_SYS_STAT_H 1
| #define HAVE_STDLIB_H 1
| #define HAVE_STRING_H 1
| #define HAVE_MEMORY_H 1
| #define HAVE_STRINGS_H 1
| #define HAVE_INTTYPES_H 1
| #define HAVE_STDINT_H 1
| #define HAVE_UNISTD_H 1
| #define SIZEOF_UNSIGNED_LONG_LONG 8
| /* end confdefs.h.  */
| 
| #include <linux/kernel.h>
| 
|                 #include <uapi/linux/devlink.h>
| 
| int
| main (void)
| {
| 
|                 enum devlink_port_fn_state fn_state;
|                 return 0;
| 
|   ;
|   return 0;
| }
configure:18445: result: no
/home/lingbo11/zxm/rdma-kerndriver/compat/build/build_T5SmW/conftest.c: In function ‘main’:
/home/lingbo11/zxm/rdma-kerndriver/compat/build/build_T5SmW/conftest.c:32:25: error: ‘DEVLINK_PORT_FLAVOUR_VIRTUAL’ undeclared (first use in this function); did you mean ‘DEVLINK_PORT_FLAVOUR_DSA’?
   32 |                 int i = DEVLINK_PORT_FLAVOUR_VIRTUAL;
      |                         ^~~~~~~~~~~~~~~~~~~~~~~~~~~~
      |                         DEVLINK_PORT_FLAVOUR_DSA
/home/lingbo11/zxm/rdma-kerndriver/compat/build/build_T5SmW/conftest.c:32:25: note: each undeclared identifier is reported only once for each function it appears in
make[1]: *** [scripts/Makefile.build:270: /home/lingbo11/zxm/rdma-kerndriver/compat/build/build_T5SmW/conftest.o] Error 1
make: *** [Makefile:1762: /home/lingbo11/zxm/rdma-kerndriver/compat/build/build_T5SmW] Error 2
/home/lingbo11/zxm/rdma-kerndriver/compat/build/build_T5SmW/conftest.c: In function ‘main’:
/home/lingbo11/zxm/rdma-kerndriver/compat/build/build_T5SmW/conftest.c:32:25: error: ‘DEVLINK_PORT_FLAVOUR_VIRTUAL’ undeclared (first use in this function); did you mean ‘DEVLINK_PORT_FLAVOUR_DSA’?
   32 |                 int i = DEVLINK_PORT_FLAVOUR_VIRTUAL;
      |                         ^~~~~~~~~~~~~~~~~~~~~~~~~~~~
      |                         DEVLINK_PORT_FLAVOUR_DSA
/home/lingbo11/zxm/rdma-kerndriver/compat/build/build_T5SmW/conftest.c:32:25: note: each undeclared identifier is reported only once for each function it appears in
make[1]: *** [scripts/Makefile.build:270: /home/lingbo11/zxm/rdma-kerndriver/compat/build/build_T5SmW/conftest.o] Error 1
make: *** [Makefile:1762: /home/lingbo11/zxm/rdma-kerndriver/compat/build/build_T5SmW] Error 2
configure:18725: $? = 0
configure:18727: test -s /home/lingbo11/zxm/rdma-kerndriver/compat/build/build_T5SmW/conftest.o
configure:18730: $? = 1
configure: failed program was:
| /* confdefs.h.  */
| /* confdefs.h */
| #define PACKAGE_NAME "compat_mlnx"
| #define PACKAGE_TARNAME "compat_mlnx"
| #define PACKAGE_VERSION "2.3"
| #define PACKAGE_STRING "compat_mlnx 2.3"
| #define PACKAGE_BUGREPORT "http://support.mellanox.com/SupportWeb/service_center/SelfService"
| #define PACKAGE_URL ""
| #define PACKAGE "compat_mlnx"
| #define VERSION "2.3"
| #define STDC_HEADERS 1
| #define HAVE_SYS_TYPES_H 1
| #define HAVE_SYS_STAT_H 1
| #define HAVE_STDLIB_H 1
| #define HAVE_STRING_H 1
| #define HAVE_MEMORY_H 1
| #define HAVE_STRINGS_H 1
| #define HAVE_INTTYPES_H 1
| #define HAVE_STDINT_H 1
| #define HAVE_UNISTD_H 1
| #define SIZEOF_UNSIGNED_LONG_LONG 8
| /* end confdefs.h.  */
| 
| #include <linux/kernel.h>
| 
|                 #include <uapi/linux/devlink.h>
| 
| int
| main (void)
| {
| 
|                 int i = DEVLINK_PORT_FLAVOUR_VIRTUAL;
|                 return 0;
| 
|   ;
|   return 0;
| }
configure:18745: result: no
/home/lingbo11/zxm/rdma-kerndriver/compat/build/build_5j6WE/conftest.c: In function ‘main’:
/home/lingbo11/zxm/rdma-kerndriver/compat/build/build_5j6WE/conftest.c:32:25: error: ‘DEVLINK_PORT_FLAVOUR_PCI_SF’ undeclared (first use in this function); did you mean ‘DEVLINK_PORT_FLAVOUR_PCI_VF’?
   32 |                 int i = DEVLINK_PORT_FLAVOUR_PCI_SF;
      |                         ^~~~~~~~~~~~~~~~~~~~~~~~~~~
      |                         DEVLINK_PORT_FLAVOUR_PCI_VF
/home/lingbo11/zxm/rdma-kerndriver/compat/build/build_5j6WE/conftest.c:32:25: note: each undeclared identifier is reported only once for each function it appears in
make[1]: *** [scripts/Makefile.build:270: /home/lingbo11/zxm/rdma-kerndriver/compat/build/build_5j6WE/conftest.o] Error 1
make: *** [Makefile:1762: /home/lingbo11/zxm/rdma-kerndriver/compat/build/build_5j6WE] Error 2
/home/lingbo11/zxm/rdma-kerndriver/compat/build/build_vGoB5/conftest.c: In function ‘main’:
/home/lingbo11/zxm/rdma-kerndriver/compat/build/build_vGoB5/conftest.c:32:46: error: storage size of ‘fn_opstate’ isn’t known
   32 |                 enum devlink_port_fn_opstate fn_opstate;
      |                                              ^~~~~~~~~~
make[1]: *** [scripts/Makefile.build:270: /home/lingbo11/zxm/rdma-kerndriver/compat/build/build_vGoB5/conftest.o] Error 1
make: *** [Makefile:1762: /home/lingbo11/zxm/rdma-kerndriver/compat/build/build_vGoB5] Error 2
/home/lingbo11/zxm/rdma-kerndriver/compat/build/build_5j6WE/conftest.c: In function ‘main’:
/home/lingbo11/zxm/rdma-kerndriver/compat/build/build_5j6WE/conftest.c:32:25: error: ‘DEVLINK_PORT_FLAVOUR_PCI_SF’ undeclared (first use in this function); did you mean ‘DEVLINK_PORT_FLAVOUR_PCI_VF’?
   32 |                 int i = DEVLINK_PORT_FLAVOUR_PCI_SF;
      |                         ^~~~~~~~~~~~~~~~~~~~~~~~~~~
      |                         DEVLINK_PORT_FLAVOUR_PCI_VF
/home/lingbo11/zxm/rdma-kerndriver/compat/build/build_5j6WE/conftest.c:32:25: note: each undeclared identifier is reported only once for each function it appears in
make[1]: *** [scripts/Makefile.build:270: /home/lingbo11/zxm/rdma-kerndriver/compat/build/build_5j6WE/conftest.o] Error 1
make: *** [Makefile:1762: /home/lingbo11/zxm/rdma-kerndriver/compat/build/build_5j6WE] Error 2
/home/lingbo11/zxm/rdma-kerndriver/compat/build/build_vGoB5/conftest.c: In function ‘main’:
/home/lingbo11/zxm/rdma-kerndriver/compat/build/build_vGoB5/conftest.c:32:46: error: storage size of ‘fn_opstate’ isn’t known
   32 |                 enum devlink_port_fn_opstate fn_opstate;
      |                                              ^~~~~~~~~~
make[1]: *** [scripts/Makefile.build:270: /home/lingbo11/zxm/rdma-kerndriver/compat/build/build_vGoB5/conftest.o] Error 1
make: *** [Makefile:1762: /home/lingbo11/zxm/rdma-kerndriver/compat/build/build_vGoB5] Error 2
configure:18575: $? = 0
configure:18577: test -s /home/lingbo11/zxm/rdma-kerndriver/compat/build/build_vGoB5/conftest.o
configure:18875: $? = 0
configure:18877: test -s /home/lingbo11/zxm/rdma-kerndriver/compat/build/build_5j6WE/conftest.o
configure:18580: $? = 1
configure: failed program was:
configure:18880: $? = 1
configure: failed program was:
| /* confdefs.h.  */
| /* confdefs.h */
| #define PACKAGE_NAME "compat_mlnx"
| #define PACKAGE_TARNAME "compat_mlnx"
| #define PACKAGE_VERSION "2.3"
| #define PACKAGE_STRING "compat_mlnx 2.3"
| #define PACKAGE_BUGREPORT "http://support.mellanox.com/SupportWeb/service_center/SelfService"
| #define PACKAGE_URL ""
| #define PACKAGE "compat_mlnx"
| #define VERSION "2.3"
| #define STDC_HEADERS 1
| #define HAVE_SYS_TYPES_H 1
| #define HAVE_SYS_STAT_H 1
| #define HAVE_STDLIB_H 1
| #define HAVE_STRING_H 1
| #define HAVE_MEMORY_H 1
| #define HAVE_STRINGS_H 1
| #define HAVE_INTTYPES_H 1
| #define HAVE_STDINT_H 1
| #define HAVE_UNISTD_H 1
| #define SIZEOF_UNSIGNED_LONG_LONG 8
| /* end confdefs.h.  */
| 
| #include <linux/kernel.h>
| 
|                 #include <uapi/linux/devlink.h>
| 
| int
| main (void)
| {
| 
|                 int i = DEVLINK_PORT_FLAVOUR_PCI_SF;
|                 return 0;
| 
|   ;
|   return 0;
| }
| /* confdefs.h.  */
| /* confdefs.h */
| #define PACKAGE_NAME "compat_mlnx"
| #define PACKAGE_TARNAME "compat_mlnx"
| #define PACKAGE_VERSION "2.3"
| #define PACKAGE_STRING "compat_mlnx 2.3"
| #define PACKAGE_BUGREPORT "http://support.mellanox.com/SupportWeb/service_center/SelfService"
| #define PACKAGE_URL ""
| #define PACKAGE "compat_mlnx"
| #define VERSION "2.3"
| #define STDC_HEADERS 1
| #define HAVE_SYS_TYPES_H 1
| #define HAVE_SYS_STAT_H 1
| #define HAVE_STDLIB_H 1
| #define HAVE_STRING_H 1
| #define HAVE_MEMORY_H 1
| #define HAVE_STRINGS_H 1
| #define HAVE_INTTYPES_H 1
| #define HAVE_STDINT_H 1
| #define HAVE_UNISTD_H 1
| #define SIZEOF_UNSIGNED_LONG_LONG 8
| /* end confdefs.h.  */
| 
| #include <linux/kernel.h>
| 
|                 #include <uapi/linux/devlink.h>
| 
| int
| main (void)
| {
| 
|                 enum devlink_port_fn_opstate fn_opstate;
|                 return 0;
| 
|   ;
|   return 0;
| }
configure:18895: result: no
configure:18595: result: no
/home/lingbo11/zxm/rdma-kerndriver/compat/build/build_dm1QJ/conftest.c:29:45: warning: ‘enum devlink_reload_limit’ declared inside parameter list will not be visible outside of this definition or declaration
   29 |     enum devlink_reload_action action, enum devlink_reload_limit limit,
      |                                             ^~~~~~~~~~~~~~~~~~~~
/home/lingbo11/zxm/rdma-kerndriver/compat/build/build_dm1QJ/conftest.c:29:10: warning: ‘enum devlink_reload_action’ declared inside parameter list will not be visible outside of this definition or declaration
   29 |     enum devlink_reload_action action, enum devlink_reload_limit limit,
      |          ^~~~~~~~~~~~~~~~~~~~~
/home/lingbo11/zxm/rdma-kerndriver/compat/build/build_dm1QJ/conftest.c:29:32: error: parameter 3 (‘action’) has incomplete type
   29 |     enum devlink_reload_action action, enum devlink_reload_limit limit,
      |     ~~~~~~~~~~~~~~~~~~~~~~~~~~~^~~~~~
/home/lingbo11/zxm/rdma-kerndriver/compat/build/build_dm1QJ/conftest.c:29:66: error: parameter 4 (‘limit’) has incomplete type
   29 |     enum devlink_reload_action action, enum devlink_reload_limit limit,
      |                                        ~~~~~~~~~~~~~~~~~~~~~~~~~~^~~~~
/home/lingbo11/zxm/rdma-kerndriver/compat/build/build_dm1QJ/conftest.c:28:14: error: function declaration isn’t a prototype [-Werror=strict-prototypes]
   28 |   static int devlink_reload_down(struct devlink *devlink, bool netns_change,
      |              ^~~~~~~~~~~~~~~~~~~
cc1: some warnings being treated as errors
make[1]: *** [scripts/Makefile.build:270: /home/lingbo11/zxm/rdma-kerndriver/compat/build/build_dm1QJ/conftest.o] Error 1
make: *** [Makefile:1762: /home/lingbo11/zxm/rdma-kerndriver/compat/build/build_dm1QJ] Error 2
/home/lingbo11/zxm/rdma-kerndriver/compat/build/build_dm1QJ/conftest.c:29:45: warning: ‘enum devlink_reload_limit’ declared inside parameter list will not be visible outside of this definition or declaration
   29 |     enum devlink_reload_action action, enum devlink_reload_limit limit,
      |                                             ^~~~~~~~~~~~~~~~~~~~
/home/lingbo11/zxm/rdma-kerndriver/compat/build/build_dm1QJ/conftest.c:29:10: warning: ‘enum devlink_reload_action’ declared inside parameter list will not be visible outside of this definition or declaration
   29 |     enum devlink_reload_action action, enum devlink_reload_limit limit,
      |          ^~~~~~~~~~~~~~~~~~~~~
/home/lingbo11/zxm/rdma-kerndriver/compat/build/build_dm1QJ/conftest.c:29:32: error: parameter 3 (‘action’) has incomplete type
   29 |     enum devlink_reload_action action, enum devlink_reload_limit limit,
      |     ~~~~~~~~~~~~~~~~~~~~~~~~~~~^~~~~~
/home/lingbo11/zxm/rdma-kerndriver/compat/build/build_dm1QJ/conftest.c:29:66: error: parameter 4 (‘limit’) has incomplete type
   29 |     enum devlink_reload_action action, enum devlink_reload_limit limit,
      |                                        ~~~~~~~~~~~~~~~~~~~~~~~~~~^~~~~
/home/lingbo11/zxm/rdma-kerndriver/compat/build/build_dm1QJ/conftest.c:28:14: error: function declaration isn’t a prototype [-Werror=strict-prototypes]
   28 |   static int devlink_reload_down(struct devlink *devlink, bool netns_change,
      |              ^~~~~~~~~~~~~~~~~~~
cc1: some warnings being treated as errors
make[1]: *** [scripts/Makefile.build:270: /home/lingbo11/zxm/rdma-kerndriver/compat/build/build_dm1QJ/conftest.o] Error 1
make: *** [Makefile:1762: /home/lingbo11/zxm/rdma-kerndriver/compat/build/build_dm1QJ] Error 2
/home/lingbo11/zxm/rdma-kerndriver/compat/build/build_LiqpI/conftest.c: In function ‘main’:
/home/lingbo11/zxm/rdma-kerndriver/compat/build/build_LiqpI/conftest.c:40:40: error: initialization of ‘int (*)(struct devlink *, struct netlink_ext_ack *)’ from incompatible pointer type ‘int (*)(struct devlink *, bool,  struct netlink_ext_ack *)’ {aka ‘int (*)(struct devlink *, _Bool,  struct netlink_ext_ack *)’} [-Werror=incompatible-pointer-types]
   40 |                         .reload_down = devlink_reload_down,
      |                                        ^~~~~~~~~~~~~~~~~~~
/home/lingbo11/zxm/rdma-kerndriver/compat/build/build_LiqpI/conftest.c:40:40: note: (near initialization for ‘dlops.reload_down’)
cc1: some warnings being treated as errors
make[1]: *** [scripts/Makefile.build:270: /home/lingbo11/zxm/rdma-kerndriver/compat/build/build_LiqpI/conftest.o] Error 1
make: *** [Makefile:1762: /home/lingbo11/zxm/rdma-kerndriver/compat/build/build_LiqpI] Error 2
/home/lingbo11/zxm/rdma-kerndriver/compat/build/build_IlYbO/conftest.c: In function ‘main’:
/home/lingbo11/zxm/rdma-kerndriver/compat/build/build_IlYbO/conftest.c:32:11: error: ‘DEVLINK_PARAM_GENERIC_ID_ENABLE_REMOTE_DEV_RESET’ undeclared (first use in this function); did you mean ‘DEVLINK_PARAM_GENERIC_ID_ENABLE_ROCE’?
   32 |   int i = DEVLINK_PARAM_GENERIC_ID_ENABLE_REMOTE_DEV_RESET;
      |           ^~~~~~~~~~~~~~~~~~~~~~~~~~~~~~~~~~~~~~~~~~~~~~~~
      |           DEVLINK_PARAM_GENERIC_ID_ENABLE_ROCE
/home/lingbo11/zxm/rdma-kerndriver/compat/build/build_IlYbO/conftest.c:32:11: note: each undeclared identifier is reported only once for each function it appears in
make[1]: *** [scripts/Makefile.build:270: /home/lingbo11/zxm/rdma-kerndriver/compat/build/build_IlYbO/conftest.o] Error 1
make: *** [Makefile:1762: /home/lingbo11/zxm/rdma-kerndriver/compat/build/build_IlYbO] Error 2
warning_filter.sh: treating warnings as errors!
/home/lingbo11/zxm/rdma-kerndriver/compat/build/build_LiqpI/conftest.c: In function ‘main’:
/home/lingbo11/zxm/rdma-kerndriver/compat/build/build_LiqpI/conftest.c:40:40: error: initialization of ‘int (*)(struct devlink *, struct netlink_ext_ack *)’ from incompatible pointer type ‘int (*)(struct devlink *, bool,  struct netlink_ext_ack *)’ {aka ‘int (*)(struct devlink *, _Bool,  struct netlink_ext_ack *)’} [-Werror=incompatible-pointer-types]
   40 |                         .reload_down = devlink_reload_down,
      |                                        ^~~~~~~~~~~~~~~~~~~
/home/lingbo11/zxm/rdma-kerndriver/compat/build/build_LiqpI/conftest.c:40:40: note: (near initialization for ‘dlops.reload_down’)
cc1: some warnings being treated as errors
make[1]: *** [scripts/Makefile.build:270: /home/lingbo11/zxm/rdma-kerndriver/compat/build/build_LiqpI/conftest.o] Error 1
make: *** [Makefile:1762: /home/lingbo11/zxm/rdma-kerndriver/compat/build/build_LiqpI] Error 2
/home/lingbo11/zxm/rdma-kerndriver/compat/build/build_06UIY/conftest.c: In function ‘main’:
/home/lingbo11/zxm/rdma-kerndriver/compat/build/build_06UIY/conftest.c:32:3: error: too few arguments to function ‘devlink_port_attrs_set’
   32 |   devlink_port_attrs_set(NULL, 0, 0, 0, 0);
      |   ^~~~~~~~~~~~~~~~~~~~~~
In file included from /home/lingbo11/zxm/rdma-kerndriver/compat/build/build_06UIY/conftest.c:26:
include/net/devlink.h:794:6: note: declared here
  794 | void devlink_port_attrs_set(struct devlink_port *devlink_port,
      |      ^~~~~~~~~~~~~~~~~~~~~~
make[1]: *** [scripts/Makefile.build:270: /home/lingbo11/zxm/rdma-kerndriver/compat/build/build_06UIY/conftest.o] Error 1
make: *** [Makefile:1762: /home/lingbo11/zxm/rdma-kerndriver/compat/build/build_06UIY] Error 2
/home/lingbo11/zxm/rdma-kerndriver/compat/build/build_dm1QJ/conftest.c:29:45: warning: ‘enum devlink_reload_limit’ declared inside parameter list will not be visible outside of this definition or declaration
/home/lingbo11/zxm/rdma-kerndriver/compat/build/build_dm1QJ/conftest.c:29:10: warning: ‘enum devlink_reload_action’ declared inside parameter list will not be visible outside of this definition or declaration
/home/lingbo11/zxm/rdma-kerndriver/compat/build/build_IlYbO/conftest.c: In function ‘main’:
/home/lingbo11/zxm/rdma-kerndriver/compat/build/build_IlYbO/conftest.c:32:11: error: ‘DEVLINK_PARAM_GENERIC_ID_ENABLE_REMOTE_DEV_RESET’ undeclared (first use in this function); did you mean ‘DEVLINK_PARAM_GENERIC_ID_ENABLE_ROCE’?
   32 |   int i = DEVLINK_PARAM_GENERIC_ID_ENABLE_REMOTE_DEV_RESET;
      |           ^~~~~~~~~~~~~~~~~~~~~~~~~~~~~~~~~~~~~~~~~~~~~~~~
      |           DEVLINK_PARAM_GENERIC_ID_ENABLE_ROCE
/home/lingbo11/zxm/rdma-kerndriver/compat/build/build_IlYbO/conftest.c:32:11: note: each undeclared identifier is reported only once for each function it appears in
make[1]: *** [scripts/Makefile.build:270: /home/lingbo11/zxm/rdma-kerndriver/compat/build/build_IlYbO/conftest.o] Error 1
make: *** [Makefile:1762: /home/lingbo11/zxm/rdma-kerndriver/compat/build/build_IlYbO] Error 2
configure:20499: $? = 1
configure: failed program was:
warning_filter.sh: treating warnings as errors!
/home/lingbo11/zxm/rdma-kerndriver/compat/build/build_06UIY/conftest.c: In function ‘main’:
/home/lingbo11/zxm/rdma-kerndriver/compat/build/build_06UIY/conftest.c:32:3: error: too few arguments to function ‘devlink_port_attrs_set’
   32 |   devlink_port_attrs_set(NULL, 0, 0, 0, 0);
      |   ^~~~~~~~~~~~~~~~~~~~~~
In file included from /home/lingbo11/zxm/rdma-kerndriver/compat/build/build_06UIY/conftest.c:26:
include/net/devlink.h:794:6: note: declared here
  794 | void devlink_port_attrs_set(struct devlink_port *devlink_port,
      |      ^~~~~~~~~~~~~~~~~~~~~~
make[1]: *** [scripts/Makefile.build:270: /home/lingbo11/zxm/rdma-kerndriver/compat/build/build_06UIY/conftest.o] Error 1
make: *** [Makefile:1762: /home/lingbo11/zxm/rdma-kerndriver/compat/build/build_06UIY] Error 2
/home/lingbo11/zxm/rdma-kerndriver/compat/build/build_Xy3BB/conftest.c: In function ‘main’:
/home/lingbo11/zxm/rdma-kerndriver/compat/build/build_Xy3BB/conftest.c:39:15: error: initialization of ‘int (*)(struct devlink_health_reporter *, void *)’ from incompatible pointer type ‘int (*)(struct devlink_health_reporter *, void *, struct netlink_ext_ack *)’ [-Werror=incompatible-pointer-types]
   39 |    .recover = reporter_recover
      |               ^~~~~~~~~~~~~~~~
/home/lingbo11/zxm/rdma-kerndriver/compat/build/build_Xy3BB/conftest.c:39:15: note: (near initialization for ‘mlx5_tx_reporter_ops.recover’)
cc1: some warnings being treated as errors
make[1]: *** [scripts/Makefile.build:270: /home/lingbo11/zxm/rdma-kerndriver/compat/build/build_Xy3BB/conftest.o] Error 1
make: *** [Makefile:1762: /home/lingbo11/zxm/rdma-kerndriver/compat/build/build_Xy3BB] Error 2
| /* confdefs.h.  */
| /* confdefs.h */
| #define PACKAGE_NAME "compat_mlnx"
| #define PACKAGE_TARNAME "compat_mlnx"
| #define PACKAGE_VERSION "2.3"
| #define PACKAGE_STRING "compat_mlnx 2.3"
| #define PACKAGE_BUGREPORT "http://support.mellanox.com/SupportWeb/service_center/SelfService"
| #define PACKAGE_URL ""
| #define PACKAGE "compat_mlnx"
| #define VERSION "2.3"
| #define STDC_HEADERS 1
| #define HAVE_SYS_TYPES_H 1
| #define HAVE_SYS_STAT_H 1
| #define HAVE_STDLIB_H 1
| #define HAVE_STRING_H 1
| #define HAVE_MEMORY_H 1
| #define HAVE_STRINGS_H 1
| #define HAVE_INTTYPES_H 1
| #define HAVE_STDINT_H 1
| #define HAVE_UNISTD_H 1
| #define SIZEOF_UNSIGNED_LONG_LONG 8
| /* end confdefs.h.  */
| 
| #include <linux/kernel.h>
| 
|                 #include <net/devlink.h>
| 
| 		static int devlink_reload_down(struct devlink *devlink, bool netns_change,
| 				enum devlink_reload_action action, enum devlink_reload_limit limit,
|                 		struct netlink_ext_ack *extack)
| 		{
| 		        return 0;
| 		}
| 
| 
| int
| main (void)
| {
| 
|                 struct devlink_ops dlops = {
|                         .reload_down = devlink_reload_down,
| 		};
| 
|                 return 0;
| 
|   ;
|   return 0;
| }
/home/lingbo11/zxm/rdma-kerndriver/compat/build/build_LiqpI/conftest.c:40:40: error: initialization of ‘int (*)(struct devlink *, struct netlink_ext_ack *)’ from incompatible pointer type ‘int (*)(struct devlink *, bool,  struct netlink_ext_ack *)’ {aka ‘int (*)(struct devlink *, _Bool,  struct netlink_ext_ack *)’} [-Werror=incompatible-pointer-types]
configure:20519: result: no
configure:18275: $? = 0
configure:18277: test -s /home/lingbo11/zxm/rdma-kerndriver/compat/build/build_IlYbO/conftest.o
configure:20327: $? = 1
configure: failed program was:
/home/lingbo11/zxm/rdma-kerndriver/compat/build/build_Xy3BB/conftest.c: In function ‘main’:
/home/lingbo11/zxm/rdma-kerndriver/compat/build/build_Xy3BB/conftest.c:39:15: error: initialization of ‘int (*)(struct devlink_health_reporter *, void *)’ from incompatible pointer type ‘int (*)(struct devlink_health_reporter *, void *, struct netlink_ext_ack *)’ [-Werror=incompatible-pointer-types]
   39 |    .recover = reporter_recover
      |               ^~~~~~~~~~~~~~~~
/home/lingbo11/zxm/rdma-kerndriver/compat/build/build_Xy3BB/conftest.c:39:15: note: (near initialization for ‘mlx5_tx_reporter_ops.recover’)
cc1: some warnings being treated as errors
make[1]: *** [scripts/Makefile.build:270: /home/lingbo11/zxm/rdma-kerndriver/compat/build/build_Xy3BB/conftest.o] Error 1
make: *** [Makefile:1762: /home/lingbo11/zxm/rdma-kerndriver/compat/build/build_Xy3BB] Error 2
configure:18280: $? = 1
configure: failed program was:
configure:17825: $? = 0
configure:17827: test -s /home/lingbo11/zxm/rdma-kerndriver/compat/build/build_06UIY/conftest.o
| /* confdefs.h.  */
| /* confdefs.h */
| #define PACKAGE_NAME "compat_mlnx"
| #define PACKAGE_TARNAME "compat_mlnx"
| #define PACKAGE_VERSION "2.3"
| #define PACKAGE_STRING "compat_mlnx 2.3"
| #define PACKAGE_BUGREPORT "http://support.mellanox.com/SupportWeb/service_center/SelfService"
| #define PACKAGE_URL ""
| #define PACKAGE "compat_mlnx"
| #define VERSION "2.3"
| #define STDC_HEADERS 1
| #define HAVE_SYS_TYPES_H 1
| #define HAVE_SYS_STAT_H 1
| #define HAVE_STDLIB_H 1
| #define HAVE_STRING_H 1
| #define HAVE_MEMORY_H 1
| #define HAVE_STRINGS_H 1
| #define HAVE_INTTYPES_H 1
| #define HAVE_STDINT_H 1
| #define HAVE_UNISTD_H 1
| #define SIZEOF_UNSIGNED_LONG_LONG 8
| /* end confdefs.h.  */
| 
| #include <linux/kernel.h>
| 
|                 #include <net/devlink.h>
| 
| 		static int devlink_reload_down(struct devlink *devlink, bool netns_change,
|                                     struct netlink_ext_ack *extack)
| 		{
| 		        return 0;
| 		}
| 
| 
| int
| main (void)
| {
| 
|                 struct devlink_ops dlops = {
|                         .reload_down = devlink_reload_down,
| 		};
| 
|                 return 0;
| 
|   ;
|   return 0;
| }
configure:17830: $? = 1
configure: failed program was:
| /* confdefs.h.  */
| /* confdefs.h */
| #define PACKAGE_NAME "compat_mlnx"
| #define PACKAGE_TARNAME "compat_mlnx"
| #define PACKAGE_VERSION "2.3"
| #define PACKAGE_STRING "compat_mlnx 2.3"
| #define PACKAGE_BUGREPORT "http://support.mellanox.com/SupportWeb/service_center/SelfService"
| #define PACKAGE_URL ""
| #define PACKAGE "compat_mlnx"
| #define VERSION "2.3"
| #define STDC_HEADERS 1
| #define HAVE_SYS_TYPES_H 1
| #define HAVE_SYS_STAT_H 1
| #define HAVE_STDLIB_H 1
| #define HAVE_STRING_H 1
| #define HAVE_MEMORY_H 1
| #define HAVE_STRINGS_H 1
| #define HAVE_INTTYPES_H 1
| #define HAVE_STDINT_H 1
| #define HAVE_UNISTD_H 1
| #define SIZEOF_UNSIGNED_LONG_LONG 8
| /* end confdefs.h.  */
| 
| #include <linux/kernel.h>
| 
| 		#include <net/devlink.h>
| 
| int
| main (void)
| {
| 
| 		int i = DEVLINK_PARAM_GENERIC_ID_ENABLE_REMOTE_DEV_RESET;
| 		return 0;
| 
|   ;
|   return 0;
| }
configure:20347: result: no
configure:18295: result: no
warning_filter.sh: treating warnings as errors!
| /* confdefs.h.  */
| /* confdefs.h */
| #define PACKAGE_NAME "compat_mlnx"
| #define PACKAGE_TARNAME "compat_mlnx"
| #define PACKAGE_VERSION "2.3"
| #define PACKAGE_STRING "compat_mlnx 2.3"
| #define PACKAGE_BUGREPORT "http://support.mellanox.com/SupportWeb/service_center/SelfService"
| #define PACKAGE_URL ""
| #define PACKAGE "compat_mlnx"
| #define VERSION "2.3"
| #define STDC_HEADERS 1
| #define HAVE_SYS_TYPES_H 1
| #define HAVE_SYS_STAT_H 1
| #define HAVE_STDLIB_H 1
| #define HAVE_STRING_H 1
| #define HAVE_MEMORY_H 1
| #define HAVE_STRINGS_H 1
| #define HAVE_INTTYPES_H 1
| #define HAVE_STDINT_H 1
| #define HAVE_UNISTD_H 1
| #define SIZEOF_UNSIGNED_LONG_LONG 8
| /* end confdefs.h.  */
| 
| #include <linux/kernel.h>
| 
| 		#include <net/devlink.h>
| 
| int
| main (void)
| {
| 
| 		devlink_port_attrs_set(NULL, 0, 0, 0, 0);
| 		return 0;
| 
|   ;
|   return 0;
| }
configure:17845: result: no
/home/lingbo11/zxm/rdma-kerndriver/compat/build/build_Xy3BB/conftest.c:39:15: error: initialization of ‘int (*)(struct devlink_health_reporter *, void *)’ from incompatible pointer type ‘int (*)(struct devlink_health_reporter *, void *, struct netlink_ext_ack *)’ [-Werror=incompatible-pointer-types]
configure:16765: $? = 1
configure: failed program was:
/home/lingbo11/zxm/rdma-kerndriver/compat/build/build_Yonoq/conftest.c: In function ‘main’:
/home/lingbo11/zxm/rdma-kerndriver/compat/build/build_Yonoq/conftest.c:32:3: error: too few arguments to function ‘devlink_port_attrs_set’
   32 |   devlink_port_attrs_set(NULL, 0);
      |   ^~~~~~~~~~~~~~~~~~~~~~
In file included from /home/lingbo11/zxm/rdma-kerndriver/compat/build/build_Yonoq/conftest.c:26:
include/net/devlink.h:794:6: note: declared here
  794 | void devlink_port_attrs_set(struct devlink_port *devlink_port,
      |      ^~~~~~~~~~~~~~~~~~~~~~
make[1]: *** [scripts/Makefile.build:270: /home/lingbo11/zxm/rdma-kerndriver/compat/build/build_Yonoq/conftest.o] Error 1
make: *** [Makefile:1762: /home/lingbo11/zxm/rdma-kerndriver/compat/build/build_Yonoq] Error 2
| /* confdefs.h.  */
| /* confdefs.h */
| #define PACKAGE_NAME "compat_mlnx"
| #define PACKAGE_TARNAME "compat_mlnx"
| #define PACKAGE_VERSION "2.3"
| #define PACKAGE_STRING "compat_mlnx 2.3"
| #define PACKAGE_BUGREPORT "http://support.mellanox.com/SupportWeb/service_center/SelfService"
| #define PACKAGE_URL ""
| #define PACKAGE "compat_mlnx"
| #define VERSION "2.3"
| #define STDC_HEADERS 1
| #define HAVE_SYS_TYPES_H 1
| #define HAVE_SYS_STAT_H 1
| #define HAVE_STDLIB_H 1
| #define HAVE_STRING_H 1
| #define HAVE_MEMORY_H 1
| #define HAVE_STRINGS_H 1
| #define HAVE_INTTYPES_H 1
| #define HAVE_STDINT_H 1
| #define HAVE_UNISTD_H 1
| #define SIZEOF_UNSIGNED_LONG_LONG 8
| /* end confdefs.h.  */
| 
| #include <linux/kernel.h>
| 
|                 #include <net/devlink.h>
| 		static int reporter_recover(struct devlink_health_reporter *reporter,
| 						     void *context,
| 						     struct netlink_ext_ack *extack)
| 		{
| 			return 0;
| 		}
| 
| int
| main (void)
| {
| 
| 		struct devlink_health_reporter_ops mlx5_tx_reporter_ops = {
| 			.recover = reporter_recover
| 		}
| 
|   ;
|   return 0;
| }
configure:16785: result: no
/home/lingbo11/zxm/rdma-kerndriver/compat/build/build_5BjWV/conftest.c: In function ‘main’:
/home/lingbo11/zxm/rdma-kerndriver/compat/build/build_5BjWV/conftest.c:32:3: error: implicit declaration of function ‘devlink_fmsg_binary_pair_nest_start’; did you mean ‘devlink_fmsg_arr_pair_nest_start’? [-Werror=implicit-function-declaration]
   32 |   devlink_fmsg_binary_pair_nest_start(NULL, NULL);
      |   ^~~~~~~~~~~~~~~~~~~~~~~~~~~~~~~~~~~
      |   devlink_fmsg_arr_pair_nest_start
cc1: some warnings being treated as errors
make[1]: *** [scripts/Makefile.build:270: /home/lingbo11/zxm/rdma-kerndriver/compat/build/build_5BjWV/conftest.o] Error 1
make: *** [Makefile:1762: /home/lingbo11/zxm/rdma-kerndriver/compat/build/build_5BjWV] Error 2
/home/lingbo11/zxm/rdma-kerndriver/compat/build/build_Yonoq/conftest.c: In function ‘main’:
/home/lingbo11/zxm/rdma-kerndriver/compat/build/build_Yonoq/conftest.c:32:3: error: too few arguments to function ‘devlink_port_attrs_set’
   32 |   devlink_port_attrs_set(NULL, 0);
      |   ^~~~~~~~~~~~~~~~~~~~~~
In file included from /home/lingbo11/zxm/rdma-kerndriver/compat/build/build_Yonoq/conftest.c:26:
include/net/devlink.h:794:6: note: declared here
  794 | void devlink_port_attrs_set(struct devlink_port *devlink_port,
      |      ^~~~~~~~~~~~~~~~~~~~~~
make[1]: *** [scripts/Makefile.build:270: /home/lingbo11/zxm/rdma-kerndriver/compat/build/build_Yonoq/conftest.o] Error 1
make: *** [Makefile:1762: /home/lingbo11/zxm/rdma-kerndriver/compat/build/build_Yonoq] Error 2
/home/lingbo11/zxm/rdma-kerndriver/compat/build/build_5BjWV/conftest.c: In function ‘main’:
/home/lingbo11/zxm/rdma-kerndriver/compat/build/build_5BjWV/conftest.c:32:3: error: implicit declaration of function ‘devlink_fmsg_binary_pair_nest_start’; did you mean ‘devlink_fmsg_arr_pair_nest_start’? [-Werror=implicit-function-declaration]
   32 |   devlink_fmsg_binary_pair_nest_start(NULL, NULL);
      |   ^~~~~~~~~~~~~~~~~~~~~~~~~~~~~~~~~~~
      |   devlink_fmsg_arr_pair_nest_start
cc1: some warnings being treated as errors
make[1]: *** [scripts/Makefile.build:270: /home/lingbo11/zxm/rdma-kerndriver/compat/build/build_5BjWV/conftest.o] Error 1
make: *** [Makefile:1762: /home/lingbo11/zxm/rdma-kerndriver/compat/build/build_5BjWV] Error 2
configure:17975: $? = 0
configure:17977: test -s /home/lingbo11/zxm/rdma-kerndriver/compat/build/build_Yonoq/conftest.o
configure:16001: $? = 0
configure:16003: test -s /home/lingbo11/zxm/rdma-kerndriver/compat/build/build_5BjWV/conftest.o
configure:17980: $? = 1
configure: failed program was:
configure:16006: $? = 1
configure: failed program was:
| /* confdefs.h.  */
| /* confdefs.h */
| #define PACKAGE_NAME "compat_mlnx"
| #define PACKAGE_TARNAME "compat_mlnx"
| #define PACKAGE_VERSION "2.3"
| #define PACKAGE_STRING "compat_mlnx 2.3"
| #define PACKAGE_BUGREPORT "http://support.mellanox.com/SupportWeb/service_center/SelfService"
| #define PACKAGE_URL ""
| #define PACKAGE "compat_mlnx"
| #define VERSION "2.3"
| #define STDC_HEADERS 1
| #define HAVE_SYS_TYPES_H 1
| #define HAVE_SYS_STAT_H 1
| #define HAVE_STDLIB_H 1
| #define HAVE_STRING_H 1
| #define HAVE_MEMORY_H 1
| #define HAVE_STRINGS_H 1
| #define HAVE_INTTYPES_H 1
| #define HAVE_STDINT_H 1
| #define HAVE_UNISTD_H 1
| #define SIZEOF_UNSIGNED_LONG_LONG 8
| /* end confdefs.h.  */
| 
| #include <linux/kernel.h>
| 
| 		#include <net/devlink.h>
| 
| int
| main (void)
| {
| 
| 		devlink_port_attrs_set(NULL, 0);
| 		return 0;
| 
|   ;
|   return 0;
| }
configure:17995: result: no
/home/lingbo11/zxm/rdma-kerndriver/compat/build/build_gadeR/conftest.c:30:66: warning: ‘enum devlink_port_fn_opstate’ declared inside parameter list will not be visible outside of this definition or declaration
   30 |                                                             enum devlink_port_fn_opstate *opstate,
      |                                                                  ^~~~~~~~~~~~~~~~~~~~~~~
/home/lingbo11/zxm/rdma-kerndriver/compat/build/build_gadeR/conftest.c:29:66: warning: ‘enum devlink_port_fn_state’ declared inside parameter list will not be visible outside of this definition or declaration
   29 |                                                             enum devlink_port_fn_state *state,
      |                                                                  ^~~~~~~~~~~~~~~~~~~~~
/home/lingbo11/zxm/rdma-kerndriver/compat/build/build_gadeR/conftest.c: In function ‘main’:
/home/lingbo11/zxm/rdma-kerndriver/compat/build/build_gadeR/conftest.c:42:25: error: ‘struct devlink_ops’ has no member named ‘port_fn_state_get’
   42 |                        .port_fn_state_get = mlx5_devlink_sf_port_fn_state_get,
      |                         ^~~~~~~~~~~~~~~~~
/home/lingbo11/zxm/rdma-kerndriver/compat/build/build_gadeR/conftest.c:42:45: error: initialization of ‘int (*)(struct devlink *, struct netlink_ext_ack *)’ from incompatible pointer type ‘int (*)(struct devlink_port *, enum devlink_port_fn_state *, enum devlink_port_fn_opstate *, struct netlink_ext_ack *)’ [-Werror=incompatible-pointer-types]
   42 |                        .port_fn_state_get = mlx5_devlink_sf_port_fn_state_get,
      |                                             ^~~~~~~~~~~~~~~~~~~~~~~~~~~~~~~~~
/home/lingbo11/zxm/rdma-kerndriver/compat/build/build_gadeR/conftest.c:42:45: note: (near initialization for ‘dlops.reload_down’)
cc1: some warnings being treated as errors
make[1]: *** [scripts/Makefile.build:270: /home/lingbo11/zxm/rdma-kerndriver/compat/build/build_gadeR/conftest.o] Error 1
make: *** [Makefile:1762: /home/lingbo11/zxm/rdma-kerndriver/compat/build/build_gadeR] Error 2
| /* confdefs.h.  */
| /* confdefs.h */
| #define PACKAGE_NAME "compat_mlnx"
| #define PACKAGE_TARNAME "compat_mlnx"
| #define PACKAGE_VERSION "2.3"
| #define PACKAGE_STRING "compat_mlnx 2.3"
| #define PACKAGE_BUGREPORT "http://support.mellanox.com/SupportWeb/service_center/SelfService"
| #define PACKAGE_URL ""
| #define PACKAGE "compat_mlnx"
| #define VERSION "2.3"
| #define STDC_HEADERS 1
| #define HAVE_SYS_TYPES_H 1
| #define HAVE_SYS_STAT_H 1
| #define HAVE_STDLIB_H 1
| #define HAVE_STRING_H 1
| #define HAVE_MEMORY_H 1
| #define HAVE_STRINGS_H 1
| #define HAVE_INTTYPES_H 1
| #define HAVE_STDINT_H 1
| #define HAVE_UNISTD_H 1
| #define SIZEOF_UNSIGNED_LONG_LONG 8
| /* end confdefs.h.  */
| 
| #include <linux/kernel.h>
| 
| 		#include <net/devlink.h>
| 
| int
| main (void)
| {
| 
| 		devlink_fmsg_binary_pair_nest_start(NULL, NULL);
| 
| 		return 0;
| 
|   ;
|   return 0;
| }
configure:16021: result: no
/home/lingbo11/zxm/rdma-kerndriver/compat/build/build_gAmyD/conftest.c: In function ‘main’:
/home/lingbo11/zxm/rdma-kerndriver/compat/build/build_gAmyD/conftest.c:40:19: error: ‘struct devlink_ops’ has no member named ‘reload’; did you mean ‘reload_up’?
   40 |                  .reload = devlink_reload,
      |                   ^~~~~~
      |                   reload_up
make[1]: *** [scripts/Makefile.build:270: /home/lingbo11/zxm/rdma-kerndriver/compat/build/build_gAmyD/conftest.o] Error 1
make: *** [Makefile:1762: /home/lingbo11/zxm/rdma-kerndriver/compat/build/build_gAmyD] Error 2
/home/lingbo11/zxm/rdma-kerndriver/compat/build/build_gadeR/conftest.c:30:66: warning: ‘enum devlink_port_fn_opstate’ declared inside parameter list will not be visible outside of this definition or declaration
   30 |                                                             enum devlink_port_fn_opstate *opstate,
      |                                                                  ^~~~~~~~~~~~~~~~~~~~~~~
/home/lingbo11/zxm/rdma-kerndriver/compat/build/build_gadeR/conftest.c:29:66: warning: ‘enum devlink_port_fn_state’ declared inside parameter list will not be visible outside of this definition or declaration
   29 |                                                             enum devlink_port_fn_state *state,
      |                                                                  ^~~~~~~~~~~~~~~~~~~~~
/home/lingbo11/zxm/rdma-kerndriver/compat/build/build_gadeR/conftest.c: In function ‘main’:
/home/lingbo11/zxm/rdma-kerndriver/compat/build/build_gadeR/conftest.c:42:25: error: ‘struct devlink_ops’ has no member named ‘port_fn_state_get’
   42 |                        .port_fn_state_get = mlx5_devlink_sf_port_fn_state_get,
      |                         ^~~~~~~~~~~~~~~~~
/home/lingbo11/zxm/rdma-kerndriver/compat/build/build_gadeR/conftest.c:42:45: error: initialization of ‘int (*)(struct devlink *, struct netlink_ext_ack *)’ from incompatible pointer type ‘int (*)(struct devlink_port *, enum devlink_port_fn_state *, enum devlink_port_fn_opstate *, struct netlink_ext_ack *)’ [-Werror=incompatible-pointer-types]
   42 |                        .port_fn_state_get = mlx5_devlink_sf_port_fn_state_get,
      |                                             ^~~~~~~~~~~~~~~~~~~~~~~~~~~~~~~~~
/home/lingbo11/zxm/rdma-kerndriver/compat/build/build_gadeR/conftest.c:42:45: note: (near initialization for ‘dlops.reload_down’)
cc1: some warnings being treated as errors
make[1]: *** [scripts/Makefile.build:270: /home/lingbo11/zxm/rdma-kerndriver/compat/build/build_gadeR/conftest.o] Error 1
make: *** [Makefile:1762: /home/lingbo11/zxm/rdma-kerndriver/compat/build/build_gadeR] Error 2
/home/lingbo11/zxm/rdma-kerndriver/compat/build/build_7kngA/conftest.c: In function ‘main’:
/home/lingbo11/zxm/rdma-kerndriver/compat/build/build_7kngA/conftest.c:32:10: error: variable ‘dlops’ has initializer but incomplete type
   32 |   struct devlink_port_ops dlops = {
      |          ^~~~~~~~~~~~~~~~
/home/lingbo11/zxm/rdma-kerndriver/compat/build/build_7kngA/conftest.c:32:27: error: storage size of ‘dlops’ isn’t known
   32 |   struct devlink_port_ops dlops = {
      |                           ^~~~~
make[1]: *** [scripts/Makefile.build:270: /home/lingbo11/zxm/rdma-kerndriver/compat/build/build_7kngA/conftest.o] Error 1
make: *** [Makefile:1762: /home/lingbo11/zxm/rdma-kerndriver/compat/build/build_7kngA] Error 2
/home/lingbo11/zxm/rdma-kerndriver/compat/build/build_gAmyD/conftest.c: In function ‘main’:
/home/lingbo11/zxm/rdma-kerndriver/compat/build/build_gAmyD/conftest.c:40:19: error: ‘struct devlink_ops’ has no member named ‘reload’; did you mean ‘reload_up’?
   40 |                  .reload = devlink_reload,
      |                   ^~~~~~
      |                   reload_up
make[1]: *** [scripts/Makefile.build:270: /home/lingbo11/zxm/rdma-kerndriver/compat/build/build_gAmyD/conftest.o] Error 1
make: *** [Makefile:1762: /home/lingbo11/zxm/rdma-kerndriver/compat/build/build_gAmyD] Error 2
warning_filter.sh: treating warnings as errors!
/home/lingbo11/zxm/rdma-kerndriver/compat/build/build_7kngA/conftest.c: In function ‘main’:
/home/lingbo11/zxm/rdma-kerndriver/compat/build/build_7kngA/conftest.c:32:10: error: variable ‘dlops’ has initializer but incomplete type
   32 |   struct devlink_port_ops dlops = {
      |          ^~~~~~~~~~~~~~~~
/home/lingbo11/zxm/rdma-kerndriver/compat/build/build_7kngA/conftest.c:32:27: error: storage size of ‘dlops’ isn’t known
   32 |   struct devlink_port_ops dlops = {
      |                           ^~~~~
make[1]: *** [scripts/Makefile.build:270: /home/lingbo11/zxm/rdma-kerndriver/compat/build/build_7kngA/conftest.o] Error 1
make: *** [Makefile:1762: /home/lingbo11/zxm/rdma-kerndriver/compat/build/build_7kngA] Error 2
/home/lingbo11/zxm/rdma-kerndriver/compat/build/build_gadeR/conftest.c:30:66: warning: ‘enum devlink_port_fn_opstate’ declared inside parameter list will not be visible outside of this definition or declaration
/home/lingbo11/zxm/rdma-kerndriver/compat/build/build_gadeR/conftest.c:29:66: warning: ‘enum devlink_port_fn_state’ declared inside parameter list will not be visible outside of this definition or declaration
/home/lingbo11/zxm/rdma-kerndriver/compat/build/build_gadeR/conftest.c:42:45: error: initialization of ‘int (*)(struct devlink *, struct netlink_ext_ack *)’ from incompatible pointer type ‘int (*)(struct devlink_port *, enum devlink_port_fn_state *, enum devlink_port_fn_opstate *, struct netlink_ext_ack *)’ [-Werror=incompatible-pointer-types]
/home/lingbo11/zxm/rdma-kerndriver/compat/build/build_n5G79/conftest.c: In function ‘main’:
/home/lingbo11/zxm/rdma-kerndriver/compat/build/build_n5G79/conftest.c:37:11: error: initialization of ‘int (*)(struct devlink *, u32,  struct devlink_param_gset_ctx *)’ {aka ‘int (*)(struct devlink *, unsigned int,  struct devlink_param_gset_ctx *)’} from incompatible pointer type ‘int (*)(struct devlink *, u32,  struct devlink_param_gset_ctx *, struct netlink_ext_ack *)’ {aka ‘int (*)(struct devlink *, unsigned int,  struct devlink_param_gset_ctx *, struct netlink_ext_ack *)’} [-Werror=incompatible-pointer-types]
   37 |    .set = param_set,
      |           ^~~~~~~~~
/home/lingbo11/zxm/rdma-kerndriver/compat/build/build_n5G79/conftest.c:37:11: note: (near initialization for ‘dp.set’)
/home/lingbo11/zxm/rdma-kerndriver/compat/build/build_n5G79/conftest.c: At top level:
/home/lingbo11/zxm/rdma-kerndriver/compat/build/build_n5G79/conftest.c:27:14: warning: ‘param_set’ used but never defined
   27 |   static int param_set(struct devlink *devlink,
      |              ^~~~~~~~~
cc1: some warnings being treated as errors
make[1]: *** [scripts/Makefile.build:270: /home/lingbo11/zxm/rdma-kerndriver/compat/build/build_n5G79/conftest.o] Error 1
make: *** [Makefile:1762: /home/lingbo11/zxm/rdma-kerndriver/compat/build/build_n5G79] Error 2
configure:19495: $? = 0
configure:19497: test -s /home/lingbo11/zxm/rdma-kerndriver/compat/build/build_gAmyD/conftest.o
configure:19999: $? = 1
configure: failed program was:
configure:20653: $? = 0
configure:19500: $? = 1
configure: failed program was:
configure:20655: test -s /home/lingbo11/zxm/rdma-kerndriver/compat/build/build_7kngA/conftest.o
/home/lingbo11/zxm/rdma-kerndriver/compat/build/build_n5G79/conftest.c: In function ‘main’:
/home/lingbo11/zxm/rdma-kerndriver/compat/build/build_n5G79/conftest.c:37:11: error: initialization of ‘int (*)(struct devlink *, u32,  struct devlink_param_gset_ctx *)’ {aka ‘int (*)(struct devlink *, unsigned int,  struct devlink_param_gset_ctx *)’} from incompatible pointer type ‘int (*)(struct devlink *, u32,  struct devlink_param_gset_ctx *, struct netlink_ext_ack *)’ {aka ‘int (*)(struct devlink *, unsigned int,  struct devlink_param_gset_ctx *, struct netlink_ext_ack *)’} [-Werror=incompatible-pointer-types]
   37 |    .set = param_set,
      |           ^~~~~~~~~
/home/lingbo11/zxm/rdma-kerndriver/compat/build/build_n5G79/conftest.c:37:11: note: (near initialization for ‘dp.set’)
/home/lingbo11/zxm/rdma-kerndriver/compat/build/build_n5G79/conftest.c: At top level:
/home/lingbo11/zxm/rdma-kerndriver/compat/build/build_n5G79/conftest.c:27:14: warning: ‘param_set’ used but never defined
   27 |   static int param_set(struct devlink *devlink,
      |              ^~~~~~~~~
cc1: some warnings being treated as errors
make[1]: *** [scripts/Makefile.build:270: /home/lingbo11/zxm/rdma-kerndriver/compat/build/build_n5G79/conftest.o] Error 1
make: *** [Makefile:1762: /home/lingbo11/zxm/rdma-kerndriver/compat/build/build_n5G79] Error 2
| /* confdefs.h.  */
| /* confdefs.h */
| #define PACKAGE_NAME "compat_mlnx"
| #define PACKAGE_TARNAME "compat_mlnx"
| #define PACKAGE_VERSION "2.3"
| #define PACKAGE_STRING "compat_mlnx 2.3"
| #define PACKAGE_BUGREPORT "http://support.mellanox.com/SupportWeb/service_center/SelfService"
| #define PACKAGE_URL ""
| #define PACKAGE "compat_mlnx"
| #define VERSION "2.3"
| #define STDC_HEADERS 1
| #define HAVE_SYS_TYPES_H 1
| #define HAVE_SYS_STAT_H 1
| #define HAVE_STDLIB_H 1
| #define HAVE_STRING_H 1
| #define HAVE_MEMORY_H 1
| #define HAVE_STRINGS_H 1
| #define HAVE_INTTYPES_H 1
| #define HAVE_STDINT_H 1
| #define HAVE_UNISTD_H 1
| #define SIZEOF_UNSIGNED_LONG_LONG 8
| /* end confdefs.h.  */
| 
| #include <linux/kernel.h>
| 
|                 #include <net/devlink.h>
| 
|                static int mlx5_devlink_sf_port_fn_state_get(struct devlink_port *dl_port,
|                                                             enum devlink_port_fn_state *state,
|                                                             enum devlink_port_fn_opstate *opstate,
|                                                             struct netlink_ext_ack *extack)
|                {
|                        return 0;
|                }
| 
| 
| int
| main (void)
| {
| 
|                 struct devlink_ops dlops = {
|                        .port_fn_state_get = mlx5_devlink_sf_port_fn_state_get,
|                };
| 
|                 return 0;
| 
|   ;
|   return 0;
| }
configure:20658: $? = 1
configure:20019: result: no
configure: failed program was:
| /* confdefs.h.  */
| /* confdefs.h */
| #define PACKAGE_NAME "compat_mlnx"
| #define PACKAGE_TARNAME "compat_mlnx"
| #define PACKAGE_VERSION "2.3"
| #define PACKAGE_STRING "compat_mlnx 2.3"
| #define PACKAGE_BUGREPORT "http://support.mellanox.com/SupportWeb/service_center/SelfService"
| #define PACKAGE_URL ""
| #define PACKAGE "compat_mlnx"
| #define VERSION "2.3"
| #define STDC_HEADERS 1
| #define HAVE_SYS_TYPES_H 1
| #define HAVE_SYS_STAT_H 1
| #define HAVE_STDLIB_H 1
| #define HAVE_STRING_H 1
| #define HAVE_MEMORY_H 1
| #define HAVE_STRINGS_H 1
| #define HAVE_INTTYPES_H 1
| #define HAVE_STDINT_H 1
| #define HAVE_UNISTD_H 1
| #define SIZEOF_UNSIGNED_LONG_LONG 8
| /* end confdefs.h.  */
| 
| #include <linux/kernel.h>
| 
| 	        #include <net/devlink.h>
| 
| 	        static int devlink_reload(struct devlink *devlink,
| 	                                struct netlink_ext_ack *extack)
| 	        {
| 	                return 0;
| 	        }
| 
| 
| int
| main (void)
| {
| 
| 	        struct devlink_ops dlops = {
| 	                .reload = devlink_reload,
| 	        };
| 
| 	        return 0;
| 
|   ;
|   return 0;
| }
configure:19515: result: no
| /* confdefs.h.  */
| /* confdefs.h */
| #define PACKAGE_NAME "compat_mlnx"
| #define PACKAGE_TARNAME "compat_mlnx"
| #define PACKAGE_VERSION "2.3"
| #define PACKAGE_STRING "compat_mlnx 2.3"
| #define PACKAGE_BUGREPORT "http://support.mellanox.com/SupportWeb/service_center/SelfService"
| #define PACKAGE_URL ""
| #define PACKAGE "compat_mlnx"
| #define VERSION "2.3"
| #define STDC_HEADERS 1
| #define HAVE_SYS_TYPES_H 1
| #define HAVE_SYS_STAT_H 1
| #define HAVE_STDLIB_H 1
| #define HAVE_STRING_H 1
| #define HAVE_MEMORY_H 1
| #define HAVE_STRINGS_H 1
| #define HAVE_INTTYPES_H 1
| #define HAVE_STDINT_H 1
| #define HAVE_UNISTD_H 1
| #define SIZEOF_UNSIGNED_LONG_LONG 8
| /* end confdefs.h.  */
| 
| #include <linux/kernel.h>
| 
| 		#include <net/devlink.h>
| 
| int
| main (void)
| {
| 
| 		struct devlink_port_ops dlops = {
| 		};
| 
| 		return 0;
| 
|   ;
|   return 0;
| }
configure:20673: result: no
warning_filter.sh: treating warnings as errors!
/home/lingbo11/zxm/rdma-kerndriver/compat/build/build_n5G79/conftest.c:37:11: error: initialization of ‘int (*)(struct devlink *, u32,  struct devlink_param_gset_ctx *)’ {aka ‘int (*)(struct devlink *, unsigned int,  struct devlink_param_gset_ctx *)’} from incompatible pointer type ‘int (*)(struct devlink *, u32,  struct devlink_param_gset_ctx *, struct netlink_ext_ack *)’ {aka ‘int (*)(struct devlink *, unsigned int,  struct devlink_param_gset_ctx *, struct netlink_ext_ack *)’} [-Werror=incompatible-pointer-types]
configure:16925: $? = 1
configure: failed program was:
| /* confdefs.h.  */
| /* confdefs.h */
| #define PACKAGE_NAME "compat_mlnx"
| #define PACKAGE_TARNAME "compat_mlnx"
| #define PACKAGE_VERSION "2.3"
| #define PACKAGE_STRING "compat_mlnx 2.3"
| #define PACKAGE_BUGREPORT "http://support.mellanox.com/SupportWeb/service_center/SelfService"
| #define PACKAGE_URL ""
| #define PACKAGE "compat_mlnx"
| #define VERSION "2.3"
| #define STDC_HEADERS 1
| #define HAVE_SYS_TYPES_H 1
| #define HAVE_SYS_STAT_H 1
| #define HAVE_STDLIB_H 1
| #define HAVE_STRING_H 1
| #define HAVE_MEMORY_H 1
| #define HAVE_STRINGS_H 1
| #define HAVE_INTTYPES_H 1
| #define HAVE_STDINT_H 1
| #define HAVE_UNISTD_H 1
| #define SIZEOF_UNSIGNED_LONG_LONG 8
| /* end confdefs.h.  */
| 
| #include <linux/kernel.h>
| 
|                 #include <net/devlink.h>
| 		static int param_set(struct devlink *devlink,
| 				     u32 id,
| 			             struct devlink_param_gset_ctx *ctx,
| 			             struct netlink_ext_ack *extack);
| 
| int
| main (void)
| {
| 
| 		struct devlink_param dp = {
| 			.set = param_set,
| 		};
| 
|   ;
|   return 0;
| }
configure:16945: result: no
/home/lingbo11/zxm/rdma-kerndriver/compat/build/build_s8aAq/conftest.c: In function ‘main’:
/home/lingbo11/zxm/rdma-kerndriver/compat/build/build_s8aAq/conftest.c:41:26: error: ‘struct devlink_ops’ has no member named ‘port_function_hw_addr_get’
   41 |                         .port_function_hw_addr_get = devlink_port_function_hw_addr_get,
      |                          ^~~~~~~~~~~~~~~~~~~~~~~~~
/home/lingbo11/zxm/rdma-kerndriver/compat/build/build_s8aAq/conftest.c:41:54: error: initialization of ‘int (*)(struct devlink *, struct netlink_ext_ack *)’ from incompatible pointer type ‘int (*)(struct devlink_port *, u8 *, int *, struct netlink_ext_ack *)’ {aka ‘int (*)(struct devlink_port *, unsigned char *, int *, struct netlink_ext_ack *)’} [-Werror=incompatible-pointer-types]
   41 |                         .port_function_hw_addr_get = devlink_port_function_hw_addr_get,
      |                                                      ^~~~~~~~~~~~~~~~~~~~~~~~~~~~~~~~~
/home/lingbo11/zxm/rdma-kerndriver/compat/build/build_s8aAq/conftest.c:41:54: note: (near initialization for ‘dlops.reload_down’)
cc1: some warnings being treated as errors
make[1]: *** [scripts/Makefile.build:270: /home/lingbo11/zxm/rdma-kerndriver/compat/build/build_s8aAq/conftest.o] Error 1
make: *** [Makefile:1762: /home/lingbo11/zxm/rdma-kerndriver/compat/build/build_s8aAq] Error 2
/home/lingbo11/zxm/rdma-kerndriver/compat/build/build_XT6By/conftest.c: In function ‘main’:
/home/lingbo11/zxm/rdma-kerndriver/compat/build/build_XT6By/conftest.c:32:33: error: storage size of ‘i’ isn’t known
   32 |   struct devlink_port_new_attrs i;
      |                                 ^
make[1]: *** [scripts/Makefile.build:270: /home/lingbo11/zxm/rdma-kerndriver/compat/build/build_XT6By/conftest.o] Error 1
make: *** [Makefile:1762: /home/lingbo11/zxm/rdma-kerndriver/compat/build/build_XT6By] Error 2
/home/lingbo11/zxm/rdma-kerndriver/compat/build/build_s8aAq/conftest.c: In function ‘main’:
/home/lingbo11/zxm/rdma-kerndriver/compat/build/build_s8aAq/conftest.c:41:26: error: ‘struct devlink_ops’ has no member named ‘port_function_hw_addr_get’
   41 |                         .port_function_hw_addr_get = devlink_port_function_hw_addr_get,
      |                          ^~~~~~~~~~~~~~~~~~~~~~~~~
/home/lingbo11/zxm/rdma-kerndriver/compat/build/build_s8aAq/conftest.c:41:54: error: initialization of ‘int (*)(struct devlink *, struct netlink_ext_ack *)’ from incompatible pointer type ‘int (*)(struct devlink_port *, u8 *, int *, struct netlink_ext_ack *)’ {aka ‘int (*)(struct devlink_port *, unsigned char *, int *, struct netlink_ext_ack *)’} [-Werror=incompatible-pointer-types]
   41 |                         .port_function_hw_addr_get = devlink_port_function_hw_addr_get,
      |                                                      ^~~~~~~~~~~~~~~~~~~~~~~~~~~~~~~~~
/home/lingbo11/zxm/rdma-kerndriver/compat/build/build_s8aAq/conftest.c:41:54: note: (near initialization for ‘dlops.reload_down’)
cc1: some warnings being treated as errors
make[1]: *** [scripts/Makefile.build:270: /home/lingbo11/zxm/rdma-kerndriver/compat/build/build_s8aAq/conftest.o] Error 1
make: *** [Makefile:1762: /home/lingbo11/zxm/rdma-kerndriver/compat/build/build_s8aAq] Error 2
/home/lingbo11/zxm/rdma-kerndriver/compat/build/build_XT6By/conftest.c: In function ‘main’:
/home/lingbo11/zxm/rdma-kerndriver/compat/build/build_XT6By/conftest.c:32:33: error: storage size of ‘i’ isn’t known
   32 |   struct devlink_port_new_attrs i;
      |                                 ^
make[1]: *** [scripts/Makefile.build:270: /home/lingbo11/zxm/rdma-kerndriver/compat/build/build_XT6By/conftest.o] Error 1
make: *** [Makefile:1762: /home/lingbo11/zxm/rdma-kerndriver/compat/build/build_XT6By] Error 2
/home/lingbo11/zxm/rdma-kerndriver/compat/build/build_wckdJ/conftest.c: In function ‘main’:
/home/lingbo11/zxm/rdma-kerndriver/compat/build/build_wckdJ/conftest.c:32:3: error: too few arguments to function ‘devlink_port_attrs_pci_pf_set’
   32 |   devlink_port_attrs_pci_pf_set(NULL, 0);
      |   ^~~~~~~~~~~~~~~~~~~~~~~~~~~~~
In file included from /home/lingbo11/zxm/rdma-kerndriver/compat/build/build_wckdJ/conftest.c:26:
include/net/devlink.h:800:6: note: declared here
  800 | void devlink_port_attrs_pci_pf_set(struct devlink_port *devlink_port,
      |      ^~~~~~~~~~~~~~~~~~~~~~~~~~~~~
make[1]: *** [scripts/Makefile.build:270: /home/lingbo11/zxm/rdma-kerndriver/compat/build/build_wckdJ/conftest.o] Error 1
make: *** [Makefile:1762: /home/lingbo11/zxm/rdma-kerndriver/compat/build/build_wckdJ] Error 2
/home/lingbo11/zxm/rdma-kerndriver/compat/build/build_EGRtv/conftest.c: In function ‘main’:
/home/lingbo11/zxm/rdma-kerndriver/compat/build/build_EGRtv/conftest.c:32:3: error: implicit declaration of function ‘devlink_net’; did you mean ‘devlink_free’? [-Werror=implicit-function-declaration]
   32 |   devlink_net(NULL);
      |   ^~~~~~~~~~~
      |   devlink_free
cc1: some warnings being treated as errors
make[1]: *** [scripts/Makefile.build:270: /home/lingbo11/zxm/rdma-kerndriver/compat/build/build_EGRtv/conftest.o] Error 1
make: *** [Makefile:1762: /home/lingbo11/zxm/rdma-kerndriver/compat/build/build_EGRtv] Error 2
warning_filter.sh: treating warnings as errors!
/home/lingbo11/zxm/rdma-kerndriver/compat/build/build_wckdJ/conftest.c: In function ‘main’:
/home/lingbo11/zxm/rdma-kerndriver/compat/build/build_wckdJ/conftest.c:32:3: error: too few arguments to function ‘devlink_port_attrs_pci_pf_set’
   32 |   devlink_port_attrs_pci_pf_set(NULL, 0);
      |   ^~~~~~~~~~~~~~~~~~~~~~~~~~~~~
In file included from /home/lingbo11/zxm/rdma-kerndriver/compat/build/build_wckdJ/conftest.c:26:
include/net/devlink.h:800:6: note: declared here
  800 | void devlink_port_attrs_pci_pf_set(struct devlink_port *devlink_port,
      |      ^~~~~~~~~~~~~~~~~~~~~~~~~~~~~
make[1]: *** [scripts/Makefile.build:270: /home/lingbo11/zxm/rdma-kerndriver/compat/build/build_wckdJ/conftest.o] Error 1
make: *** [Makefile:1762: /home/lingbo11/zxm/rdma-kerndriver/compat/build/build_wckdJ] Error 2
configure:17525: $? = 0
configure:17527: test -s /home/lingbo11/zxm/rdma-kerndriver/compat/build/build_XT6By/conftest.o
/home/lingbo11/zxm/rdma-kerndriver/compat/build/build_s8aAq/conftest.c:41:54: error: initialization of ‘int (*)(struct devlink *, struct netlink_ext_ack *)’ from incompatible pointer type ‘int (*)(struct devlink_port *, u8 *, int *, struct netlink_ext_ack *)’ {aka ‘int (*)(struct devlink_port *, unsigned char *, int *, struct netlink_ext_ack *)’} [-Werror=incompatible-pointer-types]
configure:17530: $? = 1
configure: failed program was:
/home/lingbo11/zxm/rdma-kerndriver/compat/build/build_EGRtv/conftest.c: In function ‘main’:
/home/lingbo11/zxm/rdma-kerndriver/compat/build/build_EGRtv/conftest.c:32:3: error: implicit declaration of function ‘devlink_net’; did you mean ‘devlink_free’? [-Werror=implicit-function-declaration]
   32 |   devlink_net(NULL);
      |   ^~~~~~~~~~~
      |   devlink_free
cc1: some warnings being treated as errors
make[1]: *** [scripts/Makefile.build:270: /home/lingbo11/zxm/rdma-kerndriver/compat/build/build_EGRtv/conftest.o] Error 1
make: *** [Makefile:1762: /home/lingbo11/zxm/rdma-kerndriver/compat/build/build_EGRtv] Error 2
configure:19825: $? = 1
configure: failed program was:
| /* confdefs.h.  */
| /* confdefs.h */
| #define PACKAGE_NAME "compat_mlnx"
| #define PACKAGE_TARNAME "compat_mlnx"
| #define PACKAGE_VERSION "2.3"
| #define PACKAGE_STRING "compat_mlnx 2.3"
| #define PACKAGE_BUGREPORT "http://support.mellanox.com/SupportWeb/service_center/SelfService"
| #define PACKAGE_URL ""
| #define PACKAGE "compat_mlnx"
| #define VERSION "2.3"
| #define STDC_HEADERS 1
| #define HAVE_SYS_TYPES_H 1
| #define HAVE_SYS_STAT_H 1
| #define HAVE_STDLIB_H 1
| #define HAVE_STRING_H 1
| #define HAVE_MEMORY_H 1
| #define HAVE_STRINGS_H 1
| #define HAVE_INTTYPES_H 1
| #define HAVE_STDINT_H 1
| #define HAVE_UNISTD_H 1
| #define SIZEOF_UNSIGNED_LONG_LONG 8
| /* end confdefs.h.  */
| 
| #include <linux/kernel.h>
| 
| 		#include <net/devlink.h>
| 
| int
| main (void)
| {
| 
| 		struct devlink_port_new_attrs i;
| 		return 0;
| 
|   ;
|   return 0;
| }
configure:15849: $? = 0
configure:15851: test -s /home/lingbo11/zxm/rdma-kerndriver/compat/build/build_wckdJ/conftest.o
configure:17545: result: no
| /* confdefs.h.  */
| /* confdefs.h */
| #define PACKAGE_NAME "compat_mlnx"
| #define PACKAGE_TARNAME "compat_mlnx"
| #define PACKAGE_VERSION "2.3"
| #define PACKAGE_STRING "compat_mlnx 2.3"
| #define PACKAGE_BUGREPORT "http://support.mellanox.com/SupportWeb/service_center/SelfService"
| #define PACKAGE_URL ""
| #define PACKAGE "compat_mlnx"
| #define VERSION "2.3"
| #define STDC_HEADERS 1
| #define HAVE_SYS_TYPES_H 1
| #define HAVE_SYS_STAT_H 1
| #define HAVE_STDLIB_H 1
| #define HAVE_STRING_H 1
| #define HAVE_MEMORY_H 1
| #define HAVE_STRINGS_H 1
| #define HAVE_INTTYPES_H 1
| #define HAVE_STDINT_H 1
| #define HAVE_UNISTD_H 1
| #define SIZEOF_UNSIGNED_LONG_LONG 8
| /* end confdefs.h.  */
| 
| #include <linux/kernel.h>
| 
|                 #include <net/devlink.h>
| 
| 		static int devlink_port_function_hw_addr_get(struct devlink_port *port, u8 *hw_addr,
| 							int *hw_addr_len,
| 							struct netlink_ext_ack *extack)
| 		{
| 		        return 0;
| 		}
| 
| 
| int
| main (void)
| {
| 
|                 struct devlink_ops dlops = {
|                         .port_function_hw_addr_get = devlink_port_function_hw_addr_get,
| 		};
| 
|                 return 0;
| 
|   ;
|   return 0;
| }
configure:19845: result: no
configure:15854: $? = 1
configure: failed program was:
configure:19325: $? = 0
configure:19327: test -s /home/lingbo11/zxm/rdma-kerndriver/compat/build/build_EGRtv/conftest.o
| /* confdefs.h.  */
| /* confdefs.h */
| #define PACKAGE_NAME "compat_mlnx"
| #define PACKAGE_TARNAME "compat_mlnx"
| #define PACKAGE_VERSION "2.3"
| #define PACKAGE_STRING "compat_mlnx 2.3"
| #define PACKAGE_BUGREPORT "http://support.mellanox.com/SupportWeb/service_center/SelfService"
| #define PACKAGE_URL ""
| #define PACKAGE "compat_mlnx"
| #define VERSION "2.3"
| #define STDC_HEADERS 1
| #define HAVE_SYS_TYPES_H 1
| #define HAVE_SYS_STAT_H 1
| #define HAVE_STDLIB_H 1
| #define HAVE_STRING_H 1
| #define HAVE_MEMORY_H 1
| #define HAVE_STRINGS_H 1
| #define HAVE_INTTYPES_H 1
| #define HAVE_STDINT_H 1
| #define HAVE_UNISTD_H 1
| #define SIZEOF_UNSIGNED_LONG_LONG 8
| /* end confdefs.h.  */
| 
| #include <linux/kernel.h>
| 
| 		#include <net/devlink.h>
| 
| int
| main (void)
| {
| 
| 		devlink_port_attrs_pci_pf_set(NULL, 0);
| 
| 		return 0;
| 
|   ;
|   return 0;
| }
configure:15869: result: no
configure:19330: $? = 1
configure: failed program was:
/home/lingbo11/zxm/rdma-kerndriver/compat/build/build_I1P9M/conftest.c: In function ‘main’:
/home/lingbo11/zxm/rdma-kerndriver/compat/build/build_I1P9M/conftest.c:33:25: error: ‘struct devlink_ops’ has no member named ‘port_fn_state_get’
   33 |                        .port_fn_state_get = NULL,
      |                         ^~~~~~~~~~~~~~~~~
/home/lingbo11/zxm/rdma-kerndriver/compat/build/build_I1P9M/conftest.c:34:25: error: ‘struct devlink_ops’ has no member named ‘port_fn_state_set’; did you mean ‘port_type_set’?
   34 |                        .port_fn_state_set = NULL,
      |                         ^~~~~~~~~~~~~~~~~
      |                         port_type_set
make[1]: *** [scripts/Makefile.build:270: /home/lingbo11/zxm/rdma-kerndriver/compat/build/build_I1P9M/conftest.o] Error 1
make: *** [Makefile:1762: /home/lingbo11/zxm/rdma-kerndriver/compat/build/build_I1P9M] Error 2
| /* confdefs.h.  */
| /* confdefs.h */
| #define PACKAGE_NAME "compat_mlnx"
| #define PACKAGE_TARNAME "compat_mlnx"
| #define PACKAGE_VERSION "2.3"
| #define PACKAGE_STRING "compat_mlnx 2.3"
| #define PACKAGE_BUGREPORT "http://support.mellanox.com/SupportWeb/service_center/SelfService"
| #define PACKAGE_URL ""
| #define PACKAGE "compat_mlnx"
| #define VERSION "2.3"
| #define STDC_HEADERS 1
| #define HAVE_SYS_TYPES_H 1
| #define HAVE_SYS_STAT_H 1
| #define HAVE_STDLIB_H 1
| #define HAVE_STRING_H 1
| #define HAVE_MEMORY_H 1
| #define HAVE_STRINGS_H 1
| #define HAVE_INTTYPES_H 1
| #define HAVE_STDINT_H 1
| #define HAVE_UNISTD_H 1
| #define SIZEOF_UNSIGNED_LONG_LONG 8
| /* end confdefs.h.  */
| 
| #include <linux/kernel.h>
| 
| 		#include <net/devlink.h>
| 
| int
| main (void)
| {
| 
| 		devlink_net(NULL);
| 		return 0;
| 
|   ;
|   return 0;
| }
configure:19345: result: no
/home/lingbo11/zxm/rdma-kerndriver/compat/build/build_I1P9M/conftest.c: In function ‘main’:
/home/lingbo11/zxm/rdma-kerndriver/compat/build/build_I1P9M/conftest.c:33:25: error: ‘struct devlink_ops’ has no member named ‘port_fn_state_get’
   33 |                        .port_fn_state_get = NULL,
      |                         ^~~~~~~~~~~~~~~~~
/home/lingbo11/zxm/rdma-kerndriver/compat/build/build_I1P9M/conftest.c:34:25: error: ‘struct devlink_ops’ has no member named ‘port_fn_state_set’; did you mean ‘port_type_set’?
   34 |                        .port_fn_state_set = NULL,
      |                         ^~~~~~~~~~~~~~~~~
      |                         port_type_set
make[1]: *** [scripts/Makefile.build:270: /home/lingbo11/zxm/rdma-kerndriver/compat/build/build_I1P9M/conftest.o] Error 1
make: *** [Makefile:1762: /home/lingbo11/zxm/rdma-kerndriver/compat/build/build_I1P9M] Error 2
configure:20157: $? = 0
configure:20159: test -s /home/lingbo11/zxm/rdma-kerndriver/compat/build/build_I1P9M/conftest.o
configure:20162: $? = 1
configure: failed program was:
/home/lingbo11/zxm/rdma-kerndriver/compat/build/build_xPSMK/conftest.c: In function ‘main’:
/home/lingbo11/zxm/rdma-kerndriver/compat/build/build_xPSMK/conftest.c:32:11: error: ‘DEVLINK_PARAM_GENERIC_ID_IO_EQ_SIZE’ undeclared (first use in this function); did you mean ‘DEVLINK_PARAM_GENERIC_ID_IGNORE_ARI’?
   32 |   int i = DEVLINK_PARAM_GENERIC_ID_IO_EQ_SIZE;
      |           ^~~~~~~~~~~~~~~~~~~~~~~~~~~~~~~~~~~
      |           DEVLINK_PARAM_GENERIC_ID_IGNORE_ARI
/home/lingbo11/zxm/rdma-kerndriver/compat/build/build_xPSMK/conftest.c:32:11: note: each undeclared identifier is reported only once for each function it appears in
make[1]: *** [scripts/Makefile.build:270: /home/lingbo11/zxm/rdma-kerndriver/compat/build/build_xPSMK/conftest.o] Error 1
make: *** [Makefile:1762: /home/lingbo11/zxm/rdma-kerndriver/compat/build/build_xPSMK] Error 2
| /* confdefs.h.  */
| /* confdefs.h */
| #define PACKAGE_NAME "compat_mlnx"
| #define PACKAGE_TARNAME "compat_mlnx"
| #define PACKAGE_VERSION "2.3"
| #define PACKAGE_STRING "compat_mlnx 2.3"
| #define PACKAGE_BUGREPORT "http://support.mellanox.com/SupportWeb/service_center/SelfService"
| #define PACKAGE_URL ""
| #define PACKAGE "compat_mlnx"
| #define VERSION "2.3"
| #define STDC_HEADERS 1
| #define HAVE_SYS_TYPES_H 1
| #define HAVE_SYS_STAT_H 1
| #define HAVE_STDLIB_H 1
| #define HAVE_STRING_H 1
| #define HAVE_MEMORY_H 1
| #define HAVE_STRINGS_H 1
| #define HAVE_INTTYPES_H 1
| #define HAVE_STDINT_H 1
| #define HAVE_UNISTD_H 1
| #define SIZEOF_UNSIGNED_LONG_LONG 8
| /* end confdefs.h.  */
| 
| #include <linux/kernel.h>
| 
|                #include <net/devlink.h>
| 
| int
| main (void)
| {
| 
|                struct devlink_ops dlops = {
|                        .port_fn_state_get = NULL,
|                        .port_fn_state_set = NULL,
|                };
| 
|                return 0;
| 
|   ;
|   return 0;
| }
configure:20177: result: no
/home/lingbo11/zxm/rdma-kerndriver/compat/build/build_xPSMK/conftest.c: In function ‘main’:
/home/lingbo11/zxm/rdma-kerndriver/compat/build/build_xPSMK/conftest.c:32:11: error: ‘DEVLINK_PARAM_GENERIC_ID_IO_EQ_SIZE’ undeclared (first use in this function); did you mean ‘DEVLINK_PARAM_GENERIC_ID_IGNORE_ARI’?
   32 |   int i = DEVLINK_PARAM_GENERIC_ID_IO_EQ_SIZE;
      |           ^~~~~~~~~~~~~~~~~~~~~~~~~~~~~~~~~~~
      |           DEVLINK_PARAM_GENERIC_ID_IGNORE_ARI
/home/lingbo11/zxm/rdma-kerndriver/compat/build/build_xPSMK/conftest.c:32:11: note: each undeclared identifier is reported only once for each function it appears in
make[1]: *** [scripts/Makefile.build:270: /home/lingbo11/zxm/rdma-kerndriver/compat/build/build_xPSMK/conftest.o] Error 1
make: *** [Makefile:1762: /home/lingbo11/zxm/rdma-kerndriver/compat/build/build_xPSMK] Error 2
configure:17225: $? = 0
configure:17227: test -s /home/lingbo11/zxm/rdma-kerndriver/compat/build/build_xPSMK/conftest.o
/home/lingbo11/zxm/rdma-kerndriver/compat/build/build_uyrjF/conftest.c: In function ‘main’:
/home/lingbo11/zxm/rdma-kerndriver/compat/build/build_uyrjF/conftest.c:32:11: error: ‘DEVLINK_PARAM_GENERIC_ID_ENABLE_ETH’ undeclared (first use in this function); did you mean ‘DEVLINK_PARAM_GENERIC_ID_ENABLE_ROCE’?
   32 |   int i = DEVLINK_PARAM_GENERIC_ID_ENABLE_ETH;
      |           ^~~~~~~~~~~~~~~~~~~~~~~~~~~~~~~~~~~
      |           DEVLINK_PARAM_GENERIC_ID_ENABLE_ROCE
/home/lingbo11/zxm/rdma-kerndriver/compat/build/build_uyrjF/conftest.c:32:11: note: each undeclared identifier is reported only once for each function it appears in
make[1]: *** [scripts/Makefile.build:270: /home/lingbo11/zxm/rdma-kerndriver/compat/build/build_uyrjF/conftest.o] Error 1
make: *** [Makefile:1762: /home/lingbo11/zxm/rdma-kerndriver/compat/build/build_uyrjF] Error 2
configure:17230: $? = 1
configure: failed program was:
| /* confdefs.h.  */
| /* confdefs.h */
| #define PACKAGE_NAME "compat_mlnx"
| #define PACKAGE_TARNAME "compat_mlnx"
| #define PACKAGE_VERSION "2.3"
| #define PACKAGE_STRING "compat_mlnx 2.3"
| #define PACKAGE_BUGREPORT "http://support.mellanox.com/SupportWeb/service_center/SelfService"
| #define PACKAGE_URL ""
| #define PACKAGE "compat_mlnx"
| #define VERSION "2.3"
| #define STDC_HEADERS 1
| #define HAVE_SYS_TYPES_H 1
| #define HAVE_SYS_STAT_H 1
| #define HAVE_STDLIB_H 1
| #define HAVE_STRING_H 1
| #define HAVE_MEMORY_H 1
| #define HAVE_STRINGS_H 1
| #define HAVE_INTTYPES_H 1
| #define HAVE_STDINT_H 1
| #define HAVE_UNISTD_H 1
| #define SIZEOF_UNSIGNED_LONG_LONG 8
| /* end confdefs.h.  */
| 
| #include <linux/kernel.h>
| 
| 		#include <net/devlink.h>
| 
| int
| main (void)
| {
| 
| 		int i = DEVLINK_PARAM_GENERIC_ID_IO_EQ_SIZE;
| 		return 0;
| 
|   ;
|   return 0;
| }
configure:17245: result: no
/home/lingbo11/zxm/rdma-kerndriver/compat/build/build_uyrjF/conftest.c: In function ‘main’:
/home/lingbo11/zxm/rdma-kerndriver/compat/build/build_uyrjF/conftest.c:32:11: error: ‘DEVLINK_PARAM_GENERIC_ID_ENABLE_ETH’ undeclared (first use in this function); did you mean ‘DEVLINK_PARAM_GENERIC_ID_ENABLE_ROCE’?
   32 |   int i = DEVLINK_PARAM_GENERIC_ID_ENABLE_ETH;
      |           ^~~~~~~~~~~~~~~~~~~~~~~~~~~~~~~~~~~
      |           DEVLINK_PARAM_GENERIC_ID_ENABLE_ROCE
/home/lingbo11/zxm/rdma-kerndriver/compat/build/build_uyrjF/conftest.c:32:11: note: each undeclared identifier is reported only once for each function it appears in
make[1]: *** [scripts/Makefile.build:270: /home/lingbo11/zxm/rdma-kerndriver/compat/build/build_uyrjF/conftest.o] Error 1
make: *** [Makefile:1762: /home/lingbo11/zxm/rdma-kerndriver/compat/build/build_uyrjF] Error 2
configure:17375: $? = 0
configure:17377: test -s /home/lingbo11/zxm/rdma-kerndriver/compat/build/build_uyrjF/conftest.o
configure:17380: $? = 1
configure: failed program was:
| /* confdefs.h.  */
| /* confdefs.h */
| #define PACKAGE_NAME "compat_mlnx"
| #define PACKAGE_TARNAME "compat_mlnx"
| #define PACKAGE_VERSION "2.3"
| #define PACKAGE_STRING "compat_mlnx 2.3"
| #define PACKAGE_BUGREPORT "http://support.mellanox.com/SupportWeb/service_center/SelfService"
| #define PACKAGE_URL ""
| #define PACKAGE "compat_mlnx"
| #define VERSION "2.3"
| #define STDC_HEADERS 1
| #define HAVE_SYS_TYPES_H 1
| #define HAVE_SYS_STAT_H 1
| #define HAVE_STDLIB_H 1
| #define HAVE_STRING_H 1
| #define HAVE_MEMORY_H 1
| #define HAVE_STRINGS_H 1
| #define HAVE_INTTYPES_H 1
| #define HAVE_STDINT_H 1
| #define HAVE_UNISTD_H 1
| #define SIZEOF_UNSIGNED_LONG_LONG 8
| /* end confdefs.h.  */
| 
| #include <linux/kernel.h>
| 
| 		#include <net/devlink.h>
| 
| int
| main (void)
| {
| 
| 		int i = DEVLINK_PARAM_GENERIC_ID_ENABLE_ETH;
| 		return 0;
| 
|   ;
|   return 0;
| }
configure:17395: result: no
WARNING: modpost: missing MODULE_LICENSE() in /home/lingbo11/zxm/rdma-kerndriver/compat/build/build_wTskG/conftest.o
see include/linux/module.h for more information
configure:16451: $? = 0
configure:16453: test -s /home/lingbo11/zxm/rdma-kerndriver/compat/build/build_wTskG/conftest.o
configure:16456: $? = 0
configure:16459: result: yes
WARNING: modpost: missing MODULE_LICENSE() in /home/lingbo11/zxm/rdma-kerndriver/compat/build/build_P176u/conftest.o
see include/linux/module.h for more information
WARNING: modpost: missing MODULE_LICENSE() in /home/lingbo11/zxm/rdma-kerndriver/compat/build/build_J87I5/conftest.o
see include/linux/module.h for more information
configure:17075: $? = 0
configure:17077: test -s /home/lingbo11/zxm/rdma-kerndriver/compat/build/build_P176u/conftest.o
configure:18125: $? = 0
configure:18127: test -s /home/lingbo11/zxm/rdma-kerndriver/compat/build/build_J87I5/conftest.o
configure:17080: $? = 0
configure:17083: result: yes
configure:18130: $? = 0
configure:18133: result: yes
WARNING: modpost: missing MODULE_LICENSE() in /home/lingbo11/zxm/rdma-kerndriver/compat/build/build_q5npz/conftest.o
see include/linux/module.h for more information
WARNING: modpost: missing MODULE_LICENSE() in /home/lingbo11/zxm/rdma-kerndriver/compat/build/build_86ifx/conftest.o
see include/linux/module.h for more information
WARNING: modpost: missing MODULE_LICENSE() in /home/lingbo11/zxm/rdma-kerndriver/compat/build/build_3gR9e/conftest.o
see include/linux/module.h for more information
configure:19175: $? = 0
configure:19177: test -s /home/lingbo11/zxm/rdma-kerndriver/compat/build/build_86ifx/conftest.o
configure:16601: $? = 0
WARNING: modpost: missing MODULE_LICENSE() in /home/lingbo11/zxm/rdma-kerndriver/compat/build/build_OP63v/conftest.o
see include/linux/module.h for more information
configure:16603: test -s /home/lingbo11/zxm/rdma-kerndriver/compat/build/build_q5npz/conftest.o
configure:19180: $? = 0
configure:19183: result: yes
configure:16606: $? = 0
configure:16609: result: yes
configure:20809: $? = 0
configure:20811: test -s /home/lingbo11/zxm/rdma-kerndriver/compat/build/build_3gR9e/conftest.o
configure:19025: $? = 0
configure:20814: $? = 0
configure:19027: test -s /home/lingbo11/zxm/rdma-kerndriver/compat/build/build_OP63v/conftest.o
configure:20817: result: yes
WARNING: modpost: missing MODULE_LICENSE() in /home/lingbo11/zxm/rdma-kerndriver/compat/build/build_u7L1L/conftest.o
see include/linux/module.h for more information
configure:19030: $? = 0
configure:19033: result: yes
WARNING: modpost: missing MODULE_LICENSE() in /home/lingbo11/zxm/rdma-kerndriver/compat/build/build_jrcGV/conftest.o
see include/linux/module.h for more information
configure:17675: $? = 0
configure:17677: test -s /home/lingbo11/zxm/rdma-kerndriver/compat/build/build_u7L1L/conftest.o
configure:17680: $? = 0
configure:17683: result: yes
configure:16301: $? = 0
configure:16303: test -s /home/lingbo11/zxm/rdma-kerndriver/compat/build/build_jrcGV/conftest.o
configure:16306: $? = 0
configure:16309: result: yes
WARNING: modpost: missing MODULE_LICENSE() in /home/lingbo11/zxm/rdma-kerndriver/compat/build/build_rQxgC/conftest.o
see include/linux/module.h for more information
WARNING: modpost: missing MODULE_LICENSE() in /home/lingbo11/zxm/rdma-kerndriver/compat/build/build_LmwK7/conftest.o
see include/linux/module.h for more information
configure:19653: $? = 0
configure:19655: test -s /home/lingbo11/zxm/rdma-kerndriver/compat/build/build_rQxgC/conftest.o
configure:16151: $? = 0
configure:16153: test -s /home/lingbo11/zxm/rdma-kerndriver/compat/build/build_LmwK7/conftest.o
configure:19658: $? = 0
configure:16156: $? = 0
configure:19661: result: yes
configure:16159: result: yes
configure:20990: checking if devlink has DEVLINK_TRAP_GENERIC_ID_DMAC_FILTER
configure:21140: checking if devlink_ops.trap_action_set has 4 args
configure:21310: checking if devlink_trap_report has 5 args
configure:21460: checking if devlink has DEVLINK_TRAP_GROUP_GENERIC with 2 args
configure:21614: checking if devlink has devlink_trap_groups_register
configure:21764: checking if devlink has devlink_port_health_reporter_create
configure:21920: checking if devlink has devlink_port_health_reporter_destroy
configure:20956: env CROSS_COMPILE= make -d modules LD=ld CC=gcc -f /home/lingbo11/zxm/rdma-kerndriver/compat/build/build_0iPNa/Makefile MLNX_LINUX_CONFIG=/usr/src/linux-headers-5.4.0-86-generic/include/config/auto.conf LINUXINCLUDE=-include generated/autoconf.h -I/usr/src/linux-headers-5.4.0-86-generic/arch/x86/include/mach-xen -D__XEN_INTERFACE_VERSION__= -I/usr/src/linux-headers-5.4.0-86-generic/arch/x86/include -Iarch/x86/include/generated -Iinclude -I/usr/src/linux-headers-5.4.0-86-generic/arch/x86/include/uapi -Iarch/x86/include/generated/uapi -I/usr/src/linux-headers-5.4.0-86-generic/include -I/usr/src/linux-headers-5.4.0-86-generic/include/uapi -Iinclude/generated/uapi -I/usr/src/linux-headers-5.4.0-86-generic/arch/x86/include -Iarch/x86/include/generated -I/usr/src/linux-headers-5.4.0-86-generic/arch/x86/include -I/usr/src/linux-headers-5.4.0-86-generic/arch/x86/include/generated -I/usr/src/linux-headers-5.4.0-86-generic/include -I/usr/src/linux-headers-5.4.0-86-generic/include -I/usr/src/linux-headers-5.4.0-86-generic/include2 -include /usr/src/linux-headers-5.4.0-86-generic/include/linux/kconfig.h -o tmp_include_depends -o scripts -o include/config/MARKER -C /usr/src/linux-headers-5.4.0-86-generic EXTRA_CFLAGS=-Werror-implicit-function-declaration -Wno-unused-variable -Wno-uninitialized  CROSS_COMPILE= M=/home/lingbo11/zxm/rdma-kerndriver/compat/build/build_0iPNa >/dev/null 2>/home/lingbo11/zxm/rdma-kerndriver/compat/build/build_0iPNa/output.log; [ 0 -ne 0 ] && cat /home/lingbo11/zxm/rdma-kerndriver/compat/build/build_0iPNa/output.log 1>&2 && false || config/warning_filter.sh /home/lingbo11/zxm/rdma-kerndriver/compat/build/build_0iPNa/output.log
configure:22072: checking if devlink has devlink_health_reporter_create with 5 args
configure:21106: env CROSS_COMPILE= make -d modules LD=ld CC=gcc -f /home/lingbo11/zxm/rdma-kerndriver/compat/build/build_H62aH/Makefile MLNX_LINUX_CONFIG=/usr/src/linux-headers-5.4.0-86-generic/include/config/auto.conf LINUXINCLUDE=-include generated/autoconf.h -I/usr/src/linux-headers-5.4.0-86-generic/arch/x86/include/mach-xen -D__XEN_INTERFACE_VERSION__= -I/usr/src/linux-headers-5.4.0-86-generic/arch/x86/include -Iarch/x86/include/generated -Iinclude -I/usr/src/linux-headers-5.4.0-86-generic/arch/x86/include/uapi -Iarch/x86/include/generated/uapi -I/usr/src/linux-headers-5.4.0-86-generic/include -I/usr/src/linux-headers-5.4.0-86-generic/include/uapi -Iinclude/generated/uapi -I/usr/src/linux-headers-5.4.0-86-generic/arch/x86/include -Iarch/x86/include/generated -I/usr/src/linux-headers-5.4.0-86-generic/arch/x86/include -I/usr/src/linux-headers-5.4.0-86-generic/arch/x86/include/generated -I/usr/src/linux-headers-5.4.0-86-generic/include -I/usr/src/linux-headers-5.4.0-86-generic/include -I/usr/src/linux-headers-5.4.0-86-generic/include2 -include /usr/src/linux-headers-5.4.0-86-generic/include/linux/kconfig.h -o tmp_include_depends -o scripts -o include/config/MARKER -C /usr/src/linux-headers-5.4.0-86-generic EXTRA_CFLAGS=-Werror-implicit-function-declaration -Wno-unused-variable -Wno-uninitialized  CROSS_COMPILE= M=/home/lingbo11/zxm/rdma-kerndriver/compat/build/build_H62aH >/dev/null 2>/home/lingbo11/zxm/rdma-kerndriver/compat/build/build_H62aH/output.log; [ 0 -ne 0 ] && cat /home/lingbo11/zxm/rdma-kerndriver/compat/build/build_H62aH/output.log 1>&2 && false || config/warning_filter.sh /home/lingbo11/zxm/rdma-kerndriver/compat/build/build_H62aH/output.log
configure:22228: checking if devlink has devlink_health_reporter_create with 4 args
configure:22384: checking if devlink has devlink_health_reporter & devlink_fmsg
configure:21276: env CROSS_COMPILE= make -d modules LD=ld CC=gcc -f /home/lingbo11/zxm/rdma-kerndriver/compat/build/build_yck9q/Makefile MLNX_LINUX_CONFIG=/usr/src/linux-headers-5.4.0-86-generic/include/config/auto.conf LINUXINCLUDE=-include generated/autoconf.h -I/usr/src/linux-headers-5.4.0-86-generic/arch/x86/include/mach-xen -D__XEN_INTERFACE_VERSION__= -I/usr/src/linux-headers-5.4.0-86-generic/arch/x86/include -Iarch/x86/include/generated -Iinclude -I/usr/src/linux-headers-5.4.0-86-generic/arch/x86/include/uapi -Iarch/x86/include/generated/uapi -I/usr/src/linux-headers-5.4.0-86-generic/include -I/usr/src/linux-headers-5.4.0-86-generic/include/uapi -Iinclude/generated/uapi -I/usr/src/linux-headers-5.4.0-86-generic/arch/x86/include -Iarch/x86/include/generated -I/usr/src/linux-headers-5.4.0-86-generic/arch/x86/include -I/usr/src/linux-headers-5.4.0-86-generic/arch/x86/include/generated -I/usr/src/linux-headers-5.4.0-86-generic/include -I/usr/src/linux-headers-5.4.0-86-generic/include -I/usr/src/linux-headers-5.4.0-86-generic/include2 -include /usr/src/linux-headers-5.4.0-86-generic/include/linux/kconfig.h -o tmp_include_depends -o scripts -o include/config/MARKER -C /usr/src/linux-headers-5.4.0-86-generic EXTRA_CFLAGS=-Werror-implicit-function-declaration -Wno-unused-variable -Wno-uninitialized  CROSS_COMPILE= M=/home/lingbo11/zxm/rdma-kerndriver/compat/build/build_yck9q >/dev/null 2>/home/lingbo11/zxm/rdma-kerndriver/compat/build/build_yck9q/output.log; [ 0 -ne 0 ] && cat /home/lingbo11/zxm/rdma-kerndriver/compat/build/build_yck9q/output.log 1>&2 && false || config/warning_filter.sh /home/lingbo11/zxm/rdma-kerndriver/compat/build/build_yck9q/output.log
configure:22558: checking if devlink has devlink_fmsg_binary_put
configure:21426: env CROSS_COMPILE= make -d modules LD=ld CC=gcc -f /home/lingbo11/zxm/rdma-kerndriver/compat/build/build_d5tn5/Makefile MLNX_LINUX_CONFIG=/usr/src/linux-headers-5.4.0-86-generic/include/config/auto.conf LINUXINCLUDE=-include generated/autoconf.h -I/usr/src/linux-headers-5.4.0-86-generic/arch/x86/include/mach-xen -D__XEN_INTERFACE_VERSION__= -I/usr/src/linux-headers-5.4.0-86-generic/arch/x86/include -Iarch/x86/include/generated -Iinclude -I/usr/src/linux-headers-5.4.0-86-generic/arch/x86/include/uapi -Iarch/x86/include/generated/uapi -I/usr/src/linux-headers-5.4.0-86-generic/include -I/usr/src/linux-headers-5.4.0-86-generic/include/uapi -Iinclude/generated/uapi -I/usr/src/linux-headers-5.4.0-86-generic/arch/x86/include -Iarch/x86/include/generated -I/usr/src/linux-headers-5.4.0-86-generic/arch/x86/include -I/usr/src/linux-headers-5.4.0-86-generic/arch/x86/include/generated -I/usr/src/linux-headers-5.4.0-86-generic/include -I/usr/src/linux-headers-5.4.0-86-generic/include -I/usr/src/linux-headers-5.4.0-86-generic/include2 -include /usr/src/linux-headers-5.4.0-86-generic/include/linux/kconfig.h -o tmp_include_depends -o scripts -o include/config/MARKER -C /usr/src/linux-headers-5.4.0-86-generic EXTRA_CFLAGS=-Werror-implicit-function-declaration -Wno-unused-variable -Wno-uninitialized  CROSS_COMPILE= M=/home/lingbo11/zxm/rdma-kerndriver/compat/build/build_d5tn5 >/dev/null 2>/home/lingbo11/zxm/rdma-kerndriver/compat/build/build_d5tn5/output.log; [ 0 -ne 0 ] && cat /home/lingbo11/zxm/rdma-kerndriver/compat/build/build_d5tn5/output.log 1>&2 && false || config/warning_filter.sh /home/lingbo11/zxm/rdma-kerndriver/compat/build/build_d5tn5/output.log
configure:21580: env CROSS_COMPILE= make -d modules LD=ld CC=gcc -f /home/lingbo11/zxm/rdma-kerndriver/compat/build/build_ZHQX4/Makefile MLNX_LINUX_CONFIG=/usr/src/linux-headers-5.4.0-86-generic/include/config/auto.conf LINUXINCLUDE=-include generated/autoconf.h -I/usr/src/linux-headers-5.4.0-86-generic/arch/x86/include/mach-xen -D__XEN_INTERFACE_VERSION__= -I/usr/src/linux-headers-5.4.0-86-generic/arch/x86/include -Iarch/x86/include/generated -Iinclude -I/usr/src/linux-headers-5.4.0-86-generic/arch/x86/include/uapi -Iarch/x86/include/generated/uapi -I/usr/src/linux-headers-5.4.0-86-generic/include -I/usr/src/linux-headers-5.4.0-86-generic/include/uapi -Iinclude/generated/uapi -I/usr/src/linux-headers-5.4.0-86-generic/arch/x86/include -Iarch/x86/include/generated -I/usr/src/linux-headers-5.4.0-86-generic/arch/x86/include -I/usr/src/linux-headers-5.4.0-86-generic/arch/x86/include/generated -I/usr/src/linux-headers-5.4.0-86-generic/include -I/usr/src/linux-headers-5.4.0-86-generic/include -I/usr/src/linux-headers-5.4.0-86-generic/include2 -include /usr/src/linux-headers-5.4.0-86-generic/include/linux/kconfig.h -o tmp_include_depends -o scripts -o include/config/MARKER -C /usr/src/linux-headers-5.4.0-86-generic EXTRA_CFLAGS=-Werror-implicit-function-declaration -Wno-unused-variable -Wno-uninitialized  CROSS_COMPILE= M=/home/lingbo11/zxm/rdma-kerndriver/compat/build/build_ZHQX4 >/dev/null 2>/home/lingbo11/zxm/rdma-kerndriver/compat/build/build_ZHQX4/output.log; [ 0 -ne 0 ] && cat /home/lingbo11/zxm/rdma-kerndriver/compat/build/build_ZHQX4/output.log 1>&2 && false || config/warning_filter.sh /home/lingbo11/zxm/rdma-kerndriver/compat/build/build_ZHQX4/output.log
configure:22714: checking if devlink has devlink_fmsg_binary_pair_put
configure:22882: checking if devlink has devlink_fmsg_binary_pair_put
configure:21730: env CROSS_COMPILE= make -d modules LD=ld CC=gcc -f /home/lingbo11/zxm/rdma-kerndriver/compat/build/build_07uNH/Makefile MLNX_LINUX_CONFIG=/usr/src/linux-headers-5.4.0-86-generic/include/config/auto.conf LINUXINCLUDE=-include generated/autoconf.h -I/usr/src/linux-headers-5.4.0-86-generic/arch/x86/include/mach-xen -D__XEN_INTERFACE_VERSION__= -I/usr/src/linux-headers-5.4.0-86-generic/arch/x86/include -Iarch/x86/include/generated -Iinclude -I/usr/src/linux-headers-5.4.0-86-generic/arch/x86/include/uapi -Iarch/x86/include/generated/uapi -I/usr/src/linux-headers-5.4.0-86-generic/include -I/usr/src/linux-headers-5.4.0-86-generic/include/uapi -Iinclude/generated/uapi -I/usr/src/linux-headers-5.4.0-86-generic/arch/x86/include -Iarch/x86/include/generated -I/usr/src/linux-headers-5.4.0-86-generic/arch/x86/include -I/usr/src/linux-headers-5.4.0-86-generic/arch/x86/include/generated -I/usr/src/linux-headers-5.4.0-86-generic/include -I/usr/src/linux-headers-5.4.0-86-generic/include -I/usr/src/linux-headers-5.4.0-86-generic/include2 -include /usr/src/linux-headers-5.4.0-86-generic/include/linux/kconfig.h -o tmp_include_depends -o scripts -o include/config/MARKER -C /usr/src/linux-headers-5.4.0-86-generic EXTRA_CFLAGS=-Werror-implicit-function-declaration -Wno-unused-variable -Wno-uninitialized  CROSS_COMPILE= M=/home/lingbo11/zxm/rdma-kerndriver/compat/build/build_07uNH >/dev/null 2>/home/lingbo11/zxm/rdma-kerndriver/compat/build/build_07uNH/output.log; [ 0 -ne 0 ] && cat /home/lingbo11/zxm/rdma-kerndriver/compat/build/build_07uNH/output.log 1>&2 && false || config/warning_filter.sh /home/lingbo11/zxm/rdma-kerndriver/compat/build/build_07uNH/output.log
configure:23048: checking if struct devlink_ops.eswitch_mode_set has extack
configure:22038: env CROSS_COMPILE= make -d modules LD=ld CC=gcc -f /home/lingbo11/zxm/rdma-kerndriver/compat/build/build_sgkvO/Makefile MLNX_LINUX_CONFIG=/usr/src/linux-headers-5.4.0-86-generic/include/config/auto.conf LINUXINCLUDE=-include generated/autoconf.h -I/usr/src/linux-headers-5.4.0-86-generic/arch/x86/include/mach-xen -D__XEN_INTERFACE_VERSION__= -I/usr/src/linux-headers-5.4.0-86-generic/arch/x86/include -Iarch/x86/include/generated -Iinclude -I/usr/src/linux-headers-5.4.0-86-generic/arch/x86/include/uapi -Iarch/x86/include/generated/uapi -I/usr/src/linux-headers-5.4.0-86-generic/include -I/usr/src/linux-headers-5.4.0-86-generic/include/uapi -Iinclude/generated/uapi -I/usr/src/linux-headers-5.4.0-86-generic/arch/x86/include -Iarch/x86/include/generated -I/usr/src/linux-headers-5.4.0-86-generic/arch/x86/include -I/usr/src/linux-headers-5.4.0-86-generic/arch/x86/include/generated -I/usr/src/linux-headers-5.4.0-86-generic/include -I/usr/src/linux-headers-5.4.0-86-generic/include -I/usr/src/linux-headers-5.4.0-86-generic/include2 -include /usr/src/linux-headers-5.4.0-86-generic/include/linux/kconfig.h -o tmp_include_depends -o scripts -o include/config/MARKER -C /usr/src/linux-headers-5.4.0-86-generic EXTRA_CFLAGS=-Werror-implicit-function-declaration -Wno-unused-variable -Wno-uninitialized  CROSS_COMPILE= M=/home/lingbo11/zxm/rdma-kerndriver/compat/build/build_sgkvO >/dev/null 2>/home/lingbo11/zxm/rdma-kerndriver/compat/build/build_sgkvO/output.log; [ 0 -ne 0 ] && cat /home/lingbo11/zxm/rdma-kerndriver/compat/build/build_sgkvO/output.log 1>&2 && false || config/warning_filter.sh /home/lingbo11/zxm/rdma-kerndriver/compat/build/build_sgkvO/output.log
configure:23214: checking if struct devlink_ops has port_function_roce/mig_get/set
configure:21886: env CROSS_COMPILE= make -d modules LD=ld CC=gcc -f /home/lingbo11/zxm/rdma-kerndriver/compat/build/build_T12uQ/Makefile MLNX_LINUX_CONFIG=/usr/src/linux-headers-5.4.0-86-generic/include/config/auto.conf LINUXINCLUDE=-include generated/autoconf.h -I/usr/src/linux-headers-5.4.0-86-generic/arch/x86/include/mach-xen -D__XEN_INTERFACE_VERSION__= -I/usr/src/linux-headers-5.4.0-86-generic/arch/x86/include -Iarch/x86/include/generated -Iinclude -I/usr/src/linux-headers-5.4.0-86-generic/arch/x86/include/uapi -Iarch/x86/include/generated/uapi -I/usr/src/linux-headers-5.4.0-86-generic/include -I/usr/src/linux-headers-5.4.0-86-generic/include/uapi -Iinclude/generated/uapi -I/usr/src/linux-headers-5.4.0-86-generic/arch/x86/include -Iarch/x86/include/generated -I/usr/src/linux-headers-5.4.0-86-generic/arch/x86/include -I/usr/src/linux-headers-5.4.0-86-generic/arch/x86/include/generated -I/usr/src/linux-headers-5.4.0-86-generic/include -I/usr/src/linux-headers-5.4.0-86-generic/include -I/usr/src/linux-headers-5.4.0-86-generic/include2 -include /usr/src/linux-headers-5.4.0-86-generic/include/linux/kconfig.h -o tmp_include_depends -o scripts -o include/config/MARKER -C /usr/src/linux-headers-5.4.0-86-generic EXTRA_CFLAGS=-Werror-implicit-function-declaration -Wno-unused-variable -Wno-uninitialized  CROSS_COMPILE= M=/home/lingbo11/zxm/rdma-kerndriver/compat/build/build_T12uQ >/dev/null 2>/home/lingbo11/zxm/rdma-kerndriver/compat/build/build_T12uQ/output.log; [ 0 -ne 0 ] && cat /home/lingbo11/zxm/rdma-kerndriver/compat/build/build_T12uQ/output.log 1>&2 && false || config/warning_filter.sh /home/lingbo11/zxm/rdma-kerndriver/compat/build/build_T12uQ/output.log
configure:23376: checking if struct devlink_ops has port_function_hw_addr_get/set
configure:22194: env CROSS_COMPILE= make -d modules LD=ld CC=gcc -f /home/lingbo11/zxm/rdma-kerndriver/compat/build/build_WhKEP/Makefile MLNX_LINUX_CONFIG=/usr/src/linux-headers-5.4.0-86-generic/include/config/auto.conf LINUXINCLUDE=-include generated/autoconf.h -I/usr/src/linux-headers-5.4.0-86-generic/arch/x86/include/mach-xen -D__XEN_INTERFACE_VERSION__= -I/usr/src/linux-headers-5.4.0-86-generic/arch/x86/include -Iarch/x86/include/generated -Iinclude -I/usr/src/linux-headers-5.4.0-86-generic/arch/x86/include/uapi -Iarch/x86/include/generated/uapi -I/usr/src/linux-headers-5.4.0-86-generic/include -I/usr/src/linux-headers-5.4.0-86-generic/include/uapi -Iinclude/generated/uapi -I/usr/src/linux-headers-5.4.0-86-generic/arch/x86/include -Iarch/x86/include/generated -I/usr/src/linux-headers-5.4.0-86-generic/arch/x86/include -I/usr/src/linux-headers-5.4.0-86-generic/arch/x86/include/generated -I/usr/src/linux-headers-5.4.0-86-generic/include -I/usr/src/linux-headers-5.4.0-86-generic/include -I/usr/src/linux-headers-5.4.0-86-generic/include2 -include /usr/src/linux-headers-5.4.0-86-generic/include/linux/kconfig.h -o tmp_include_depends -o scripts -o include/config/MARKER -C /usr/src/linux-headers-5.4.0-86-generic EXTRA_CFLAGS=-Werror-implicit-function-declaration -Wno-unused-variable -Wno-uninitialized  CROSS_COMPILE= M=/home/lingbo11/zxm/rdma-kerndriver/compat/build/build_WhKEP >/dev/null 2>/home/lingbo11/zxm/rdma-kerndriver/compat/build/build_WhKEP/output.log; [ 0 -ne 0 ] && cat /home/lingbo11/zxm/rdma-kerndriver/compat/build/build_WhKEP/output.log 1>&2 && false || config/warning_filter.sh /home/lingbo11/zxm/rdma-kerndriver/compat/build/build_WhKEP/output.log
configure:22350: env CROSS_COMPILE= make -d modules LD=ld CC=gcc -f /home/lingbo11/zxm/rdma-kerndriver/compat/build/build_l2hxU/Makefile MLNX_LINUX_CONFIG=/usr/src/linux-headers-5.4.0-86-generic/include/config/auto.conf LINUXINCLUDE=-include generated/autoconf.h -I/usr/src/linux-headers-5.4.0-86-generic/arch/x86/include/mach-xen -D__XEN_INTERFACE_VERSION__= -I/usr/src/linux-headers-5.4.0-86-generic/arch/x86/include -Iarch/x86/include/generated -Iinclude -I/usr/src/linux-headers-5.4.0-86-generic/arch/x86/include/uapi -Iarch/x86/include/generated/uapi -I/usr/src/linux-headers-5.4.0-86-generic/include -I/usr/src/linux-headers-5.4.0-86-generic/include/uapi -Iinclude/generated/uapi -I/usr/src/linux-headers-5.4.0-86-generic/arch/x86/include -Iarch/x86/include/generated -I/usr/src/linux-headers-5.4.0-86-generic/arch/x86/include -I/usr/src/linux-headers-5.4.0-86-generic/arch/x86/include/generated -I/usr/src/linux-headers-5.4.0-86-generic/include -I/usr/src/linux-headers-5.4.0-86-generic/include -I/usr/src/linux-headers-5.4.0-86-generic/include2 -include /usr/src/linux-headers-5.4.0-86-generic/include/linux/kconfig.h -o tmp_include_depends -o scripts -o include/config/MARKER -C /usr/src/linux-headers-5.4.0-86-generic EXTRA_CFLAGS=-Werror-implicit-function-declaration -Wno-unused-variable -Wno-uninitialized  CROSS_COMPILE= M=/home/lingbo11/zxm/rdma-kerndriver/compat/build/build_l2hxU >/dev/null 2>/home/lingbo11/zxm/rdma-kerndriver/compat/build/build_l2hxU/output.log; [ 0 -ne 0 ] && cat /home/lingbo11/zxm/rdma-kerndriver/compat/build/build_l2hxU/output.log 1>&2 && false || config/warning_filter.sh /home/lingbo11/zxm/rdma-kerndriver/compat/build/build_l2hxU/output.log
configure:23534: checking if struct devlink_ops has rate functions
configure:23690: checking if struct devlink_ops defines eswitch_encap_mode_set/get with enum arg
configure:22524: env CROSS_COMPILE= make -d modules LD=ld CC=gcc -f /home/lingbo11/zxm/rdma-kerndriver/compat/build/build_EvP9w/Makefile MLNX_LINUX_CONFIG=/usr/src/linux-headers-5.4.0-86-generic/include/config/auto.conf LINUXINCLUDE=-include generated/autoconf.h -I/usr/src/linux-headers-5.4.0-86-generic/arch/x86/include/mach-xen -D__XEN_INTERFACE_VERSION__= -I/usr/src/linux-headers-5.4.0-86-generic/arch/x86/include -Iarch/x86/include/generated -Iinclude -I/usr/src/linux-headers-5.4.0-86-generic/arch/x86/include/uapi -Iarch/x86/include/generated/uapi -I/usr/src/linux-headers-5.4.0-86-generic/include -I/usr/src/linux-headers-5.4.0-86-generic/include/uapi -Iinclude/generated/uapi -I/usr/src/linux-headers-5.4.0-86-generic/arch/x86/include -Iarch/x86/include/generated -I/usr/src/linux-headers-5.4.0-86-generic/arch/x86/include -I/usr/src/linux-headers-5.4.0-86-generic/arch/x86/include/generated -I/usr/src/linux-headers-5.4.0-86-generic/include -I/usr/src/linux-headers-5.4.0-86-generic/include -I/usr/src/linux-headers-5.4.0-86-generic/include2 -include /usr/src/linux-headers-5.4.0-86-generic/include/linux/kconfig.h -o tmp_include_depends -o scripts -o include/config/MARKER -C /usr/src/linux-headers-5.4.0-86-generic EXTRA_CFLAGS=-Werror-implicit-function-declaration -Wno-unused-variable -Wno-uninitialized  CROSS_COMPILE= M=/home/lingbo11/zxm/rdma-kerndriver/compat/build/build_EvP9w >/dev/null 2>/home/lingbo11/zxm/rdma-kerndriver/compat/build/build_EvP9w/output.log; [ 0 -ne 0 ] && cat /home/lingbo11/zxm/rdma-kerndriver/compat/build/build_EvP9w/output.log 1>&2 && false || config/warning_filter.sh /home/lingbo11/zxm/rdma-kerndriver/compat/build/build_EvP9w/output.log
configure:22680: env CROSS_COMPILE= make -d modules LD=ld CC=gcc -f /home/lingbo11/zxm/rdma-kerndriver/compat/build/build_H5zff/Makefile MLNX_LINUX_CONFIG=/usr/src/linux-headers-5.4.0-86-generic/include/config/auto.conf LINUXINCLUDE=-include generated/autoconf.h -I/usr/src/linux-headers-5.4.0-86-generic/arch/x86/include/mach-xen -D__XEN_INTERFACE_VERSION__= -I/usr/src/linux-headers-5.4.0-86-generic/arch/x86/include -Iarch/x86/include/generated -Iinclude -I/usr/src/linux-headers-5.4.0-86-generic/arch/x86/include/uapi -Iarch/x86/include/generated/uapi -I/usr/src/linux-headers-5.4.0-86-generic/include -I/usr/src/linux-headers-5.4.0-86-generic/include/uapi -Iinclude/generated/uapi -I/usr/src/linux-headers-5.4.0-86-generic/arch/x86/include -Iarch/x86/include/generated -I/usr/src/linux-headers-5.4.0-86-generic/arch/x86/include -I/usr/src/linux-headers-5.4.0-86-generic/arch/x86/include/generated -I/usr/src/linux-headers-5.4.0-86-generic/include -I/usr/src/linux-headers-5.4.0-86-generic/include -I/usr/src/linux-headers-5.4.0-86-generic/include2 -include /usr/src/linux-headers-5.4.0-86-generic/include/linux/kconfig.h -o tmp_include_depends -o scripts -o include/config/MARKER -C /usr/src/linux-headers-5.4.0-86-generic EXTRA_CFLAGS=-Werror-implicit-function-declaration -Wno-unused-variable -Wno-uninitialized  CROSS_COMPILE= M=/home/lingbo11/zxm/rdma-kerndriver/compat/build/build_H5zff >/dev/null 2>/home/lingbo11/zxm/rdma-kerndriver/compat/build/build_H5zff/output.log; [ 0 -ne 0 ] && cat /home/lingbo11/zxm/rdma-kerndriver/compat/build/build_H5zff/output.log 1>&2 && false || config/warning_filter.sh /home/lingbo11/zxm/rdma-kerndriver/compat/build/build_H5zff/output.log
configure:23870: checking if struct devlink_ops has flash_update
configure:22848: env CROSS_COMPILE= make -d modules LD=ld CC=gcc -f /home/lingbo11/zxm/rdma-kerndriver/compat/build/build_spC8S/Makefile MLNX_LINUX_CONFIG=/usr/src/linux-headers-5.4.0-86-generic/include/config/auto.conf LINUXINCLUDE=-include generated/autoconf.h -I/usr/src/linux-headers-5.4.0-86-generic/arch/x86/include/mach-xen -D__XEN_INTERFACE_VERSION__= -I/usr/src/linux-headers-5.4.0-86-generic/arch/x86/include -Iarch/x86/include/generated -Iinclude -I/usr/src/linux-headers-5.4.0-86-generic/arch/x86/include/uapi -Iarch/x86/include/generated/uapi -I/usr/src/linux-headers-5.4.0-86-generic/include -I/usr/src/linux-headers-5.4.0-86-generic/include/uapi -Iinclude/generated/uapi -I/usr/src/linux-headers-5.4.0-86-generic/arch/x86/include -Iarch/x86/include/generated -I/usr/src/linux-headers-5.4.0-86-generic/arch/x86/include -I/usr/src/linux-headers-5.4.0-86-generic/arch/x86/include/generated -I/usr/src/linux-headers-5.4.0-86-generic/include -I/usr/src/linux-headers-5.4.0-86-generic/include -I/usr/src/linux-headers-5.4.0-86-generic/include2 -include /usr/src/linux-headers-5.4.0-86-generic/include/linux/kconfig.h -o tmp_include_depends -o scripts -o include/config/MARKER -C /usr/src/linux-headers-5.4.0-86-generic EXTRA_CFLAGS=-Werror-implicit-function-declaration -Wno-unused-variable -Wno-uninitialized  CROSS_COMPILE= M=/home/lingbo11/zxm/rdma-kerndriver/compat/build/build_spC8S >/dev/null 2>/home/lingbo11/zxm/rdma-kerndriver/compat/build/build_spC8S/output.log; [ 0 -ne 0 ] && cat /home/lingbo11/zxm/rdma-kerndriver/compat/build/build_spC8S/output.log 1>&2 && false || config/warning_filter.sh /home/lingbo11/zxm/rdma-kerndriver/compat/build/build_spC8S/output.log
configure:24026: checking if struct devlink_ops flash_update get 3 params
configure:24198: checking if devlink has devlink_port_attrs_pci_pf_set has 4 params
configure:23014: env CROSS_COMPILE= make -d modules LD=ld CC=gcc -f /home/lingbo11/zxm/rdma-kerndriver/compat/build/build_nvTnv/Makefile MLNX_LINUX_CONFIG=/usr/src/linux-headers-5.4.0-86-generic/include/config/auto.conf LINUXINCLUDE=-include generated/autoconf.h -I/usr/src/linux-headers-5.4.0-86-generic/arch/x86/include/mach-xen -D__XEN_INTERFACE_VERSION__= -I/usr/src/linux-headers-5.4.0-86-generic/arch/x86/include -Iarch/x86/include/generated -Iinclude -I/usr/src/linux-headers-5.4.0-86-generic/arch/x86/include/uapi -Iarch/x86/include/generated/uapi -I/usr/src/linux-headers-5.4.0-86-generic/include -I/usr/src/linux-headers-5.4.0-86-generic/include/uapi -Iinclude/generated/uapi -I/usr/src/linux-headers-5.4.0-86-generic/arch/x86/include -Iarch/x86/include/generated -I/usr/src/linux-headers-5.4.0-86-generic/arch/x86/include -I/usr/src/linux-headers-5.4.0-86-generic/arch/x86/include/generated -I/usr/src/linux-headers-5.4.0-86-generic/include -I/usr/src/linux-headers-5.4.0-86-generic/include -I/usr/src/linux-headers-5.4.0-86-generic/include2 -include /usr/src/linux-headers-5.4.0-86-generic/include/linux/kconfig.h -o tmp_include_depends -o scripts -o include/config/MARKER -C /usr/src/linux-headers-5.4.0-86-generic EXTRA_CFLAGS=-Werror-implicit-function-declaration -Wno-unused-variable -Wno-uninitialized  CROSS_COMPILE= M=/home/lingbo11/zxm/rdma-kerndriver/compat/build/build_nvTnv >/dev/null 2>/home/lingbo11/zxm/rdma-kerndriver/compat/build/build_nvTnv/output.log; [ 0 -ne 0 ] && cat /home/lingbo11/zxm/rdma-kerndriver/compat/build/build_nvTnv/output.log 1>&2 && false || config/warning_filter.sh /home/lingbo11/zxm/rdma-kerndriver/compat/build/build_nvTnv/output.log
configure:24348: checking if devlink has devlink_port_attrs_pci_pf_set has 4 params and controller num
configure:24498: checking if devlink has devlink_port_attrs_pci_pf_set has 2 params
configure:23180: env CROSS_COMPILE= make -d modules LD=ld CC=gcc -f /home/lingbo11/zxm/rdma-kerndriver/compat/build/build_wRnAG/Makefile MLNX_LINUX_CONFIG=/usr/src/linux-headers-5.4.0-86-generic/include/config/auto.conf LINUXINCLUDE=-include generated/autoconf.h -I/usr/src/linux-headers-5.4.0-86-generic/arch/x86/include/mach-xen -D__XEN_INTERFACE_VERSION__= -I/usr/src/linux-headers-5.4.0-86-generic/arch/x86/include -Iarch/x86/include/generated -Iinclude -I/usr/src/linux-headers-5.4.0-86-generic/arch/x86/include/uapi -Iarch/x86/include/generated/uapi -I/usr/src/linux-headers-5.4.0-86-generic/include -I/usr/src/linux-headers-5.4.0-86-generic/include/uapi -Iinclude/generated/uapi -I/usr/src/linux-headers-5.4.0-86-generic/arch/x86/include -Iarch/x86/include/generated -I/usr/src/linux-headers-5.4.0-86-generic/arch/x86/include -I/usr/src/linux-headers-5.4.0-86-generic/arch/x86/include/generated -I/usr/src/linux-headers-5.4.0-86-generic/include -I/usr/src/linux-headers-5.4.0-86-generic/include -I/usr/src/linux-headers-5.4.0-86-generic/include2 -include /usr/src/linux-headers-5.4.0-86-generic/include/linux/kconfig.h -o tmp_include_depends -o scripts -o include/config/MARKER -C /usr/src/linux-headers-5.4.0-86-generic EXTRA_CFLAGS=-Werror-implicit-function-declaration -Wno-unused-variable -Wno-uninitialized  CROSS_COMPILE= M=/home/lingbo11/zxm/rdma-kerndriver/compat/build/build_wRnAG >/dev/null 2>/home/lingbo11/zxm/rdma-kerndriver/compat/build/build_wRnAG/output.log; [ 0 -ne 0 ] && cat /home/lingbo11/zxm/rdma-kerndriver/compat/build/build_wRnAG/output.log 1>&2 && false || config/warning_filter.sh /home/lingbo11/zxm/rdma-kerndriver/compat/build/build_wRnAG/output.log
configure:24648: checking if devlink_flash_update_params has struct firmware fw
configure:23342: env CROSS_COMPILE= make -d modules LD=ld CC=gcc -f /home/lingbo11/zxm/rdma-kerndriver/compat/build/build_oqP8x/Makefile MLNX_LINUX_CONFIG=/usr/src/linux-headers-5.4.0-86-generic/include/config/auto.conf LINUXINCLUDE=-include generated/autoconf.h -I/usr/src/linux-headers-5.4.0-86-generic/arch/x86/include/mach-xen -D__XEN_INTERFACE_VERSION__= -I/usr/src/linux-headers-5.4.0-86-generic/arch/x86/include -Iarch/x86/include/generated -Iinclude -I/usr/src/linux-headers-5.4.0-86-generic/arch/x86/include/uapi -Iarch/x86/include/generated/uapi -I/usr/src/linux-headers-5.4.0-86-generic/include -I/usr/src/linux-headers-5.4.0-86-generic/include/uapi -Iinclude/generated/uapi -I/usr/src/linux-headers-5.4.0-86-generic/arch/x86/include -Iarch/x86/include/generated -I/usr/src/linux-headers-5.4.0-86-generic/arch/x86/include -I/usr/src/linux-headers-5.4.0-86-generic/arch/x86/include/generated -I/usr/src/linux-headers-5.4.0-86-generic/include -I/usr/src/linux-headers-5.4.0-86-generic/include -I/usr/src/linux-headers-5.4.0-86-generic/include2 -include /usr/src/linux-headers-5.4.0-86-generic/include/linux/kconfig.h -o tmp_include_depends -o scripts -o include/config/MARKER -C /usr/src/linux-headers-5.4.0-86-generic EXTRA_CFLAGS=-Werror-implicit-function-declaration -Wno-unused-variable -Wno-uninitialized  CROSS_COMPILE= M=/home/lingbo11/zxm/rdma-kerndriver/compat/build/build_oqP8x >/dev/null 2>/home/lingbo11/zxm/rdma-kerndriver/compat/build/build_oqP8x/output.log; [ 0 -ne 0 ] && cat /home/lingbo11/zxm/rdma-kerndriver/compat/build/build_oqP8x/output.log 1>&2 && false || config/warning_filter.sh /home/lingbo11/zxm/rdma-kerndriver/compat/build/build_oqP8x/output.log
configure:24802: checking if exists netif_carrier_event
configure:23500: env CROSS_COMPILE= make -d modules LD=ld CC=gcc -f /home/lingbo11/zxm/rdma-kerndriver/compat/build/build_39pi1/Makefile MLNX_LINUX_CONFIG=/usr/src/linux-headers-5.4.0-86-generic/include/config/auto.conf LINUXINCLUDE=-include generated/autoconf.h -I/usr/src/linux-headers-5.4.0-86-generic/arch/x86/include/mach-xen -D__XEN_INTERFACE_VERSION__= -I/usr/src/linux-headers-5.4.0-86-generic/arch/x86/include -Iarch/x86/include/generated -Iinclude -I/usr/src/linux-headers-5.4.0-86-generic/arch/x86/include/uapi -Iarch/x86/include/generated/uapi -I/usr/src/linux-headers-5.4.0-86-generic/include -I/usr/src/linux-headers-5.4.0-86-generic/include/uapi -Iinclude/generated/uapi -I/usr/src/linux-headers-5.4.0-86-generic/arch/x86/include -Iarch/x86/include/generated -I/usr/src/linux-headers-5.4.0-86-generic/arch/x86/include -I/usr/src/linux-headers-5.4.0-86-generic/arch/x86/include/generated -I/usr/src/linux-headers-5.4.0-86-generic/include -I/usr/src/linux-headers-5.4.0-86-generic/include -I/usr/src/linux-headers-5.4.0-86-generic/include2 -include /usr/src/linux-headers-5.4.0-86-generic/include/linux/kconfig.h -o tmp_include_depends -o scripts -o include/config/MARKER -C /usr/src/linux-headers-5.4.0-86-generic EXTRA_CFLAGS=-Werror-implicit-function-declaration -Wno-unused-variable -Wno-uninitialized  CROSS_COMPILE= M=/home/lingbo11/zxm/rdma-kerndriver/compat/build/build_39pi1 >/dev/null 2>/home/lingbo11/zxm/rdma-kerndriver/compat/build/build_39pi1/output.log; [ 0 -ne 0 ] && cat /home/lingbo11/zxm/rdma-kerndriver/compat/build/build_39pi1/output.log 1>&2 && false || config/warning_filter.sh /home/lingbo11/zxm/rdma-kerndriver/compat/build/build_39pi1/output.log
configure:24954: checking if netif_device_present get const
configure:23656: env CROSS_COMPILE= make -d modules LD=ld CC=gcc -f /home/lingbo11/zxm/rdma-kerndriver/compat/build/build_LORYc/Makefile MLNX_LINUX_CONFIG=/usr/src/linux-headers-5.4.0-86-generic/include/config/auto.conf LINUXINCLUDE=-include generated/autoconf.h -I/usr/src/linux-headers-5.4.0-86-generic/arch/x86/include/mach-xen -D__XEN_INTERFACE_VERSION__= -I/usr/src/linux-headers-5.4.0-86-generic/arch/x86/include -Iarch/x86/include/generated -Iinclude -I/usr/src/linux-headers-5.4.0-86-generic/arch/x86/include/uapi -Iarch/x86/include/generated/uapi -I/usr/src/linux-headers-5.4.0-86-generic/include -I/usr/src/linux-headers-5.4.0-86-generic/include/uapi -Iinclude/generated/uapi -I/usr/src/linux-headers-5.4.0-86-generic/arch/x86/include -Iarch/x86/include/generated -I/usr/src/linux-headers-5.4.0-86-generic/arch/x86/include -I/usr/src/linux-headers-5.4.0-86-generic/arch/x86/include/generated -I/usr/src/linux-headers-5.4.0-86-generic/include -I/usr/src/linux-headers-5.4.0-86-generic/include -I/usr/src/linux-headers-5.4.0-86-generic/include2 -include /usr/src/linux-headers-5.4.0-86-generic/include/linux/kconfig.h -o tmp_include_depends -o scripts -o include/config/MARKER -C /usr/src/linux-headers-5.4.0-86-generic EXTRA_CFLAGS=-Werror-implicit-function-declaration -Wno-unused-variable -Wno-uninitialized  CROSS_COMPILE= M=/home/lingbo11/zxm/rdma-kerndriver/compat/build/build_LORYc >/dev/null 2>/home/lingbo11/zxm/rdma-kerndriver/compat/build/build_LORYc/output.log; [ 0 -ne 0 ] && cat /home/lingbo11/zxm/rdma-kerndriver/compat/build/build_LORYc/output.log 1>&2 && false || config/warning_filter.sh /home/lingbo11/zxm/rdma-kerndriver/compat/build/build_LORYc/output.log
configure:25108: checking if struct devlink_port has attrs.switch_port
configure:25264: checking if struct devlink_port has attrs.switch_id
configure:25420: checking if struct net_device has devlink_port
configure:23992: env CROSS_COMPILE= make -d modules LD=ld CC=gcc -f /home/lingbo11/zxm/rdma-kerndriver/compat/build/build_fO9i7/Makefile MLNX_LINUX_CONFIG=/usr/src/linux-headers-5.4.0-86-generic/include/config/auto.conf LINUXINCLUDE=-include generated/autoconf.h -I/usr/src/linux-headers-5.4.0-86-generic/arch/x86/include/mach-xen -D__XEN_INTERFACE_VERSION__= -I/usr/src/linux-headers-5.4.0-86-generic/arch/x86/include -Iarch/x86/include/generated -Iinclude -I/usr/src/linux-headers-5.4.0-86-generic/arch/x86/include/uapi -Iarch/x86/include/generated/uapi -I/usr/src/linux-headers-5.4.0-86-generic/include -I/usr/src/linux-headers-5.4.0-86-generic/include/uapi -Iinclude/generated/uapi -I/usr/src/linux-headers-5.4.0-86-generic/arch/x86/include -Iarch/x86/include/generated -I/usr/src/linux-headers-5.4.0-86-generic/arch/x86/include -I/usr/src/linux-headers-5.4.0-86-generic/arch/x86/include/generated -I/usr/src/linux-headers-5.4.0-86-generic/include -I/usr/src/linux-headers-5.4.0-86-generic/include -I/usr/src/linux-headers-5.4.0-86-generic/include2 -include /usr/src/linux-headers-5.4.0-86-generic/include/linux/kconfig.h -o tmp_include_depends -o scripts -o include/config/MARKER -C /usr/src/linux-headers-5.4.0-86-generic EXTRA_CFLAGS=-Werror-implicit-function-declaration -Wno-unused-variable -Wno-uninitialized  CROSS_COMPILE= M=/home/lingbo11/zxm/rdma-kerndriver/compat/build/build_fO9i7 >/dev/null 2>/home/lingbo11/zxm/rdma-kerndriver/compat/build/build_fO9i7/output.log; [ 0 -ne 0 ] && cat /home/lingbo11/zxm/rdma-kerndriver/compat/build/build_fO9i7/output.log 1>&2 && false || config/warning_filter.sh /home/lingbo11/zxm/rdma-kerndriver/compat/build/build_fO9i7/output.log
configure:23836: env CROSS_COMPILE= make -d modules LD=ld CC=gcc -f /home/lingbo11/zxm/rdma-kerndriver/compat/build/build_kw2WV/Makefile MLNX_LINUX_CONFIG=/usr/src/linux-headers-5.4.0-86-generic/include/config/auto.conf LINUXINCLUDE=-include generated/autoconf.h -I/usr/src/linux-headers-5.4.0-86-generic/arch/x86/include/mach-xen -D__XEN_INTERFACE_VERSION__= -I/usr/src/linux-headers-5.4.0-86-generic/arch/x86/include -Iarch/x86/include/generated -Iinclude -I/usr/src/linux-headers-5.4.0-86-generic/arch/x86/include/uapi -Iarch/x86/include/generated/uapi -I/usr/src/linux-headers-5.4.0-86-generic/include -I/usr/src/linux-headers-5.4.0-86-generic/include/uapi -Iinclude/generated/uapi -I/usr/src/linux-headers-5.4.0-86-generic/arch/x86/include -Iarch/x86/include/generated -I/usr/src/linux-headers-5.4.0-86-generic/arch/x86/include -I/usr/src/linux-headers-5.4.0-86-generic/arch/x86/include/generated -I/usr/src/linux-headers-5.4.0-86-generic/include -I/usr/src/linux-headers-5.4.0-86-generic/include -I/usr/src/linux-headers-5.4.0-86-generic/include2 -include /usr/src/linux-headers-5.4.0-86-generic/include/linux/kconfig.h -o tmp_include_depends -o scripts -o include/config/MARKER -C /usr/src/linux-headers-5.4.0-86-generic EXTRA_CFLAGS=-Werror-implicit-function-declaration -Wno-unused-variable -Wno-uninitialized  CROSS_COMPILE= M=/home/lingbo11/zxm/rdma-kerndriver/compat/build/build_kw2WV >/dev/null 2>/home/lingbo11/zxm/rdma-kerndriver/compat/build/build_kw2WV/output.log; [ 0 -ne 0 ] && cat /home/lingbo11/zxm/rdma-kerndriver/compat/build/build_kw2WV/output.log 1>&2 && false || config/warning_filter.sh /home/lingbo11/zxm/rdma-kerndriver/compat/build/build_kw2WV/output.log
configure:24164: env CROSS_COMPILE= make -d modules LD=ld CC=gcc -f /home/lingbo11/zxm/rdma-kerndriver/compat/build/build_ktNzl/Makefile MLNX_LINUX_CONFIG=/usr/src/linux-headers-5.4.0-86-generic/include/config/auto.conf LINUXINCLUDE=-include generated/autoconf.h -I/usr/src/linux-headers-5.4.0-86-generic/arch/x86/include/mach-xen -D__XEN_INTERFACE_VERSION__= -I/usr/src/linux-headers-5.4.0-86-generic/arch/x86/include -Iarch/x86/include/generated -Iinclude -I/usr/src/linux-headers-5.4.0-86-generic/arch/x86/include/uapi -Iarch/x86/include/generated/uapi -I/usr/src/linux-headers-5.4.0-86-generic/include -I/usr/src/linux-headers-5.4.0-86-generic/include/uapi -Iinclude/generated/uapi -I/usr/src/linux-headers-5.4.0-86-generic/arch/x86/include -Iarch/x86/include/generated -I/usr/src/linux-headers-5.4.0-86-generic/arch/x86/include -I/usr/src/linux-headers-5.4.0-86-generic/arch/x86/include/generated -I/usr/src/linux-headers-5.4.0-86-generic/include -I/usr/src/linux-headers-5.4.0-86-generic/include -I/usr/src/linux-headers-5.4.0-86-generic/include2 -include /usr/src/linux-headers-5.4.0-86-generic/include/linux/kconfig.h -o tmp_include_depends -o scripts -o include/config/MARKER -C /usr/src/linux-headers-5.4.0-86-generic EXTRA_CFLAGS=-Werror-implicit-function-declaration -Wno-unused-variable -Wno-uninitialized  CROSS_COMPILE= M=/home/lingbo11/zxm/rdma-kerndriver/compat/build/build_ktNzl >/dev/null 2>/home/lingbo11/zxm/rdma-kerndriver/compat/build/build_ktNzl/output.log; [ 0 -ne 0 ] && cat /home/lingbo11/zxm/rdma-kerndriver/compat/build/build_ktNzl/output.log 1>&2 && false || config/warning_filter.sh /home/lingbo11/zxm/rdma-kerndriver/compat/build/build_ktNzl/output.log
configure:25576: checking if struct net_device has lower_level
configure:25732: checking if netdev_lag_hash has NETDEV_LAG_HASH_VLAN_SRCMAC
configure:24314: env CROSS_COMPILE= make -d modules LD=ld CC=gcc -f /home/lingbo11/zxm/rdma-kerndriver/compat/build/build_dEFpK/Makefile MLNX_LINUX_CONFIG=/usr/src/linux-headers-5.4.0-86-generic/include/config/auto.conf LINUXINCLUDE=-include generated/autoconf.h -I/usr/src/linux-headers-5.4.0-86-generic/arch/x86/include/mach-xen -D__XEN_INTERFACE_VERSION__= -I/usr/src/linux-headers-5.4.0-86-generic/arch/x86/include -Iarch/x86/include/generated -Iinclude -I/usr/src/linux-headers-5.4.0-86-generic/arch/x86/include/uapi -Iarch/x86/include/generated/uapi -I/usr/src/linux-headers-5.4.0-86-generic/include -I/usr/src/linux-headers-5.4.0-86-generic/include/uapi -Iinclude/generated/uapi -I/usr/src/linux-headers-5.4.0-86-generic/arch/x86/include -Iarch/x86/include/generated -I/usr/src/linux-headers-5.4.0-86-generic/arch/x86/include -I/usr/src/linux-headers-5.4.0-86-generic/arch/x86/include/generated -I/usr/src/linux-headers-5.4.0-86-generic/include -I/usr/src/linux-headers-5.4.0-86-generic/include -I/usr/src/linux-headers-5.4.0-86-generic/include2 -include /usr/src/linux-headers-5.4.0-86-generic/include/linux/kconfig.h -o tmp_include_depends -o scripts -o include/config/MARKER -C /usr/src/linux-headers-5.4.0-86-generic EXTRA_CFLAGS=-Werror-implicit-function-declaration -Wno-unused-variable -Wno-uninitialized  CROSS_COMPILE= M=/home/lingbo11/zxm/rdma-kerndriver/compat/build/build_dEFpK >/dev/null 2>/home/lingbo11/zxm/rdma-kerndriver/compat/build/build_dEFpK/output.log; [ 0 -ne 0 ] && cat /home/lingbo11/zxm/rdma-kerndriver/compat/build/build_dEFpK/output.log 1>&2 && false || config/warning_filter.sh /home/lingbo11/zxm/rdma-kerndriver/compat/build/build_dEFpK/output.log
configure:24464: env CROSS_COMPILE= make -d modules LD=ld CC=gcc -f /home/lingbo11/zxm/rdma-kerndriver/compat/build/build_Tvhs0/Makefile MLNX_LINUX_CONFIG=/usr/src/linux-headers-5.4.0-86-generic/include/config/auto.conf LINUXINCLUDE=-include generated/autoconf.h -I/usr/src/linux-headers-5.4.0-86-generic/arch/x86/include/mach-xen -D__XEN_INTERFACE_VERSION__= -I/usr/src/linux-headers-5.4.0-86-generic/arch/x86/include -Iarch/x86/include/generated -Iinclude -I/usr/src/linux-headers-5.4.0-86-generic/arch/x86/include/uapi -Iarch/x86/include/generated/uapi -I/usr/src/linux-headers-5.4.0-86-generic/include -I/usr/src/linux-headers-5.4.0-86-generic/include/uapi -Iinclude/generated/uapi -I/usr/src/linux-headers-5.4.0-86-generic/arch/x86/include -Iarch/x86/include/generated -I/usr/src/linux-headers-5.4.0-86-generic/arch/x86/include -I/usr/src/linux-headers-5.4.0-86-generic/arch/x86/include/generated -I/usr/src/linux-headers-5.4.0-86-generic/include -I/usr/src/linux-headers-5.4.0-86-generic/include -I/usr/src/linux-headers-5.4.0-86-generic/include2 -include /usr/src/linux-headers-5.4.0-86-generic/include/linux/kconfig.h -o tmp_include_depends -o scripts -o include/config/MARKER -C /usr/src/linux-headers-5.4.0-86-generic EXTRA_CFLAGS=-Werror-implicit-function-declaration -Wno-unused-variable -Wno-uninitialized  CROSS_COMPILE= M=/home/lingbo11/zxm/rdma-kerndriver/compat/build/build_Tvhs0 >/dev/null 2>/home/lingbo11/zxm/rdma-kerndriver/compat/build/build_Tvhs0/output.log; [ 0 -ne 0 ] && cat /home/lingbo11/zxm/rdma-kerndriver/compat/build/build_Tvhs0/output.log 1>&2 && false || config/warning_filter.sh /home/lingbo11/zxm/rdma-kerndriver/compat/build/build_Tvhs0/output.log
configure:25884: checking if ethtool_link_ksettings has lanes
configure:26040: checking if ethtool.h kernel_ethtool_ringparam has tcp_data_split member
configure:24614: env CROSS_COMPILE= make -d modules LD=ld CC=gcc -f /home/lingbo11/zxm/rdma-kerndriver/compat/build/build_z2XP4/Makefile MLNX_LINUX_CONFIG=/usr/src/linux-headers-5.4.0-86-generic/include/config/auto.conf LINUXINCLUDE=-include generated/autoconf.h -I/usr/src/linux-headers-5.4.0-86-generic/arch/x86/include/mach-xen -D__XEN_INTERFACE_VERSION__= -I/usr/src/linux-headers-5.4.0-86-generic/arch/x86/include -Iarch/x86/include/generated -Iinclude -I/usr/src/linux-headers-5.4.0-86-generic/arch/x86/include/uapi -Iarch/x86/include/generated/uapi -I/usr/src/linux-headers-5.4.0-86-generic/include -I/usr/src/linux-headers-5.4.0-86-generic/include/uapi -Iinclude/generated/uapi -I/usr/src/linux-headers-5.4.0-86-generic/arch/x86/include -Iarch/x86/include/generated -I/usr/src/linux-headers-5.4.0-86-generic/arch/x86/include -I/usr/src/linux-headers-5.4.0-86-generic/arch/x86/include/generated -I/usr/src/linux-headers-5.4.0-86-generic/include -I/usr/src/linux-headers-5.4.0-86-generic/include -I/usr/src/linux-headers-5.4.0-86-generic/include2 -include /usr/src/linux-headers-5.4.0-86-generic/include/linux/kconfig.h -o tmp_include_depends -o scripts -o include/config/MARKER -C /usr/src/linux-headers-5.4.0-86-generic EXTRA_CFLAGS=-Werror-implicit-function-declaration -Wno-unused-variable -Wno-uninitialized  CROSS_COMPILE= M=/home/lingbo11/zxm/rdma-kerndriver/compat/build/build_z2XP4 >/dev/null 2>/home/lingbo11/zxm/rdma-kerndriver/compat/build/build_z2XP4/output.log; [ 0 -ne 0 ] && cat /home/lingbo11/zxm/rdma-kerndriver/compat/build/build_z2XP4/output.log 1>&2 && false || config/warning_filter.sh /home/lingbo11/zxm/rdma-kerndriver/compat/build/build_z2XP4/output.log
configure:24768: env CROSS_COMPILE= make -d modules LD=ld CC=gcc -f /home/lingbo11/zxm/rdma-kerndriver/compat/build/build_vwnfp/Makefile MLNX_LINUX_CONFIG=/usr/src/linux-headers-5.4.0-86-generic/include/config/auto.conf LINUXINCLUDE=-include generated/autoconf.h -I/usr/src/linux-headers-5.4.0-86-generic/arch/x86/include/mach-xen -D__XEN_INTERFACE_VERSION__= -I/usr/src/linux-headers-5.4.0-86-generic/arch/x86/include -Iarch/x86/include/generated -Iinclude -I/usr/src/linux-headers-5.4.0-86-generic/arch/x86/include/uapi -Iarch/x86/include/generated/uapi -I/usr/src/linux-headers-5.4.0-86-generic/include -I/usr/src/linux-headers-5.4.0-86-generic/include/uapi -Iinclude/generated/uapi -I/usr/src/linux-headers-5.4.0-86-generic/arch/x86/include -Iarch/x86/include/generated -I/usr/src/linux-headers-5.4.0-86-generic/arch/x86/include -I/usr/src/linux-headers-5.4.0-86-generic/arch/x86/include/generated -I/usr/src/linux-headers-5.4.0-86-generic/include -I/usr/src/linux-headers-5.4.0-86-generic/include -I/usr/src/linux-headers-5.4.0-86-generic/include2 -include /usr/src/linux-headers-5.4.0-86-generic/include/linux/kconfig.h -o tmp_include_depends -o scripts -o include/config/MARKER -C /usr/src/linux-headers-5.4.0-86-generic EXTRA_CFLAGS=-Werror-implicit-function-declaration -Wno-unused-variable -Wno-uninitialized  CROSS_COMPILE= M=/home/lingbo11/zxm/rdma-kerndriver/compat/build/build_vwnfp >/dev/null 2>/home/lingbo11/zxm/rdma-kerndriver/compat/build/build_vwnfp/output.log; [ 0 -ne 0 ] && cat /home/lingbo11/zxm/rdma-kerndriver/compat/build/build_vwnfp/output.log 1>&2 && false || config/warning_filter.sh /home/lingbo11/zxm/rdma-kerndriver/compat/build/build_vwnfp/output.log
configure:24920: env CROSS_COMPILE= make -d modules LD=ld CC=gcc -f /home/lingbo11/zxm/rdma-kerndriver/compat/build/build_ifBzW/Makefile MLNX_LINUX_CONFIG=/usr/src/linux-headers-5.4.0-86-generic/include/config/auto.conf LINUXINCLUDE=-include generated/autoconf.h -I/usr/src/linux-headers-5.4.0-86-generic/arch/x86/include/mach-xen -D__XEN_INTERFACE_VERSION__= -I/usr/src/linux-headers-5.4.0-86-generic/arch/x86/include -Iarch/x86/include/generated -Iinclude -I/usr/src/linux-headers-5.4.0-86-generic/arch/x86/include/uapi -Iarch/x86/include/generated/uapi -I/usr/src/linux-headers-5.4.0-86-generic/include -I/usr/src/linux-headers-5.4.0-86-generic/include/uapi -Iinclude/generated/uapi -I/usr/src/linux-headers-5.4.0-86-generic/arch/x86/include -Iarch/x86/include/generated -I/usr/src/linux-headers-5.4.0-86-generic/arch/x86/include -I/usr/src/linux-headers-5.4.0-86-generic/arch/x86/include/generated -I/usr/src/linux-headers-5.4.0-86-generic/include -I/usr/src/linux-headers-5.4.0-86-generic/include -I/usr/src/linux-headers-5.4.0-86-generic/include2 -include /usr/src/linux-headers-5.4.0-86-generic/include/linux/kconfig.h -o tmp_include_depends -o scripts -o include/config/MARKER -C /usr/src/linux-headers-5.4.0-86-generic EXTRA_CFLAGS=-Werror-implicit-function-declaration -Wno-unused-variable -Wno-uninitialized  CROSS_COMPILE= M=/home/lingbo11/zxm/rdma-kerndriver/compat/build/build_ifBzW >/dev/null 2>/home/lingbo11/zxm/rdma-kerndriver/compat/build/build_ifBzW/output.log; [ 0 -ne 0 ] && cat /home/lingbo11/zxm/rdma-kerndriver/compat/build/build_ifBzW/output.log 1>&2 && false || config/warning_filter.sh /home/lingbo11/zxm/rdma-kerndriver/compat/build/build_ifBzW/output.log
configure:25074: env CROSS_COMPILE= make -d modules LD=ld CC=gcc -f /home/lingbo11/zxm/rdma-kerndriver/compat/build/build_NtkOc/Makefile MLNX_LINUX_CONFIG=/usr/src/linux-headers-5.4.0-86-generic/include/config/auto.conf LINUXINCLUDE=-include generated/autoconf.h -I/usr/src/linux-headers-5.4.0-86-generic/arch/x86/include/mach-xen -D__XEN_INTERFACE_VERSION__= -I/usr/src/linux-headers-5.4.0-86-generic/arch/x86/include -Iarch/x86/include/generated -Iinclude -I/usr/src/linux-headers-5.4.0-86-generic/arch/x86/include/uapi -Iarch/x86/include/generated/uapi -I/usr/src/linux-headers-5.4.0-86-generic/include -I/usr/src/linux-headers-5.4.0-86-generic/include/uapi -Iinclude/generated/uapi -I/usr/src/linux-headers-5.4.0-86-generic/arch/x86/include -Iarch/x86/include/generated -I/usr/src/linux-headers-5.4.0-86-generic/arch/x86/include -I/usr/src/linux-headers-5.4.0-86-generic/arch/x86/include/generated -I/usr/src/linux-headers-5.4.0-86-generic/include -I/usr/src/linux-headers-5.4.0-86-generic/include -I/usr/src/linux-headers-5.4.0-86-generic/include2 -include /usr/src/linux-headers-5.4.0-86-generic/include/linux/kconfig.h -o tmp_include_depends -o scripts -o include/config/MARKER -C /usr/src/linux-headers-5.4.0-86-generic EXTRA_CFLAGS=-Werror-implicit-function-declaration -Wno-unused-variable -Wno-uninitialized  CROSS_COMPILE= M=/home/lingbo11/zxm/rdma-kerndriver/compat/build/build_NtkOc >/dev/null 2>/home/lingbo11/zxm/rdma-kerndriver/compat/build/build_NtkOc/output.log; [ 0 -ne 0 ] && cat /home/lingbo11/zxm/rdma-kerndriver/compat/build/build_NtkOc/output.log 1>&2 && false || config/warning_filter.sh /home/lingbo11/zxm/rdma-kerndriver/compat/build/build_NtkOc/output.log
configure:25230: env CROSS_COMPILE= make -d modules LD=ld CC=gcc -f /home/lingbo11/zxm/rdma-kerndriver/compat/build/build_FSQmH/Makefile MLNX_LINUX_CONFIG=/usr/src/linux-headers-5.4.0-86-generic/include/config/auto.conf LINUXINCLUDE=-include generated/autoconf.h -I/usr/src/linux-headers-5.4.0-86-generic/arch/x86/include/mach-xen -D__XEN_INTERFACE_VERSION__= -I/usr/src/linux-headers-5.4.0-86-generic/arch/x86/include -Iarch/x86/include/generated -Iinclude -I/usr/src/linux-headers-5.4.0-86-generic/arch/x86/include/uapi -Iarch/x86/include/generated/uapi -I/usr/src/linux-headers-5.4.0-86-generic/include -I/usr/src/linux-headers-5.4.0-86-generic/include/uapi -Iinclude/generated/uapi -I/usr/src/linux-headers-5.4.0-86-generic/arch/x86/include -Iarch/x86/include/generated -I/usr/src/linux-headers-5.4.0-86-generic/arch/x86/include -I/usr/src/linux-headers-5.4.0-86-generic/arch/x86/include/generated -I/usr/src/linux-headers-5.4.0-86-generic/include -I/usr/src/linux-headers-5.4.0-86-generic/include -I/usr/src/linux-headers-5.4.0-86-generic/include2 -include /usr/src/linux-headers-5.4.0-86-generic/include/linux/kconfig.h -o tmp_include_depends -o scripts -o include/config/MARKER -C /usr/src/linux-headers-5.4.0-86-generic EXTRA_CFLAGS=-Werror-implicit-function-declaration -Wno-unused-variable -Wno-uninitialized  CROSS_COMPILE= M=/home/lingbo11/zxm/rdma-kerndriver/compat/build/build_FSQmH >/dev/null 2>/home/lingbo11/zxm/rdma-kerndriver/compat/build/build_FSQmH/output.log; [ 0 -ne 0 ] && cat /home/lingbo11/zxm/rdma-kerndriver/compat/build/build_FSQmH/output.log 1>&2 && false || config/warning_filter.sh /home/lingbo11/zxm/rdma-kerndriver/compat/build/build_FSQmH/output.log
configure:25542: env CROSS_COMPILE= make -d modules LD=ld CC=gcc -f /home/lingbo11/zxm/rdma-kerndriver/compat/build/build_6b0V7/Makefile MLNX_LINUX_CONFIG=/usr/src/linux-headers-5.4.0-86-generic/include/config/auto.conf LINUXINCLUDE=-include generated/autoconf.h -I/usr/src/linux-headers-5.4.0-86-generic/arch/x86/include/mach-xen -D__XEN_INTERFACE_VERSION__= -I/usr/src/linux-headers-5.4.0-86-generic/arch/x86/include -Iarch/x86/include/generated -Iinclude -I/usr/src/linux-headers-5.4.0-86-generic/arch/x86/include/uapi -Iarch/x86/include/generated/uapi -I/usr/src/linux-headers-5.4.0-86-generic/include -I/usr/src/linux-headers-5.4.0-86-generic/include/uapi -Iinclude/generated/uapi -I/usr/src/linux-headers-5.4.0-86-generic/arch/x86/include -Iarch/x86/include/generated -I/usr/src/linux-headers-5.4.0-86-generic/arch/x86/include -I/usr/src/linux-headers-5.4.0-86-generic/arch/x86/include/generated -I/usr/src/linux-headers-5.4.0-86-generic/include -I/usr/src/linux-headers-5.4.0-86-generic/include -I/usr/src/linux-headers-5.4.0-86-generic/include2 -include /usr/src/linux-headers-5.4.0-86-generic/include/linux/kconfig.h -o tmp_include_depends -o scripts -o include/config/MARKER -C /usr/src/linux-headers-5.4.0-86-generic EXTRA_CFLAGS=-Werror-implicit-function-declaration -Wno-unused-variable -Wno-uninitialized  CROSS_COMPILE= M=/home/lingbo11/zxm/rdma-kerndriver/compat/build/build_6b0V7 >/dev/null 2>/home/lingbo11/zxm/rdma-kerndriver/compat/build/build_6b0V7/output.log; [ 0 -ne 0 ] && cat /home/lingbo11/zxm/rdma-kerndriver/compat/build/build_6b0V7/output.log 1>&2 && false || config/warning_filter.sh /home/lingbo11/zxm/rdma-kerndriver/compat/build/build_6b0V7/output.log
configure:25386: env CROSS_COMPILE= make -d modules LD=ld CC=gcc -f /home/lingbo11/zxm/rdma-kerndriver/compat/build/build_6YBXc/Makefile MLNX_LINUX_CONFIG=/usr/src/linux-headers-5.4.0-86-generic/include/config/auto.conf LINUXINCLUDE=-include generated/autoconf.h -I/usr/src/linux-headers-5.4.0-86-generic/arch/x86/include/mach-xen -D__XEN_INTERFACE_VERSION__= -I/usr/src/linux-headers-5.4.0-86-generic/arch/x86/include -Iarch/x86/include/generated -Iinclude -I/usr/src/linux-headers-5.4.0-86-generic/arch/x86/include/uapi -Iarch/x86/include/generated/uapi -I/usr/src/linux-headers-5.4.0-86-generic/include -I/usr/src/linux-headers-5.4.0-86-generic/include/uapi -Iinclude/generated/uapi -I/usr/src/linux-headers-5.4.0-86-generic/arch/x86/include -Iarch/x86/include/generated -I/usr/src/linux-headers-5.4.0-86-generic/arch/x86/include -I/usr/src/linux-headers-5.4.0-86-generic/arch/x86/include/generated -I/usr/src/linux-headers-5.4.0-86-generic/include -I/usr/src/linux-headers-5.4.0-86-generic/include -I/usr/src/linux-headers-5.4.0-86-generic/include2 -include /usr/src/linux-headers-5.4.0-86-generic/include/linux/kconfig.h -o tmp_include_depends -o scripts -o include/config/MARKER -C /usr/src/linux-headers-5.4.0-86-generic EXTRA_CFLAGS=-Werror-implicit-function-declaration -Wno-unused-variable -Wno-uninitialized  CROSS_COMPILE= M=/home/lingbo11/zxm/rdma-kerndriver/compat/build/build_6YBXc >/dev/null 2>/home/lingbo11/zxm/rdma-kerndriver/compat/build/build_6YBXc/output.log; [ 0 -ne 0 ] && cat /home/lingbo11/zxm/rdma-kerndriver/compat/build/build_6YBXc/output.log 1>&2 && false || config/warning_filter.sh /home/lingbo11/zxm/rdma-kerndriver/compat/build/build_6YBXc/output.log
configure:25698: env CROSS_COMPILE= make -d modules LD=ld CC=gcc -f /home/lingbo11/zxm/rdma-kerndriver/compat/build/build_8XQP3/Makefile MLNX_LINUX_CONFIG=/usr/src/linux-headers-5.4.0-86-generic/include/config/auto.conf LINUXINCLUDE=-include generated/autoconf.h -I/usr/src/linux-headers-5.4.0-86-generic/arch/x86/include/mach-xen -D__XEN_INTERFACE_VERSION__= -I/usr/src/linux-headers-5.4.0-86-generic/arch/x86/include -Iarch/x86/include/generated -Iinclude -I/usr/src/linux-headers-5.4.0-86-generic/arch/x86/include/uapi -Iarch/x86/include/generated/uapi -I/usr/src/linux-headers-5.4.0-86-generic/include -I/usr/src/linux-headers-5.4.0-86-generic/include/uapi -Iinclude/generated/uapi -I/usr/src/linux-headers-5.4.0-86-generic/arch/x86/include -Iarch/x86/include/generated -I/usr/src/linux-headers-5.4.0-86-generic/arch/x86/include -I/usr/src/linux-headers-5.4.0-86-generic/arch/x86/include/generated -I/usr/src/linux-headers-5.4.0-86-generic/include -I/usr/src/linux-headers-5.4.0-86-generic/include -I/usr/src/linux-headers-5.4.0-86-generic/include2 -include /usr/src/linux-headers-5.4.0-86-generic/include/linux/kconfig.h -o tmp_include_depends -o scripts -o include/config/MARKER -C /usr/src/linux-headers-5.4.0-86-generic EXTRA_CFLAGS=-Werror-implicit-function-declaration -Wno-unused-variable -Wno-uninitialized  CROSS_COMPILE= M=/home/lingbo11/zxm/rdma-kerndriver/compat/build/build_8XQP3 >/dev/null 2>/home/lingbo11/zxm/rdma-kerndriver/compat/build/build_8XQP3/output.log; [ 0 -ne 0 ] && cat /home/lingbo11/zxm/rdma-kerndriver/compat/build/build_8XQP3/output.log 1>&2 && false || config/warning_filter.sh /home/lingbo11/zxm/rdma-kerndriver/compat/build/build_8XQP3/output.log
configure:25850: env CROSS_COMPILE= make -d modules LD=ld CC=gcc -f /home/lingbo11/zxm/rdma-kerndriver/compat/build/build_arGPQ/Makefile MLNX_LINUX_CONFIG=/usr/src/linux-headers-5.4.0-86-generic/include/config/auto.conf LINUXINCLUDE=-include generated/autoconf.h -I/usr/src/linux-headers-5.4.0-86-generic/arch/x86/include/mach-xen -D__XEN_INTERFACE_VERSION__= -I/usr/src/linux-headers-5.4.0-86-generic/arch/x86/include -Iarch/x86/include/generated -Iinclude -I/usr/src/linux-headers-5.4.0-86-generic/arch/x86/include/uapi -Iarch/x86/include/generated/uapi -I/usr/src/linux-headers-5.4.0-86-generic/include -I/usr/src/linux-headers-5.4.0-86-generic/include/uapi -Iinclude/generated/uapi -I/usr/src/linux-headers-5.4.0-86-generic/arch/x86/include -Iarch/x86/include/generated -I/usr/src/linux-headers-5.4.0-86-generic/arch/x86/include -I/usr/src/linux-headers-5.4.0-86-generic/arch/x86/include/generated -I/usr/src/linux-headers-5.4.0-86-generic/include -I/usr/src/linux-headers-5.4.0-86-generic/include -I/usr/src/linux-headers-5.4.0-86-generic/include2 -include /usr/src/linux-headers-5.4.0-86-generic/include/linux/kconfig.h -o tmp_include_depends -o scripts -o include/config/MARKER -C /usr/src/linux-headers-5.4.0-86-generic EXTRA_CFLAGS=-Werror-implicit-function-declaration -Wno-unused-variable -Wno-uninitialized  CROSS_COMPILE= M=/home/lingbo11/zxm/rdma-kerndriver/compat/build/build_arGPQ >/dev/null 2>/home/lingbo11/zxm/rdma-kerndriver/compat/build/build_arGPQ/output.log; [ 0 -ne 0 ] && cat /home/lingbo11/zxm/rdma-kerndriver/compat/build/build_arGPQ/output.log 1>&2 && false || config/warning_filter.sh /home/lingbo11/zxm/rdma-kerndriver/compat/build/build_arGPQ/output.log
configure:26006: env CROSS_COMPILE= make -d modules LD=ld CC=gcc -f /home/lingbo11/zxm/rdma-kerndriver/compat/build/build_6oHN2/Makefile MLNX_LINUX_CONFIG=/usr/src/linux-headers-5.4.0-86-generic/include/config/auto.conf LINUXINCLUDE=-include generated/autoconf.h -I/usr/src/linux-headers-5.4.0-86-generic/arch/x86/include/mach-xen -D__XEN_INTERFACE_VERSION__= -I/usr/src/linux-headers-5.4.0-86-generic/arch/x86/include -Iarch/x86/include/generated -Iinclude -I/usr/src/linux-headers-5.4.0-86-generic/arch/x86/include/uapi -Iarch/x86/include/generated/uapi -I/usr/src/linux-headers-5.4.0-86-generic/include -I/usr/src/linux-headers-5.4.0-86-generic/include/uapi -Iinclude/generated/uapi -I/usr/src/linux-headers-5.4.0-86-generic/arch/x86/include -Iarch/x86/include/generated -I/usr/src/linux-headers-5.4.0-86-generic/arch/x86/include -I/usr/src/linux-headers-5.4.0-86-generic/arch/x86/include/generated -I/usr/src/linux-headers-5.4.0-86-generic/include -I/usr/src/linux-headers-5.4.0-86-generic/include -I/usr/src/linux-headers-5.4.0-86-generic/include2 -include /usr/src/linux-headers-5.4.0-86-generic/include/linux/kconfig.h -o tmp_include_depends -o scripts -o include/config/MARKER -C /usr/src/linux-headers-5.4.0-86-generic EXTRA_CFLAGS=-Werror-implicit-function-declaration -Wno-unused-variable -Wno-uninitialized  CROSS_COMPILE= M=/home/lingbo11/zxm/rdma-kerndriver/compat/build/build_6oHN2 >/dev/null 2>/home/lingbo11/zxm/rdma-kerndriver/compat/build/build_6oHN2/output.log; [ 0 -ne 0 ] && cat /home/lingbo11/zxm/rdma-kerndriver/compat/build/build_6oHN2/output.log 1>&2 && false || config/warning_filter.sh /home/lingbo11/zxm/rdma-kerndriver/compat/build/build_6oHN2/output.log

## ---------------- ##
## Cache variables. ##
## ---------------- ##

configure:24317: $? = 130
configure:25389: $? = 130
configure:24923: $? = 130
configure: failed program was:
configure: failed program was:
configure: failed program was:
configure:25853: $? = 130
configure:23839: $? = 130
configure:26009: $? = 130
configure:25077: $? = 130
configure: failed program was:
configure: failed program was:
configure:24467: $? = 130
configure: failed program was:
configure: failed program was:
configure: failed program was:
configure:23183: $? = 130
configure:23345: $? = 130
configure: failed program was:
configure:25545: $? = 130
configure:25701: $? = 130
configure: failed program was:
configure: failed program was:
configure: failed program was:
configure:24617: $? = 130
configure:25233: $? = 130
configure: failed program was:
configure: failed program was:
configure:23503: $? = 130
configure:21733: $? = 130
configure: failed program was:
configure: failed program was:
configure:23659: $? = 130
configure:22527: $? = 130
configure:24167: $? = 130
configure:22851: $? = 130
configure: failed program was:
configure: failed program was:
configure: failed program was:
configure: failed program was:
configure:22683: $? = 130
configure:21109: $? = 130
configure:22197: $? = 130
configure:22353: $? = 130
configure: failed program was:
configure: failed program was:
configure: failed program was:
configure: failed program was:
configure:20959: $? = 130
configure: failed program was:
configure:23017: $? = 130
configure:24771: $? = 130
configure:23995: $? = 130
configure:21279: $? = 130
configure:21429: $? = 130
configure: failed program was:
configure: failed program was:
configure:22041: $? = 130
configure: failed program was:
configure: failed program was:
configure: failed program was:
configure: failed program was:
configure:21583: $? = 130
configure: failed program was:
| /* confdefs.h.  */
| /* confdefs.h */
| #define PACKAGE_NAME "compat_mlnx"
| #define PACKAGE_TARNAME "compat_mlnx"
| #define PACKAGE_VERSION "2.3"
| #define PACKAGE_STRING "compat_mlnx 2.3"
| #define PACKAGE_BUGREPORT "http://support.mellanox.com/SupportWeb/service_center/SelfService"
| #define PACKAGE_URL ""
| #define PACKAGE "compat_mlnx"
| #define VERSION "2.3"
| #define STDC_HEADERS 1
| #define HAVE_SYS_TYPES_H 1
| #define HAVE_SYS_STAT_H 1
| #define HAVE_STDLIB_H 1
| #define HAVE_STRING_H 1
| #define HAVE_MEMORY_H 1
| #define HAVE_STRINGS_H 1
| #define HAVE_INTTYPES_H 1
| #define HAVE_STDINT_H 1
| #define HAVE_UNISTD_H 1
| #define SIZEOF_UNSIGNED_LONG_LONG 8
| /* end confdefs.h.  */
| 
| #include <linux/kernel.h>
| 
| 		#include <net/devlink.h>
| 
| int
| main (void)
| {
| 
| 		struct devlink_port *port;
| 
| 		port->attrs.switch_id.id_len = 0;
| 
| 		return 0;
| 
|   ;
|   return 0;
| }
| /* confdefs.h.  */
| /* confdefs.h */
| #define PACKAGE_NAME "compat_mlnx"
| #define PACKAGE_TARNAME "compat_mlnx"
| #define PACKAGE_VERSION "2.3"
| #define PACKAGE_STRING "compat_mlnx 2.3"
| #define PACKAGE_BUGREPORT "http://support.mellanox.com/SupportWeb/service_center/SelfService"
| #define PACKAGE_URL ""
| #define PACKAGE "compat_mlnx"
| #define VERSION "2.3"
| #define STDC_HEADERS 1
| #define HAVE_SYS_TYPES_H 1
| #define HAVE_SYS_STAT_H 1
| #define HAVE_STDLIB_H 1
| #define HAVE_STRING_H 1
| #define HAVE_MEMORY_H 1
| #define HAVE_STRINGS_H 1
| #define HAVE_INTTYPES_H 1
| #define HAVE_STDINT_H 1
| #define HAVE_UNISTD_H 1
| #define SIZEOF_UNSIGNED_LONG_LONG 8
| /* end confdefs.h.  */
| 
| #include <linux/kernel.h>
| 
| 		#include <net/devlink.h>
| 		#include <uapi/linux/devlink.h>
| 
| int
| main (void)
| {
| 
| 		int local_eswitch_encap_mode_get(struct devlink *devlink,
| 					      enum devlink_eswitch_encap_mode *p_encap_mode) {
| 			return 0;
| 		}
| 		int local_eswitch_encap_mode_set(struct devlink *devlink,
| 					      enum devlink_eswitch_encap_mode encap_mode,
| 					      struct netlink_ext_ack *extack) {
| 			return 0;
| 		}
| 
| 		struct devlink_ops dlops = {
| 			.eswitch_encap_mode_set = local_eswitch_encap_mode_set,
| 			.eswitch_encap_mode_get = local_eswitch_encap_mode_get,
| 		};
| 
| 		return 0;
| 
|   ;
|   return 0;
| }
| /* confdefs.h.  */
| /* confdefs.h */
| #define PACKAGE_NAME "compat_mlnx"
| #define PACKAGE_TARNAME "compat_mlnx"
| #define PACKAGE_VERSION "2.3"
| #define PACKAGE_STRING "compat_mlnx 2.3"
| #define PACKAGE_BUGREPORT "http://support.mellanox.com/SupportWeb/service_center/SelfService"
| #define PACKAGE_URL ""
| #define PACKAGE "compat_mlnx"
| #define VERSION "2.3"
| #define STDC_HEADERS 1
| #define HAVE_SYS_TYPES_H 1
| #define HAVE_SYS_STAT_H 1
| #define HAVE_STDLIB_H 1
| #define HAVE_STRING_H 1
| #define HAVE_MEMORY_H 1
| #define HAVE_STRINGS_H 1
| #define HAVE_INTTYPES_H 1
| #define HAVE_STDINT_H 1
| #define HAVE_UNISTD_H 1
| #define SIZEOF_UNSIGNED_LONG_LONG 8
| /* end confdefs.h.  */
| 
| #include <linux/kernel.h>
| 
| 		#include <net/devlink.h>
| 
| int
| main (void)
| {
| 
| 		struct devlink_ops dlops = {
| 			.port_fn_migratable_get = NULL,
| 			.port_fn_migratable_set = NULL,
| 			.port_fn_roce_get = NULL,
| 			.port_fn_roce_set = NULL,
| 		};
| 
| 		return 0;
| 
|   ;
|   return 0;
| }
| /* confdefs.h.  */
| /* confdefs.h */
| #define PACKAGE_NAME "compat_mlnx"
| #define PACKAGE_TARNAME "compat_mlnx"
| #define PACKAGE_VERSION "2.3"
| #define PACKAGE_STRING "compat_mlnx 2.3"
| #define PACKAGE_BUGREPORT "http://support.mellanox.com/SupportWeb/service_center/SelfService"
| #define PACKAGE_URL ""
| #define PACKAGE "compat_mlnx"
| #define VERSION "2.3"
| #define STDC_HEADERS 1
| #define HAVE_SYS_TYPES_H 1
| #define HAVE_SYS_STAT_H 1
| #define HAVE_STDLIB_H 1
| #define HAVE_STRING_H 1
| #define HAVE_MEMORY_H 1
| #define HAVE_STRINGS_H 1
| #define HAVE_INTTYPES_H 1
| #define HAVE_STDINT_H 1
| #define HAVE_UNISTD_H 1
| #define SIZEOF_UNSIGNED_LONG_LONG 8
| /* end confdefs.h.  */
| 
| #include <linux/kernel.h>
| 
| 		#include <linux/netdevice.h>
| 
| int
| main (void)
| {
| 
| 		int x = NETDEV_LAG_HASH_VLAN_SRCMAC;
| 
| 		return 0;
| 
|   ;
|   return 0;
| }
| /* confdefs.h.  */
| /* confdefs.h */
| #define PACKAGE_NAME "compat_mlnx"
| #define PACKAGE_TARNAME "compat_mlnx"
| #define PACKAGE_VERSION "2.3"
| #define PACKAGE_STRING "compat_mlnx 2.3"
| #define PACKAGE_BUGREPORT "http://support.mellanox.com/SupportWeb/service_center/SelfService"
| #define PACKAGE_URL ""
| #define PACKAGE "compat_mlnx"
| #define VERSION "2.3"
| #define STDC_HEADERS 1
| #define HAVE_SYS_TYPES_H 1
| #define HAVE_SYS_STAT_H 1
| #define HAVE_STDLIB_H 1
| #define HAVE_STRING_H 1
| #define HAVE_MEMORY_H 1
| #define HAVE_STRINGS_H 1
| #define HAVE_INTTYPES_H 1
| #define HAVE_STDINT_H 1
| #define HAVE_UNISTD_H 1
| #define SIZEOF_UNSIGNED_LONG_LONG 8
| /* end confdefs.h.  */
| 
| #include <linux/kernel.h>
| 
| 		#include <net/devlink.h>
| 
| int
| main (void)
| {
| 
| 		devlink_port_attrs_pci_pf_set(NULL, NULL, 0, 0);
| 		return 0;
| 
|   ;
|   return 0;
| }
| /* confdefs.h.  */
| /* confdefs.h */
| #define PACKAGE_NAME "compat_mlnx"
| #define PACKAGE_TARNAME "compat_mlnx"
| #define PACKAGE_VERSION "2.3"
| #define PACKAGE_STRING "compat_mlnx 2.3"
| #define PACKAGE_BUGREPORT "http://support.mellanox.com/SupportWeb/service_center/SelfService"
| #define PACKAGE_URL ""
| #define PACKAGE "compat_mlnx"
| #define VERSION "2.3"
| #define STDC_HEADERS 1
| #define HAVE_SYS_TYPES_H 1
| #define HAVE_SYS_STAT_H 1
| #define HAVE_STDLIB_H 1
| #define HAVE_STRING_H 1
| #define HAVE_MEMORY_H 1
| #define HAVE_STRINGS_H 1
| #define HAVE_INTTYPES_H 1
| #define HAVE_STDINT_H 1
| #define HAVE_UNISTD_H 1
| #define SIZEOF_UNSIGNED_LONG_LONG 8
| /* end confdefs.h.  */
| 
| #include <linux/kernel.h>
| 
| 		#include <linux/netdevice.h>
| 
| int
| main (void)
| {
| 
| 		netif_carrier_event(NULL);
| 
| 		return 0;
| 
|   ;
|   return 0;
| }
| /* confdefs.h.  */
| /* confdefs.h */
| #define PACKAGE_NAME "compat_mlnx"
| #define PACKAGE_TARNAME "compat_mlnx"
| #define PACKAGE_VERSION "2.3"
| #define PACKAGE_STRING "compat_mlnx 2.3"
| #define PACKAGE_BUGREPORT "http://support.mellanox.com/SupportWeb/service_center/SelfService"
| #define PACKAGE_URL ""
| #define PACKAGE "compat_mlnx"
| #define VERSION "2.3"
| #define STDC_HEADERS 1
| #define HAVE_SYS_TYPES_H 1
| #define HAVE_SYS_STAT_H 1
| #define HAVE_STDLIB_H 1
| #define HAVE_STRING_H 1
| #define HAVE_MEMORY_H 1
| #define HAVE_STRINGS_H 1
| #define HAVE_INTTYPES_H 1
| #define HAVE_STDINT_H 1
| #define HAVE_UNISTD_H 1
| #define SIZEOF_UNSIGNED_LONG_LONG 8
| /* end confdefs.h.  */
| 
| #include <linux/kernel.h>
| 
| 		#include <linux/netdevice.h>
| 
| int
| main (void)
| {
| 
| 		struct net_device *dev;
| 
| 		dev->devlink_port = NULL;
| 
| 		return 0;
| 
|   ;
|   return 0;
| }
| /* confdefs.h.  */
| /* confdefs.h */
| #define PACKAGE_NAME "compat_mlnx"
| #define PACKAGE_TARNAME "compat_mlnx"
| #define PACKAGE_VERSION "2.3"
| #define PACKAGE_STRING "compat_mlnx 2.3"
| #define PACKAGE_BUGREPORT "http://support.mellanox.com/SupportWeb/service_center/SelfService"
| #define PACKAGE_URL ""
| #define PACKAGE "compat_mlnx"
| #define VERSION "2.3"
| #define STDC_HEADERS 1
| #define HAVE_SYS_TYPES_H 1
| #define HAVE_SYS_STAT_H 1
| #define HAVE_STDLIB_H 1
| #define HAVE_STRING_H 1
| #define HAVE_MEMORY_H 1
| #define HAVE_STRINGS_H 1
| #define HAVE_INTTYPES_H 1
| #define HAVE_STDINT_H 1
| #define HAVE_UNISTD_H 1
| #define SIZEOF_UNSIGNED_LONG_LONG 8
| /* end confdefs.h.  */
| 
| #include <linux/kernel.h>
| 
| 		#include <net/devlink.h>
| 
| int
| main (void)
| {
| 
| 		devlink_port_attrs_pci_pf_set(NULL, 0);
| 		return 0;
| 
|   ;
|   return 0;
| }
| /* confdefs.h.  */
| /* confdefs.h */
| #define PACKAGE_NAME "compat_mlnx"
| #define PACKAGE_TARNAME "compat_mlnx"
| #define PACKAGE_VERSION "2.3"
| #define PACKAGE_STRING "compat_mlnx 2.3"
| #define PACKAGE_BUGREPORT "http://support.mellanox.com/SupportWeb/service_center/SelfService"
| #define PACKAGE_URL ""
| #define PACKAGE "compat_mlnx"
| #define VERSION "2.3"
| #define STDC_HEADERS 1
| #define HAVE_SYS_TYPES_H 1
| #define HAVE_SYS_STAT_H 1
| #define HAVE_STDLIB_H 1
| #define HAVE_STRING_H 1
| #define HAVE_MEMORY_H 1
| #define HAVE_STRINGS_H 1
| #define HAVE_INTTYPES_H 1
| #define HAVE_STDINT_H 1
| #define HAVE_UNISTD_H 1
| #define SIZEOF_UNSIGNED_LONG_LONG 8
| /* end confdefs.h.  */
| 
| #include <linux/kernel.h>
| 
| 		#include <linux/netdevice.h>
| 
| int
| main (void)
| {
| 
| 		struct net_device dev;
| 
| 		dev.lower_level = 1;
| 
| 		return 0;
| 
|   ;
|   return 0;
| }
| /* confdefs.h.  */
| /* confdefs.h */
| #define PACKAGE_NAME "compat_mlnx"
| #define PACKAGE_TARNAME "compat_mlnx"
| #define PACKAGE_VERSION "2.3"
| #define PACKAGE_STRING "compat_mlnx 2.3"
| #define PACKAGE_BUGREPORT "http://support.mellanox.com/SupportWeb/service_center/SelfService"
| #define PACKAGE_URL ""
| #define PACKAGE "compat_mlnx"
| #define VERSION "2.3"
| #define STDC_HEADERS 1
| #define HAVE_SYS_TYPES_H 1
| #define HAVE_SYS_STAT_H 1
| #define HAVE_STDLIB_H 1
| #define HAVE_STRING_H 1
| #define HAVE_MEMORY_H 1
| #define HAVE_STRINGS_H 1
| #define HAVE_INTTYPES_H 1
| #define HAVE_STDINT_H 1
| #define HAVE_UNISTD_H 1
| #define SIZEOF_UNSIGNED_LONG_LONG 8
| /* end confdefs.h.  */
| 
| #include <linux/kernel.h>
| 
| 		#include <net/devlink.h>
| 
| int
| main (void)
| {
| 
| 		devlink_port_attrs_pci_pf_set(NULL, 1, 0, 0);
| 		return 0;
| 
|   ;
|   return 0;
| }
configure:21889: $? = 130
| /* confdefs.h.  */
| /* confdefs.h */
| #define PACKAGE_NAME "compat_mlnx"
| #define PACKAGE_TARNAME "compat_mlnx"
| #define PACKAGE_VERSION "2.3"
| #define PACKAGE_STRING "compat_mlnx 2.3"
| #define PACKAGE_BUGREPORT "http://support.mellanox.com/SupportWeb/service_center/SelfService"
| #define PACKAGE_URL ""
| #define PACKAGE "compat_mlnx"
| #define VERSION "2.3"
| #define STDC_HEADERS 1
| #define HAVE_SYS_TYPES_H 1
| #define HAVE_SYS_STAT_H 1
| #define HAVE_STDLIB_H 1
| #define HAVE_STRING_H 1
| #define HAVE_MEMORY_H 1
| #define HAVE_STRINGS_H 1
| #define HAVE_INTTYPES_H 1
| #define HAVE_STDINT_H 1
| #define HAVE_UNISTD_H 1
| #define SIZEOF_UNSIGNED_LONG_LONG 8
| /* end confdefs.h.  */
| 
| #include <linux/kernel.h>
| 
| 		#include <net/devlink.h>
| 
| int
| main (void)
| {
| 
| 		devlink_trap_groups_register(NULL, NULL, 0);
| 		return 0;
| 
|   ;
|   return 0;
| }
| /* confdefs.h.  */
| /* confdefs.h */
| #define PACKAGE_NAME "compat_mlnx"
| #define PACKAGE_TARNAME "compat_mlnx"
| #define PACKAGE_VERSION "2.3"
| #define PACKAGE_STRING "compat_mlnx 2.3"
| #define PACKAGE_BUGREPORT "http://support.mellanox.com/SupportWeb/service_center/SelfService"
| #define PACKAGE_URL ""
| #define PACKAGE "compat_mlnx"
| #define VERSION "2.3"
| #define STDC_HEADERS 1
| #define HAVE_SYS_TYPES_H 1
| #define HAVE_SYS_STAT_H 1
| #define HAVE_STDLIB_H 1
| #define HAVE_STRING_H 1
| #define HAVE_MEMORY_H 1
| #define HAVE_STRINGS_H 1
| #define HAVE_INTTYPES_H 1
| #define HAVE_STDINT_H 1
| #define HAVE_UNISTD_H 1
| #define SIZEOF_UNSIGNED_LONG_LONG 8
| /* end confdefs.h.  */
| 
| #include <linux/kernel.h>
| 
| 		#include <net/devlink.h>
| 
| int
| main (void)
| {
| 
| 		struct devlink_ops dlops = {
| 			.port_function_hw_addr_get = NULL,
| 			.port_function_hw_addr_set = NULL,
| 		};
| 
| 		return 0;
| 
|   ;
|   return 0;
| }
configure: failed program was:
| /* confdefs.h.  */
| /* confdefs.h */
| #define PACKAGE_NAME "compat_mlnx"
| #define PACKAGE_TARNAME "compat_mlnx"
| #define PACKAGE_VERSION "2.3"
| #define PACKAGE_STRING "compat_mlnx 2.3"
| #define PACKAGE_BUGREPORT "http://support.mellanox.com/SupportWeb/service_center/SelfService"
| #define PACKAGE_URL ""
| #define PACKAGE "compat_mlnx"
| #define VERSION "2.3"
| #define STDC_HEADERS 1
| #define HAVE_SYS_TYPES_H 1
| #define HAVE_SYS_STAT_H 1
| #define HAVE_STDLIB_H 1
| #define HAVE_STRING_H 1
| #define HAVE_MEMORY_H 1
| #define HAVE_STRINGS_H 1
| #define HAVE_INTTYPES_H 1
| #define HAVE_STDINT_H 1
| #define HAVE_UNISTD_H 1
| #define SIZEOF_UNSIGNED_LONG_LONG 8
| /* end confdefs.h.  */
| 
| #include <linux/kernel.h>
| 
| 		#include <linux/ethtool.h>
| 
| int
| main (void)
| {
| 
|                 struct ethtool_link_ksettings x = {
| 			.lanes = 0,
| 		};
| 
| 		return 0;
| 
|   ;
|   return 0;
| }
configure:25409: result: no
configure:24337: result: no
configure:25873: result: no
configure:23365: result: no
| /* confdefs.h.  */
| /* confdefs.h */
| #define PACKAGE_NAME "compat_mlnx"
| #define PACKAGE_TARNAME "compat_mlnx"
| #define PACKAGE_VERSION "2.3"
| #define PACKAGE_STRING "compat_mlnx 2.3"
| #define PACKAGE_BUGREPORT "http://support.mellanox.com/SupportWeb/service_center/SelfService"
| #define PACKAGE_URL ""
| #define PACKAGE "compat_mlnx"
| #define VERSION "2.3"
| #define STDC_HEADERS 1
| #define HAVE_SYS_TYPES_H 1
| #define HAVE_SYS_STAT_H 1
| #define HAVE_STDLIB_H 1
| #define HAVE_STRING_H 1
| #define HAVE_MEMORY_H 1
| #define HAVE_STRINGS_H 1
| #define HAVE_INTTYPES_H 1
| #define HAVE_STDINT_H 1
| #define HAVE_UNISTD_H 1
| #define SIZEOF_UNSIGNED_LONG_LONG 8
| /* end confdefs.h.  */
| 
| #include <linux/kernel.h>
| 
| 		#include <net/devlink.h>
| 
| int
| main (void)
| {
| 
| 		/* test for devlink_health_reporter and devlink_fmsg */
| 		struct devlink_health_reporter *r;
| 		struct devlink_fmsg *fmsg;
| 		int err;
| 
| 		devlink_health_reporter_destroy(r);
| 		devlink_health_reporter_priv(r);
| 
| 		err = devlink_health_report(r, NULL, NULL);
| 
| 		devlink_fmsg_arr_pair_nest_start(fmsg, "name");
| 		devlink_fmsg_arr_pair_nest_end(fmsg);
| 
| 		return 0;
| 
|   ;
|   return 0;
| }
configure:24487: result: no
| /* confdefs.h.  */
| /* confdefs.h */
| #define PACKAGE_NAME "compat_mlnx"
| #define PACKAGE_TARNAME "compat_mlnx"
| #define PACKAGE_VERSION "2.3"
| #define PACKAGE_STRING "compat_mlnx 2.3"
| #define PACKAGE_BUGREPORT "http://support.mellanox.com/SupportWeb/service_center/SelfService"
| #define PACKAGE_URL ""
| #define PACKAGE "compat_mlnx"
| #define VERSION "2.3"
| #define STDC_HEADERS 1
| #define HAVE_SYS_TYPES_H 1
| #define HAVE_SYS_STAT_H 1
| #define HAVE_STDLIB_H 1
| #define HAVE_STRING_H 1
| #define HAVE_MEMORY_H 1
| #define HAVE_STRINGS_H 1
| #define HAVE_INTTYPES_H 1
| #define HAVE_STDINT_H 1
| #define HAVE_UNISTD_H 1
| #define SIZEOF_UNSIGNED_LONG_LONG 8
| /* end confdefs.h.  */
| 
| #include <linux/kernel.h>
| 
| 		#include <net/devlink.h>
| 
| int
| main (void)
| {
| 
| 		struct devlink_ops dlops = {
| 			.rate_leaf_tx_share_set = NULL,
| 		};
| 
| 		return 0;
| 
|   ;
|   return 0;
| }
| /* confdefs.h.  */
| /* confdefs.h */
| #define PACKAGE_NAME "compat_mlnx"
| #define PACKAGE_TARNAME "compat_mlnx"
| #define PACKAGE_VERSION "2.3"
| #define PACKAGE_STRING "compat_mlnx 2.3"
| #define PACKAGE_BUGREPORT "http://support.mellanox.com/SupportWeb/service_center/SelfService"
| #define PACKAGE_URL ""
| #define PACKAGE "compat_mlnx"
| #define VERSION "2.3"
| #define STDC_HEADERS 1
| #define HAVE_SYS_TYPES_H 1
| #define HAVE_SYS_STAT_H 1
| #define HAVE_STDLIB_H 1
| #define HAVE_STRING_H 1
| #define HAVE_MEMORY_H 1
| #define HAVE_STRINGS_H 1
| #define HAVE_INTTYPES_H 1
| #define HAVE_STDINT_H 1
| #define HAVE_UNISTD_H 1
| #define SIZEOF_UNSIGNED_LONG_LONG 8
| /* end confdefs.h.  */
| 
| #include <linux/kernel.h>
| 
| 		#include <net/devlink.h>
| 		#include <linux/netlink.h>
| 
| 		static int flash_update_func(struct devlink *devlink,
| 			    struct devlink_flash_update_params *params,
| 			    struct netlink_ext_ack *extack)
| 		{
| 			return 0;
| 		}
| 
| int
| main (void)
| {
| 
| 		struct devlink_ops dlops = {
| 			.flash_update = flash_update_func,
| 		};
| 
| 		return 0;
| 
|   ;
|   return 0;
| }
configure:25721: result: no
configure:24943: result: no
configure:23523: result: no
configure:21753: result: no
configure:25565: result: no
configure:24637: result: no
configure:23859: result: no
| /* confdefs.h.  */
| /* confdefs.h */
| #define PACKAGE_NAME "compat_mlnx"
| #define PACKAGE_TARNAME "compat_mlnx"
| #define PACKAGE_VERSION "2.3"
| #define PACKAGE_STRING "compat_mlnx 2.3"
| #define PACKAGE_BUGREPORT "http://support.mellanox.com/SupportWeb/service_center/SelfService"
| #define PACKAGE_URL ""
| #define PACKAGE "compat_mlnx"
| #define VERSION "2.3"
| #define STDC_HEADERS 1
| #define HAVE_SYS_TYPES_H 1
| #define HAVE_SYS_STAT_H 1
| #define HAVE_STDLIB_H 1
| #define HAVE_STRING_H 1
| #define HAVE_MEMORY_H 1
| #define HAVE_STRINGS_H 1
| #define HAVE_INTTYPES_H 1
| #define HAVE_STDINT_H 1
| #define HAVE_UNISTD_H 1
| #define SIZEOF_UNSIGNED_LONG_LONG 8
| /* end confdefs.h.  */
| 
| #include <linux/kernel.h>
| 
| 		#include <net/devlink.h>
| 
| int
| main (void)
| {
| 
| 		struct devlink_port *port;
| 
| 		port->attrs.switch_port = true;
| 
| 		return 0;
| 
|   ;
|   return 0;
| }
| /* confdefs.h.  */
| /* confdefs.h */
| #define PACKAGE_NAME "compat_mlnx"
| #define PACKAGE_TARNAME "compat_mlnx"
| #define PACKAGE_VERSION "2.3"
| #define PACKAGE_STRING "compat_mlnx 2.3"
| #define PACKAGE_BUGREPORT "http://support.mellanox.com/SupportWeb/service_center/SelfService"
| #define PACKAGE_URL ""
| #define PACKAGE "compat_mlnx"
| #define VERSION "2.3"
| #define STDC_HEADERS 1
| #define HAVE_SYS_TYPES_H 1
| #define HAVE_SYS_STAT_H 1
| #define HAVE_STDLIB_H 1
| #define HAVE_STRING_H 1
| #define HAVE_MEMORY_H 1
| #define HAVE_STRINGS_H 1
| #define HAVE_INTTYPES_H 1
| #define HAVE_STDINT_H 1
| #define HAVE_UNISTD_H 1
| #define SIZEOF_UNSIGNED_LONG_LONG 8
| /* end confdefs.h.  */
| 
| #include <linux/kernel.h>
| 
| 		#include <net/devlink.h>
| 
| int
| main (void)
| {
| 
| 		struct devlink_health_reporter *r;
| 
| 		r = devlink_health_reporter_create(NULL, NULL, 0, NULL);
| 
| 		return 0;
| 
|   ;
|   return 0;
| }
| /* confdefs.h.  */
| /* confdefs.h */
| #define PACKAGE_NAME "compat_mlnx"
| #define PACKAGE_TARNAME "compat_mlnx"
| #define PACKAGE_VERSION "2.3"
| #define PACKAGE_STRING "compat_mlnx 2.3"
| #define PACKAGE_BUGREPORT "http://support.mellanox.com/SupportWeb/service_center/SelfService"
| #define PACKAGE_URL ""
| #define PACKAGE "compat_mlnx"
| #define VERSION "2.3"
| #define STDC_HEADERS 1
| #define HAVE_SYS_TYPES_H 1
| #define HAVE_SYS_STAT_H 1
| #define HAVE_STDLIB_H 1
| #define HAVE_STRING_H 1
| #define HAVE_MEMORY_H 1
| #define HAVE_STRINGS_H 1
| #define HAVE_INTTYPES_H 1
| #define HAVE_STDINT_H 1
| #define HAVE_UNISTD_H 1
| #define SIZEOF_UNSIGNED_LONG_LONG 8
| /* end confdefs.h.  */
| 
| #include <linux/kernel.h>
| 
| 		#include <linux/netdevice.h>
| 
| int
| main (void)
| {
| 
| 		const struct net_device *dev;
| 		netif_device_present(dev);
| 
| 		return 0;
| 
|   ;
|   return 0;
| }
configure:26029: result: no
configure:24187: result: no
configure:23679: result: no
configure:22547: result: no
| /* confdefs.h.  */
| /* confdefs.h */
| #define PACKAGE_NAME "compat_mlnx"
| #define PACKAGE_TARNAME "compat_mlnx"
| #define PACKAGE_VERSION "2.3"
| #define PACKAGE_STRING "compat_mlnx 2.3"
| #define PACKAGE_BUGREPORT "http://support.mellanox.com/SupportWeb/service_center/SelfService"
| #define PACKAGE_URL ""
| #define PACKAGE "compat_mlnx"
| #define VERSION "2.3"
| #define STDC_HEADERS 1
| #define HAVE_SYS_TYPES_H 1
| #define HAVE_SYS_STAT_H 1
| #define HAVE_STDLIB_H 1
| #define HAVE_STRING_H 1
| #define HAVE_MEMORY_H 1
| #define HAVE_STRINGS_H 1
| #define HAVE_INTTYPES_H 1
| #define HAVE_STDINT_H 1
| #define HAVE_UNISTD_H 1
| #define SIZEOF_UNSIGNED_LONG_LONG 8
| /* end confdefs.h.  */
| 
| #include <linux/kernel.h>
| 
| 		#include <net/devlink.h>
| 		int mlx5_devlink_eswitch_mode_set(struct devlink *devlink, u16 mode,
| 		                                struct netlink_ext_ack *extack) {
| 			return 0;
| 		}
| 
| int
| main (void)
| {
| 
| 		static const struct devlink_ops dlops = {
| 			.eswitch_mode_set = mlx5_devlink_eswitch_mode_set,
| 		};
| 		dlops.eswitch_mode_set(NULL, 0, NULL);
| 
| 		return 0;
| 
|   ;
|   return 0;
| }
| /* confdefs.h.  */
| /* confdefs.h */
| #define PACKAGE_NAME "compat_mlnx"
| #define PACKAGE_TARNAME "compat_mlnx"
| #define PACKAGE_VERSION "2.3"
| #define PACKAGE_STRING "compat_mlnx 2.3"
| #define PACKAGE_BUGREPORT "http://support.mellanox.com/SupportWeb/service_center/SelfService"
| #define PACKAGE_URL ""
| #define PACKAGE "compat_mlnx"
| #define VERSION "2.3"
| #define STDC_HEADERS 1
| #define HAVE_SYS_TYPES_H 1
| #define HAVE_SYS_STAT_H 1
| #define HAVE_STDLIB_H 1
| #define HAVE_STRING_H 1
| #define HAVE_MEMORY_H 1
| #define HAVE_STRINGS_H 1
| #define HAVE_INTTYPES_H 1
| #define HAVE_STDINT_H 1
| #define HAVE_UNISTD_H 1
| #define SIZEOF_UNSIGNED_LONG_LONG 8
| /* end confdefs.h.  */
| 
| #include <linux/kernel.h>
| 
| 		#include <net/devlink.h>
| 
| int
| main (void)
| {
| 
| 		int n = DEVLINK_TRAP_GENERIC_ID_DMAC_FILTER;
| 		return 0;
| 
|   ;
|   return 0;
| }
| /* confdefs.h.  */
| /* confdefs.h */
| #define PACKAGE_NAME "compat_mlnx"
| #define PACKAGE_TARNAME "compat_mlnx"
| #define PACKAGE_VERSION "2.3"
| #define PACKAGE_STRING "compat_mlnx 2.3"
| #define PACKAGE_BUGREPORT "http://support.mellanox.com/SupportWeb/service_center/SelfService"
| #define PACKAGE_URL ""
| #define PACKAGE "compat_mlnx"
| #define VERSION "2.3"
| #define STDC_HEADERS 1
| #define HAVE_SYS_TYPES_H 1
| #define HAVE_SYS_STAT_H 1
| #define HAVE_STDLIB_H 1
| #define HAVE_STRING_H 1
| #define HAVE_MEMORY_H 1
| #define HAVE_STRINGS_H 1
| #define HAVE_INTTYPES_H 1
| #define HAVE_STDINT_H 1
| #define HAVE_UNISTD_H 1
| #define SIZEOF_UNSIGNED_LONG_LONG 8
| /* end confdefs.h.  */
| 
| #include <linux/kernel.h>
| 
| 		#include <net/devlink.h>
| 
| int
| main (void)
| {
| 
| 		struct devlink_health_reporter *r;
| 
| 		r = devlink_health_reporter_create(NULL, NULL, 0, 0, NULL);
| 
| 		return 0;
| 
|   ;
|   return 0;
| }
| /* confdefs.h.  */
| /* confdefs.h */
| #define PACKAGE_NAME "compat_mlnx"
| #define PACKAGE_TARNAME "compat_mlnx"
| #define PACKAGE_VERSION "2.3"
| #define PACKAGE_STRING "compat_mlnx 2.3"
| #define PACKAGE_BUGREPORT "http://support.mellanox.com/SupportWeb/service_center/SelfService"
| #define PACKAGE_URL ""
| #define PACKAGE "compat_mlnx"
| #define VERSION "2.3"
| #define STDC_HEADERS 1
| #define HAVE_SYS_TYPES_H 1
| #define HAVE_SYS_STAT_H 1
| #define HAVE_STDLIB_H 1
| #define HAVE_STRING_H 1
| #define HAVE_MEMORY_H 1
| #define HAVE_STRINGS_H 1
| #define HAVE_INTTYPES_H 1
| #define HAVE_STDINT_H 1
| #define HAVE_UNISTD_H 1
| #define SIZEOF_UNSIGNED_LONG_LONG 8
| /* end confdefs.h.  */
| 
| #include <linux/kernel.h>
| 
| 		#include <net/devlink.h>
| 
| 		/* Only interested in function with arg u32 and not u16 */
| 		/* See upstream commit e2cde864a1d3e3626bfc8fa088fbc82b04ce66ed */
| 		int devlink_fmsg_binary_pair_put(struct devlink_fmsg *fmsg, const char *name, const void *value, u32 value_len);
| 
| int
| main (void)
| {
| 
| 		struct devlink_fmsg *fmsg;
| 		int err;
| 		int value;
| 
| 		err =  devlink_fmsg_binary_pair_put(fmsg, "name", &value, 2);
| 
| 		return 0;
| 
|   ;
|   return 0;
| }
| /* confdefs.h.  */
| /* confdefs.h */
| #define PACKAGE_NAME "compat_mlnx"
| #define PACKAGE_TARNAME "compat_mlnx"
| #define PACKAGE_VERSION "2.3"
| #define PACKAGE_STRING "compat_mlnx 2.3"
| #define PACKAGE_BUGREPORT "http://support.mellanox.com/SupportWeb/service_center/SelfService"
| #define PACKAGE_URL ""
| #define PACKAGE "compat_mlnx"
| #define VERSION "2.3"
| #define STDC_HEADERS 1
| #define HAVE_SYS_TYPES_H 1
| #define HAVE_SYS_STAT_H 1
| #define HAVE_STDLIB_H 1
| #define HAVE_STRING_H 1
| #define HAVE_MEMORY_H 1
| #define HAVE_STRINGS_H 1
| #define HAVE_INTTYPES_H 1
| #define HAVE_STDINT_H 1
| #define HAVE_UNISTD_H 1
| #define SIZEOF_UNSIGNED_LONG_LONG 8
| /* end confdefs.h.  */
| 
| #include <linux/kernel.h>
| 
| 		#include <net/devlink.h>
| 
| int
| main (void)
| {
| 
| 		struct devlink_ops dlops = {
| 			.flash_update = NULL,
| 		};
| 
| 		return 0;
| 
|   ;
|   return 0;
| }
| /* confdefs.h.  */
| /* confdefs.h */
| #define PACKAGE_NAME "compat_mlnx"
| #define PACKAGE_TARNAME "compat_mlnx"
| #define PACKAGE_VERSION "2.3"
| #define PACKAGE_STRING "compat_mlnx 2.3"
| #define PACKAGE_BUGREPORT "http://support.mellanox.com/SupportWeb/service_center/SelfService"
| #define PACKAGE_URL ""
| #define PACKAGE "compat_mlnx"
| #define VERSION "2.3"
| #define STDC_HEADERS 1
| #define HAVE_SYS_TYPES_H 1
| #define HAVE_SYS_STAT_H 1
| #define HAVE_STDLIB_H 1
| #define HAVE_STRING_H 1
| #define HAVE_MEMORY_H 1
| #define HAVE_STRINGS_H 1
| #define HAVE_INTTYPES_H 1
| #define HAVE_STDINT_H 1
| #define HAVE_UNISTD_H 1
| #define SIZEOF_UNSIGNED_LONG_LONG 8
| /* end confdefs.h.  */
| 
| #include <linux/kernel.h>
| 
| 		#include <net/devlink.h>
| 
| 		/* Only interested in function with arg u32 and not u16 */
| 		/* See upstream commit e2cde864a1d3e3626bfc8fa088fbc82b04ce66ed */
| 		void devlink_fmsg_binary_pair_put(struct devlink_fmsg *fmsg, const char *name, const void *value, u32 value_len);
| 
| int
| main (void)
| {
| 
| 		struct devlink_fmsg *fmsg;
| 		int value;
| 
| 		devlink_fmsg_binary_pair_put(fmsg, "name", &value, 2);
| 
| 		return 0;
| 
|   ;
|   return 0;
| }
| /* confdefs.h.  */
| /* confdefs.h */
| #define PACKAGE_NAME "compat_mlnx"
| #define PACKAGE_TARNAME "compat_mlnx"
| #define PACKAGE_VERSION "2.3"
| #define PACKAGE_STRING "compat_mlnx 2.3"
| #define PACKAGE_BUGREPORT "http://support.mellanox.com/SupportWeb/service_center/SelfService"
| #define PACKAGE_URL ""
| #define PACKAGE "compat_mlnx"
| #define VERSION "2.3"
| #define STDC_HEADERS 1
| #define HAVE_SYS_TYPES_H 1
| #define HAVE_SYS_STAT_H 1
| #define HAVE_STDLIB_H 1
| #define HAVE_STRING_H 1
| #define HAVE_MEMORY_H 1
| #define HAVE_STRINGS_H 1
| #define HAVE_INTTYPES_H 1
| #define HAVE_STDINT_H 1
| #define HAVE_UNISTD_H 1
| #define SIZEOF_UNSIGNED_LONG_LONG 8
| /* end confdefs.h.  */
| 
| #include <linux/kernel.h>
| 
| 		#include <net/devlink.h>
| 
| int
| main (void)
| {
| 
| 		struct devlink_flash_update_params *x;
| 		x->fw = NULL;
| 
| 		return 0;
| 
|   ;
|   return 0;
| }
configure:25253: result: no
configure:22373: result: no
| /* confdefs.h.  */
| /* confdefs.h */
| #define PACKAGE_NAME "compat_mlnx"
| #define PACKAGE_TARNAME "compat_mlnx"
| #define PACKAGE_VERSION "2.3"
| #define PACKAGE_STRING "compat_mlnx 2.3"
| #define PACKAGE_BUGREPORT "http://support.mellanox.com/SupportWeb/service_center/SelfService"
| #define PACKAGE_URL ""
| #define PACKAGE "compat_mlnx"
| #define VERSION "2.3"
| #define STDC_HEADERS 1
| #define HAVE_SYS_TYPES_H 1
| #define HAVE_SYS_STAT_H 1
| #define HAVE_STDLIB_H 1
| #define HAVE_STRING_H 1
| #define HAVE_MEMORY_H 1
| #define HAVE_STRINGS_H 1
| #define HAVE_INTTYPES_H 1
| #define HAVE_STDINT_H 1
| #define HAVE_UNISTD_H 1
| #define SIZEOF_UNSIGNED_LONG_LONG 8
| /* end confdefs.h.  */
| 
| #include <linux/kernel.h>
| 
| 		#include <net/devlink.h>
| 
| int
| main (void)
| {
| 
| 		struct devlink_trap t;
| 		return 0;
| 
|   ;
|   return 0;
| }
| /* confdefs.h.  */
| /* confdefs.h */
| #define PACKAGE_NAME "compat_mlnx"
| #define PACKAGE_TARNAME "compat_mlnx"
| #define PACKAGE_VERSION "2.3"
| #define PACKAGE_STRING "compat_mlnx 2.3"
| #define PACKAGE_BUGREPORT "http://support.mellanox.com/SupportWeb/service_center/SelfService"
| #define PACKAGE_URL ""
| #define PACKAGE "compat_mlnx"
| #define VERSION "2.3"
| #define STDC_HEADERS 1
| #define HAVE_SYS_TYPES_H 1
| #define HAVE_SYS_STAT_H 1
| #define HAVE_STDLIB_H 1
| #define HAVE_STRING_H 1
| #define HAVE_MEMORY_H 1
| #define HAVE_STRINGS_H 1
| #define HAVE_INTTYPES_H 1
| #define HAVE_STDINT_H 1
| #define HAVE_UNISTD_H 1
| #define SIZEOF_UNSIGNED_LONG_LONG 8
| /* end confdefs.h.  */
| 
| #include <linux/kernel.h>
| 
| 		#include <net/devlink.h>
| 
| int
| main (void)
| {
| 
| 		static const struct devlink_trap_group mlx5_trap_groups_arr[] = {
| 			DEVLINK_TRAP_GROUP_GENERIC(L2_DROPS, 0),
| 		};
| 		return 0;
| 
|   ;
|   return 0;
| }
| /* confdefs.h.  */
| /* confdefs.h */
| #define PACKAGE_NAME "compat_mlnx"
| #define PACKAGE_TARNAME "compat_mlnx"
| #define PACKAGE_VERSION "2.3"
| #define PACKAGE_STRING "compat_mlnx 2.3"
| #define PACKAGE_BUGREPORT "http://support.mellanox.com/SupportWeb/service_center/SelfService"
| #define PACKAGE_URL ""
| #define PACKAGE "compat_mlnx"
| #define VERSION "2.3"
| #define STDC_HEADERS 1
| #define HAVE_SYS_TYPES_H 1
| #define HAVE_SYS_STAT_H 1
| #define HAVE_STDLIB_H 1
| #define HAVE_STRING_H 1
| #define HAVE_MEMORY_H 1
| #define HAVE_STRINGS_H 1
| #define HAVE_INTTYPES_H 1
| #define HAVE_STDINT_H 1
| #define HAVE_UNISTD_H 1
| #define SIZEOF_UNSIGNED_LONG_LONG 8
| /* end confdefs.h.  */
| 
| #include <linux/kernel.h>
| 
| 		#include <net/devlink.h>
| 
| int
| main (void)
| {
| 
| 		struct devlink_fmsg *fmsg;
| 		int err;
| 		int value;
| 
| 		err =  devlink_fmsg_binary_put(fmsg, &value, 2);
| 
|   ;
|   return 0;
| }
| /* confdefs.h.  */
| /* confdefs.h */
| #define PACKAGE_NAME "compat_mlnx"
| #define PACKAGE_TARNAME "compat_mlnx"
| #define PACKAGE_VERSION "2.3"
| #define PACKAGE_STRING "compat_mlnx 2.3"
| #define PACKAGE_BUGREPORT "http://support.mellanox.com/SupportWeb/service_center/SelfService"
| #define PACKAGE_URL ""
| #define PACKAGE "compat_mlnx"
| #define VERSION "2.3"
| #define STDC_HEADERS 1
| #define HAVE_SYS_TYPES_H 1
| #define HAVE_SYS_STAT_H 1
| #define HAVE_STDLIB_H 1
| #define HAVE_STRING_H 1
| #define HAVE_MEMORY_H 1
| #define HAVE_STRINGS_H 1
| #define HAVE_INTTYPES_H 1
| #define HAVE_STDINT_H 1
| #define HAVE_UNISTD_H 1
| #define SIZEOF_UNSIGNED_LONG_LONG 8
| /* end confdefs.h.  */
| 
| #include <linux/kernel.h>
| 
| 		#include <net/devlink.h>
| 
| int
| main (void)
| {
| 
| 		devlink_trap_report(NULL, NULL, NULL, NULL, NULL);
| 		return 0;
| 
|   ;
|   return 0;
| }
| /* confdefs.h.  */
| /* confdefs.h */
| #define PACKAGE_NAME "compat_mlnx"
| #define PACKAGE_TARNAME "compat_mlnx"
| #define PACKAGE_VERSION "2.3"
| #define PACKAGE_STRING "compat_mlnx 2.3"
| #define PACKAGE_BUGREPORT "http://support.mellanox.com/SupportWeb/service_center/SelfService"
| #define PACKAGE_URL ""
| #define PACKAGE "compat_mlnx"
| #define VERSION "2.3"
| #define STDC_HEADERS 1
| #define HAVE_SYS_TYPES_H 1
| #define HAVE_SYS_STAT_H 1
| #define HAVE_STDLIB_H 1
| #define HAVE_STRING_H 1
| #define HAVE_MEMORY_H 1
| #define HAVE_STRINGS_H 1
| #define HAVE_INTTYPES_H 1
| #define HAVE_STDINT_H 1
| #define HAVE_UNISTD_H 1
| #define SIZEOF_UNSIGNED_LONG_LONG 8
| /* end confdefs.h.  */
| 
| #include <linux/kernel.h>
| 
| 		#include <net/devlink.h>
| 
| 		static int mlx5_devlink_trap_action_set(struct devlink *devlink,
| 							const struct devlink_trap *trap,
| 							enum devlink_trap_action action,
| 							struct netlink_ext_ack *extack)
| 		{
| 			return 0;
| 		}
| 
| int
| main (void)
| {
| 
| 		struct devlink_ops dlops = {
| 			.trap_action_set = mlx5_devlink_trap_action_set,
| 		};
| 		return 0;
| 
|   ;
|   return 0;
| }
| /* confdefs.h.  */
| /* confdefs.h */
| #define PACKAGE_NAME "compat_mlnx"
| #define PACKAGE_TARNAME "compat_mlnx"
| #define PACKAGE_VERSION "2.3"
| #define PACKAGE_STRING "compat_mlnx 2.3"
| #define PACKAGE_BUGREPORT "http://support.mellanox.com/SupportWeb/service_center/SelfService"
| #define PACKAGE_URL ""
| #define PACKAGE "compat_mlnx"
| #define VERSION "2.3"
| #define STDC_HEADERS 1
| #define HAVE_SYS_TYPES_H 1
| #define HAVE_SYS_STAT_H 1
| #define HAVE_STDLIB_H 1
| #define HAVE_STRING_H 1
| #define HAVE_MEMORY_H 1
| #define HAVE_STRINGS_H 1
| #define HAVE_INTTYPES_H 1
| #define HAVE_STDINT_H 1
| #define HAVE_UNISTD_H 1
| #define SIZEOF_UNSIGNED_LONG_LONG 8
| /* end confdefs.h.  */
| 
| #include <linux/kernel.h>
| 
| 		#include <net/devlink.h>
| 
| int
| main (void)
| {
| 
| 		devlink_port_health_reporter_destroy(NULL);
| 
| 		return 0;
| 
|   ;
|   return 0;
| }
| /* confdefs.h.  */
| /* confdefs.h */
| #define PACKAGE_NAME "compat_mlnx"
| #define PACKAGE_TARNAME "compat_mlnx"
| #define PACKAGE_VERSION "2.3"
| #define PACKAGE_STRING "compat_mlnx 2.3"
| #define PACKAGE_BUGREPORT "http://support.mellanox.com/SupportWeb/service_center/SelfService"
| #define PACKAGE_URL ""
| #define PACKAGE "compat_mlnx"
| #define VERSION "2.3"
| #define STDC_HEADERS 1
| #define HAVE_SYS_TYPES_H 1
| #define HAVE_SYS_STAT_H 1
| #define HAVE_STDLIB_H 1
| #define HAVE_STRING_H 1
| #define HAVE_MEMORY_H 1
| #define HAVE_STRINGS_H 1
| #define HAVE_INTTYPES_H 1
| #define HAVE_STDINT_H 1
| #define HAVE_UNISTD_H 1
| #define SIZEOF_UNSIGNED_LONG_LONG 8
| /* end confdefs.h.  */
| 
| #include <linux/kernel.h>
| 
| 		#include <net/devlink.h>
| 
| int
| main (void)
| {
| 
| 		struct devlink_health_reporter *r;
| 
| 		r = devlink_port_health_reporter_create(NULL, NULL, 0, NULL);
| 
| 		return 0;
| 
|   ;
|   return 0;
| }
configure:25097: result: no
configure:24015: result: no
configure:21909: result: no
configure:23037: result: no
configure:24791: result: no
configure:21449: result: no
configure:21603: result: no
configure:22217: result: no
configure:22871: result: no
configure:20979: result: no
configure:21299: result: no
configure:22703: result: no
configure:22061: result: no
configure:21129: result: no
configure:23203: result: no
ac_cv_build=x86_64-pc-linux-gnu
ac_cv_c_compiler_gnu=yes
ac_cv_env_CCASFLAGS_set=
ac_cv_env_CCASFLAGS_value=
ac_cv_env_CCAS_set=
ac_cv_env_CCAS_value=
ac_cv_env_CC_set=
ac_cv_env_CC_value=
ac_cv_env_CFLAGS_set=
ac_cv_env_CFLAGS_value=
ac_cv_env_CPPFLAGS_set=
ac_cv_env_CPPFLAGS_value=
ac_cv_env_CPP_set=
ac_cv_env_CPP_value=
ac_cv_env_LDFLAGS_set=
ac_cv_env_LDFLAGS_value=
ac_cv_env_LIBS_set=
ac_cv_env_LIBS_value=
ac_cv_env_build_alias_set=
ac_cv_env_build_alias_value=
ac_cv_env_host_alias_set=
ac_cv_env_host_alias_value=
ac_cv_env_target_alias_set=
ac_cv_env_target_alias_value=
ac_cv_header_inttypes_h=yes
ac_cv_header_memory_h=yes
ac_cv_header_stdc=yes
ac_cv_header_stdint_h=yes
ac_cv_header_stdlib_h=yes
ac_cv_header_string_h=yes
ac_cv_header_strings_h=yes
ac_cv_header_sys_stat_h=yes
ac_cv_header_sys_types_h=yes
ac_cv_header_unistd_h=yes
ac_cv_host=x86_64-pc-linux-gnu
ac_cv_objext=o
ac_cv_path_EGREP='/usr/bin/grep -E'
ac_cv_path_GREP=/usr/bin/grep
ac_cv_path_install='/usr/bin/install -c'
ac_cv_path_mkdir=/usr/bin/mkdir
ac_cv_prog_AWK=mawk
ac_cv_prog_CPP='gcc -E'
ac_cv_prog_ac_ct_AR=ar
ac_cv_prog_ac_ct_CC=gcc
ac_cv_prog_ac_ct_LD=ld
ac_cv_prog_ac_ct_OBJDUMP=objdump
ac_cv_prog_ac_ct_RANLIB=ranlib
ac_cv_prog_ac_ct_STRIP=strip
ac_cv_prog_cc_c89=
ac_cv_prog_cc_g=yes
ac_cv_prog_make_make_set=yes
ac_cv_sizeof_unsigned_long_long=8
ac_cv_target=x86_64-pc-linux-gnu
am_cv_CCAS_dependencies_compiler_type=none
am_cv_CC_dependencies_compiler_type=none
am_cv_make_support_nested_variables=yes
am_cv_prog_cc_c_o=yes
lb_cv_file__boot_kernel_h=no
lb_cv_file__usr_src_linux_headers_5_4_0_86_generic=yes
lb_cv_file__usr_src_linux_headers_5_4_0_86_generic_include_config_auto_conf=yes
lb_cv_file__usr_src_linux_headers_5_4_0_86_generic_include_linux_kconfig_h=yes
lb_cv_file__var_adm_running_kernel_h=no

## ----------------- ##
## Output variables. ##
## ----------------- ##

ACLOCAL='${SHELL} /home/lingbo11/zxm/rdma-kerndriver/compat/config/missing aclocal-1.15'
AMDEPBACKSLASH='\'
AMDEP_FALSE='#'
AMDEP_TRUE=''
AMTAR='$${TAR-tar}'
AM_BACKSLASH='\'
AM_DEFAULT_V='$(AM_DEFAULT_VERBOSITY)'
AM_DEFAULT_VERBOSITY='1'
AM_V='$(V)'
AR='ar'
ARCH_x86_FALSE=''
ARCH_x86_TRUE=''
AUTOCONF='${SHELL} /home/lingbo11/zxm/rdma-kerndriver/compat/config/missing autoconf'
AUTOHEADER='${SHELL} /home/lingbo11/zxm/rdma-kerndriver/compat/config/missing autoheader'
AUTOMAKE='${SHELL} /home/lingbo11/zxm/rdma-kerndriver/compat/config/missing automake-1.15'
AWK='mawk'
CC='gcc'
CCAS='gcc'
CCASDEPMODE='depmode=none'
CCASFLAGS='-g -O2'
CCDEPMODE='depmode=none'
CFLAGS='-g -O2'
CONFIG_INCLUDE='/usr/src/linux-headers-5.4.0-86-generic/include/linux/kconfig.h'
CPP='gcc -E'
CPPFLAGS=''
CROSS_VARS='CROSS_COMPILE='
CYGPATH_W='echo'
DEFS=''
DEPDIR='.deps'
ECHO_C=''
ECHO_N='-n'
ECHO_T=''
EGREP='/usr/bin/grep -E'
EXEEXT=''
EXTRA_KCFLAGS=''
GREP='/usr/bin/grep'
INSTALL_DATA='${INSTALL} -m 644'
INSTALL_PROGRAM='${INSTALL}'
INSTALL_SCRIPT='${INSTALL}'
INSTALL_STRIP_PROGRAM='$(install_sh) -c -s'
KMODEXT='.ko'
LD='ld'
LDFLAGS=''
LIBOBJS=''
LIBS=''
LINUX='/usr/src/linux-headers-5.4.0-86-generic'
LINUXRELEASE='5.4.133'
LINUX_CONFIG='/usr/src/linux-headers-5.4.0-86-generic/include/config/auto.conf'
LINUX_OBJ='/usr/src/linux-headers-5.4.0-86-generic'
LTLIBOBJS=''
MAKEINFO='${SHELL} /home/lingbo11/zxm/rdma-kerndriver/compat/config/missing makeinfo'
MKDIR_P='/usr/bin/mkdir -p'
OBJDUMP='objdump'
OBJEXT='o'
PACKAGE='compat_mlnx'
PACKAGE_BUGREPORT='http://support.mellanox.com/SupportWeb/service_center/SelfService'
PACKAGE_NAME='compat_mlnx'
PACKAGE_STRING='compat_mlnx 2.3'
PACKAGE_TARNAME='compat_mlnx'
PACKAGE_URL=''
PACKAGE_VERSION='2.3'
PATH_SEPARATOR=':'
RANLIB='ranlib'
RELEASE='5.4.133_'
SET_MAKE=''
SHELL='/bin/bash'
STRIP='strip'
SYMVERFILE='Module.symvers'
VERSION='2.3'
ac_ct_AR='ar'
ac_ct_CC='gcc'
am__EXEEXT_FALSE=''
am__EXEEXT_TRUE=''
am__fastdepCCAS_FALSE=''
am__fastdepCCAS_TRUE='#'
am__fastdepCC_FALSE=''
am__fastdepCC_TRUE='#'
am__include='include'
am__isrc=''
am__leading_dot='.'
am__nodep='_no'
am__quote=''
am__tar='$${TAR-tar} chof - "$$tardir"'
am__untar='$${TAR-tar} xf -'
bindir='${exec_prefix}/bin'
build='x86_64-pc-linux-gnu'
build_alias=''
build_cpu='x86_64'
build_os='linux-gnu'
build_vendor='pc'
datadir='${datarootdir}'
datarootdir='${prefix}/share'
docdir='${datarootdir}/doc/${PACKAGE_TARNAME}'
dvidir='${docdir}'
exec_prefix='NONE'
host='x86_64-pc-linux-gnu'
host_alias=''
host_cpu='x86_64'
host_os='linux-gnu'
host_vendor='pc'
htmldir='${docdir}'
includedir='${prefix}/include'
infodir='${datarootdir}/info'
install_sh='${SHELL} /home/lingbo11/zxm/rdma-kerndriver/compat/config/install-sh'
libdir='${exec_prefix}/lib'
libexecdir='${exec_prefix}/libexec'
localedir='${datarootdir}/locale'
localstatedir='${prefix}/var'
mandir='${datarootdir}/man'
mkdir_p='$(MKDIR_P)'
moduledir='/lib/modules/5.4.133/updates/kernel'
modulefsdir='$(moduledir)/fs/$(PACKAGE)'
modulenetdir='$(moduledir)/net/$(PACKAGE)'
oldincludedir='/usr/include'
pdfdir='${docdir}'
prefix='NONE'
program_transform_name='s,x,x,'
psdir='${docdir}'
runstatedir='${localstatedir}/run'
sbindir='${exec_prefix}/sbin'
sharedstatedir='${prefix}/com'
sysconfdir='${prefix}/etc'
target='x86_64-pc-linux-gnu'
target_alias=''
target_cpu='x86_64'
target_os='linux-gnu'
target_vendor='pc'

## ----------- ##
## confdefs.h. ##
## ----------- ##

/* confdefs.h */
#define PACKAGE_NAME "compat_mlnx"
#define PACKAGE_TARNAME "compat_mlnx"
#define PACKAGE_VERSION "2.3"
#define PACKAGE_STRING "compat_mlnx 2.3"
#define PACKAGE_BUGREPORT "http://support.mellanox.com/SupportWeb/service_center/SelfService"
#define PACKAGE_URL ""
#define PACKAGE "compat_mlnx"
#define VERSION "2.3"
#define STDC_HEADERS 1
#define HAVE_SYS_TYPES_H 1
#define HAVE_SYS_STAT_H 1
#define HAVE_STDLIB_H 1
#define HAVE_STRING_H 1
#define HAVE_MEMORY_H 1
#define HAVE_STRINGS_H 1
#define HAVE_INTTYPES_H 1
#define HAVE_STDINT_H 1
#define HAVE_UNISTD_H 1
#define SIZEOF_UNSIGNED_LONG_LONG 8

configure: caught signal 2
configure: exit 1
